month,customer_id,plan_type,seat_count,base_mrr_usd,discount_pct,mrr_usd,arr_usd,contract_type,renewal_month,subscription_status
2025-01-01,CUST-0001,Professional,59,599.0,0.1,1212.3,14547.6,Annual,2026-01-01,Active
2025-02-01,CUST-0001,Professional,58,599.0,0.1,1195.48,14345.78,Annual,2026-01-01,Active
2025-03-01,CUST-0001,Professional,65,599.0,0.1,1337.76,16053.07,Annual,2026-01-01,Active
2025-04-01,CUST-0001,Professional,70,599.0,0.1,1440.83,17289.91,Annual,2026-01-01,Active
2025-05-01,CUST-0001,Professional,63,599.0,0.1,1304.41,15652.98,Annual,2026-01-01,Active
2025-06-01,CUST-0001,Professional,64,599.0,0.1,1327.69,15932.29,Annual,2026-01-01,Active
2025-07-01,CUST-0001,Professional,65,599.0,0.1,1351.07,16212.8,Annual,2026-01-01,Active
2025-08-01,CUST-0001,Professional,63,599.0,0.1,1314.1,15769.22,Annual,2026-01-01,Active
2025-09-01,CUST-0001,Enterprise,100,2499.0,0.13,2217.61,26611.35,Annual,2026-01-01,Active
2025-10-01,CUST-0001,Enterprise,100,2499.0,0.13,2223.05,26676.58,Annual,2026-01-01,Active
2025-11-01,CUST-0001,Enterprise,100,2499.0,0.13,2228.48,26741.8,Annual,2026-01-01,Active
2025-12-01,CUST-0001,Enterprise,100,2499.0,0.13,2233.92,26807.02,Annual,2026-01-01,Active
2026-01-01,CUST-0001,Enterprise,100,2499.0,0.13,2239.35,26872.25,Annual,2027-01-01,Active
2026-02-01,CUST-0001,Enterprise,100,2499.0,0.13,2244.79,26937.47,Annual,2027-01-01,Active
2026-03-01,CUST-0001,Enterprise,100,2499.0,0.13,2250.22,27002.69,Annual,2027-01-01,Active
2026-04-01,CUST-0001,Enterprise,100,2499.0,0.13,2255.66,27067.92,Annual,2027-01-01,Active
2026-05-01,CUST-0001,Enterprise,100,2499.0,0.13,2261.1,27133.14,Annual,2027-01-01,Active
2026-06-01,CUST-0001,Enterprise,100,2499.0,0.13,2266.53,27198.37,Annual,2027-01-01,Active
2025-01-01,CUST-0002,Professional,25,599.0,0.1,545.84,6550.07,Annual,2026-08-01,Active
2025-02-01,CUST-0002,Professional,25,599.0,0.1,547.19,6566.24,Annual,2026-08-01,Active
2025-03-01,CUST-0002,Professional,25,599.0,0.1,548.53,6582.41,Annual,2026-08-01,Active
2025-04-01,CUST-0002,Professional,25,599.0,0.1,549.88,6598.58,Annual,2026-08-01,Active
2025-05-01,CUST-0002,Professional,25,599.0,0.1,551.23,6614.76,Annual,2026-08-01,Active
2025-06-01,CUST-0002,Professional,25,599.0,0.1,552.58,6630.93,Annual,2026-08-01,Active
2025-07-01,CUST-0002,Professional,25,599.0,0.1,553.93,6647.1,Annual,2026-08-01,Active
2025-08-01,CUST-0002,Professional,25,599.0,0.1,555.27,6663.28,Annual,2026-08-01,Active
2025-09-01,CUST-0002,Professional,25,599.0,0.1,556.62,6679.45,Annual,2026-08-01,Active
2025-10-01,CUST-0002,Professional,25,599.0,0.1,557.97,6695.62,Annual,2026-08-01,Active
2025-11-01,CUST-0002,Professional,25,599.0,0.1,559.32,6711.8,Annual,2026-08-01,Active
2025-12-01,CUST-0002,Enterprise,100,2499.0,0.13,2261.1,27133.14,Annual,2026-08-01,Active
2026-01-01,CUST-0002,Enterprise,100,2499.0,0.13,2266.53,27198.37,Annual,2027-08-01,Active
2026-02-01,CUST-0002,Enterprise,100,2499.0,0.13,2271.97,27263.59,Annual,2027-08-01,Active
2026-03-01,CUST-0002,Enterprise,100,2499.0,0.13,2277.4,27328.81,Annual,2027-08-01,Active
2026-04-01,CUST-0002,Enterprise,100,2499.0,0.13,2282.84,27394.04,Annual,2027-08-01,Active
2026-05-01,CUST-0002,Enterprise,100,2499.0,0.13,2288.27,27459.26,Annual,2027-08-01,Active
2026-06-01,CUST-0002,Enterprise,100,2499.0,0.13,2293.71,27524.49,Annual,2027-08-01,Active
2025-01-01,CUST-0003,Starter,12,149.0,0.0,251.94,3023.28,Monthly,2026-05-01,Active
2025-02-01,CUST-0003,Starter,12,149.0,0.0,252.56,3030.69,Monthly,2026-05-01,Active
2025-03-01,CUST-0003,Starter,12,149.0,0.0,253.17,3038.1,Monthly,2026-05-01,Active
2025-04-01,CUST-0003,Starter,12,149.0,0.0,253.79,3045.51,Monthly,2026-05-01,Active
2025-05-01,CUST-0003,Starter,13,149.0,0.0,268.83,3225.96,Monthly,2026-05-01,Active
2025-06-01,CUST-0003,Starter,13,149.0,0.0,269.48,3233.79,Monthly,2026-05-01,Active
2025-07-01,CUST-0003,Starter,13,149.0,0.0,270.13,3241.62,Monthly,2026-05-01,Active
2025-08-01,CUST-0003,Starter,11,149.0,0.0,241.74,2900.85,Monthly,2026-05-01,Active
2025-09-01,CUST-0003,Starter,13,149.0,0.0,271.44,3257.28,Monthly,2026-05-01,Active
2025-10-01,CUST-0003,Starter,12,149.0,0.0,257.5,3089.97,Monthly,2026-05-01,Active
2025-11-01,CUST-0003,Starter,13,149.0,0.0,272.75,3272.94,Monthly,2026-05-01,Active
2025-12-01,CUST-0003,Starter,13,149.0,0.0,273.4,3280.77,Monthly,2026-05-01,Active
2026-01-01,CUST-0003,Starter,14,149.0,0.0,288.75,3465.0,Monthly,2027-05-01,Active
2026-02-01,CUST-0003,Starter,13,149.0,0.0,274.7,3296.43,Monthly,2027-05-01,Active
2026-03-01,CUST-0003,Starter,14,149.0,0.0,290.12,3481.5,Monthly,2027-05-01,Active
2026-04-01,CUST-0003,Starter,14,149.0,0.0,290.81,3489.75,Monthly,2027-05-01,Active
2026-05-01,CUST-0003,Starter,13,149.0,0.0,276.66,3319.92,Monthly,2027-05-01,Active
2026-06-01,CUST-0003,Starter,13,149.0,0.0,277.31,3327.75,Monthly,2027-05-01,Active
2025-01-01,CUST-0004,Professional,74,599.0,0.0,1677.0,20124.0,Monthly,2026-01-01,Active
2025-02-01,CUST-0004,Professional,77,599.0,0.0,1747.36,20968.29,Monthly,2026-01-01,Active
2025-03-01,CUST-0004,Professional,79,599.0,0.0,1795.93,21551.22,Monthly,2026-01-01,Active
2025-04-01,CUST-0004,Professional,77,599.0,0.0,1756.07,21072.87,Monthly,2026-01-01,Active
2025-05-01,CUST-0004,Professional,85,599.0,0.0,1938.19,23258.28,Monthly,2026-01-01,Active
2025-06-01,CUST-0004,Professional,81,599.0,0.0,1853.89,22246.65,Monthly,2026-01-01,Active
2025-07-01,CUST-0004,Professional,83,599.0,0.0,1903.12,22837.5,Monthly,2026-01-01,Active
2025-08-01,CUST-0004,Professional,82,599.0,0.0,1885.43,22625.13,Monthly,2026-01-01,Active
2025-09-01,CUST-0004,Professional,85,599.0,0.0,1957.38,23488.56,Monthly,2026-01-01,Active
2025-10-01,CUST-0004,Professional,76,599.0,0.0,1759.72,21116.67,Monthly,2026-01-01,Active
2025-11-01,CUST-0004,Professional,81,599.0,0.0,1876.77,22521.3,Monthly,2026-01-01,Active
2025-12-01,CUST-0004,Professional,84,599.0,0.0,1949.17,23390.01,Monthly,2026-01-01,Active
2025-03-01,CUST-0005,Starter,5,149.0,0.0,149.0,1788.0,Monthly,2026-03-01,Active
2025-04-01,CUST-0005,Starter,5,149.0,0.0,149.37,1792.47,Monthly,2026-03-01,Active
2025-05-01,CUST-0005,Starter,5,149.0,0.0,149.74,1796.94,Monthly,2026-03-01,Active
2025-06-01,CUST-0005,Starter,5,149.0,0.0,150.12,1801.41,Monthly,2026-03-01,Active
2025-07-01,CUST-0005,Starter,5,149.0,0.0,150.49,1805.88,Monthly,2026-03-01,Active
2025-08-01,CUST-0005,Starter,5,149.0,0.0,150.86,1810.35,Monthly,2026-03-01,Active
2025-09-01,CUST-0005,Starter,5,149.0,0.0,151.23,1814.82,Monthly,2026-03-01,Active
2025-10-01,CUST-0005,Starter,5,149.0,0.0,151.61,1819.29,Monthly,2026-03-01,Active
2025-11-01,CUST-0005,Starter,5,149.0,0.0,151.98,1823.76,Monthly,2026-03-01,Active
2025-12-01,CUST-0005,Starter,5,149.0,0.0,152.35,1828.23,Monthly,2026-03-01,Active
2026-01-01,CUST-0005,Starter,5,149.0,0.0,152.72,1832.7,Monthly,2027-03-01,Active
2026-02-01,CUST-0005,Starter,5,149.0,0.0,153.1,1837.17,Monthly,2027-03-01,Active
2026-03-01,CUST-0005,Starter,5,149.0,0.0,153.47,1841.64,Monthly,2027-03-01,Active
2026-04-01,CUST-0005,Starter,5,149.0,0.0,153.84,1846.11,Monthly,2027-03-01,Active
2026-05-01,CUST-0005,Starter,5,149.0,0.0,154.21,1850.58,Monthly,2027-03-01,Active
2026-06-01,CUST-0005,Starter,5,149.0,0.0,154.59,1855.05,Monthly,2027-03-01,Active
2025-09-01,CUST-0006,Enterprise,258,2499.0,0.13,6435.39,77224.68,Annual,2026-09-01,Active
2025-10-01,CUST-0006,Enterprise,250,2499.0,0.13,6235.18,74822.15,Annual,2026-09-01,Active
2025-11-01,CUST-0006,Enterprise,274,2499.0,0.13,6901.24,82814.93,Annual,2026-09-01,Active
2025-12-01,CUST-0006,Enterprise,276,2499.0,0.13,6972.76,83673.08,Annual,2026-09-01,Active
2026-01-01,CUST-0006,Enterprise,300,2499.0,0.13,7643.81,91725.74,Annual,2027-09-01,Active
2026-02-01,CUST-0006,Enterprise,282,2499.0,0.13,7171.2,86054.44,Annual,2027-09-01,Active
2026-03-01,CUST-0006,Enterprise,301,2499.0,0.13,7709.03,92508.32,Annual,2027-09-01,Active
2026-04-01,CUST-0006,Enterprise,290,2499.0,0.13,7426.15,89113.83,Annual,2027-09-01,Active
2026-05-01,CUST-0006,Enterprise,305,2499.0,0.13,7857.04,94284.48,Annual,2027-09-01,Active
2026-06-01,CUST-0006,Enterprise,298,2499.0,0.13,7683.26,92199.11,Annual,2027-09-01,Active
2025-03-01,CUST-0007,Professional,68,599.0,0.0,1545.0,18540.0,Monthly,2026-03-01,Active
2025-04-01,CUST-0007,Professional,76,599.0,0.0,1725.3,20703.63,Monthly,2026-03-01,Active
2025-05-01,CUST-0007,Professional,77,599.0,0.0,1751.71,21020.58,Monthly,2026-03-01,Active
2025-06-01,CUST-0007,Professional,77,599.0,0.0,1756.07,21072.87,Monthly,2026-03-01,Active
2025-07-01,CUST-0007,Professional,71,599.0,0.0,1627.11,19525.32,Monthly,2026-03-01,Active
2025-08-01,CUST-0007,Professional,71,599.0,0.0,1631.14,19573.65,Monthly,2026-03-01,Active
2025-09-01,CUST-0007,Professional,76,599.0,0.0,1746.81,20961.78,Monthly,2026-03-01,Active
2025-10-01,CUST-0007,Professional,73,599.0,0.0,1683.96,20207.55,Monthly,2026-03-01,Active
2025-11-01,CUST-0007,Professional,73,599.0,0.0,1688.1,20257.2,Monthly,2026-03-01,Active
2025-12-01,CUST-0007,Professional,73,599.0,0.0,1692.24,20306.85,Monthly,2026-03-01,Active
2026-01-01,CUST-0007,Professional,83,599.0,0.0,1921.87,23062.5,Monthly,2027-03-01,Active
2026-02-01,CUST-0007,Professional,86,599.0,0.0,1994.38,23932.53,Monthly,2027-03-01,Active
2026-03-01,CUST-0007,Professional,81,599.0,0.0,1885.93,22631.16,Monthly,2027-03-01,Active
2026-04-01,CUST-0007,Professional,84,599.0,0.0,1958.65,23503.83,Monthly,2027-03-01,Active
2026-05-01,CUST-0007,Professional,82,599.0,0.0,1917.85,23014.26,Monthly,2027-03-01,Active
2026-06-01,CUST-0007,Professional,93,599.0,0.0,2173.56,26082.75,Monthly,2027-03-01,Active
2025-01-01,CUST-0008,Enterprise,142,2499.0,0.13,3364.74,40376.88,Annual,2026-06-01,Active
2025-02-01,CUST-0008,Enterprise,146,2499.0,0.13,3483.05,41796.54,Annual,2026-06-01,Active
2025-03-01,CUST-0008,Enterprise,159,2499.0,0.13,3850.08,46200.97,Annual,2026-06-01,Active
2025-04-01,CUST-0008,Enterprise,159,2499.0,0.13,3859.49,46313.93,Annual,2026-06-01,Active
2025-05-01,CUST-0008,Enterprise,150,2499.0,0.13,3619.5,43434.03,Annual,2026-06-01,Active
2025-06-01,CUST-0008,Enterprise,164,2499.0,0.13,4017.22,48206.6,Annual,2026-06-01,Active
2025-07-01,CUST-0008,Enterprise,148,2499.0,0.13,3581.42,42977.07,Annual,2026-06-01,Active
2025-08-01,CUST-0008,Enterprise,173,2499.0,0.13,4287.94,51455.31,Annual,2026-06-01,Active
2025-09-01,CUST-0008,Enterprise,170,2499.0,0.13,4214.36,50572.27,Annual,2026-06-01,Active
2025-10-01,CUST-0008,Enterprise,163,2499.0,0.13,4028.17,48338.04,Annual,2026-06-01,Active
2025-11-01,CUST-0008,Enterprise,165,2499.0,0.13,4094.09,49129.02,Annual,2026-06-01,Active
2025-12-01,CUST-0008,Enterprise,181,2499.0,0.13,4554.84,54658.1,Annual,2026-06-01,Active
2026-01-01,CUST-0008,Enterprise,184,2499.0,0.13,4650.49,55805.9,Annual,2027-06-01,Active
2026-02-01,CUST-0008,Enterprise,176,2499.0,0.13,4435.04,53220.51,Annual,2027-06-01,Active
2026-03-01,CUST-0008,Enterprise,197,2499.0,0.13,5041.71,60500.48,Annual,2027-06-01,Active
2026-04-01,CUST-0008,Enterprise,191,2499.0,0.13,4882.96,58595.54,Annual,2027-06-01,Active
2026-05-01,CUST-0008,Enterprise,197,2499.0,0.13,5065.66,60787.89,Annual,2027-06-01,Active
2026-06-01,CUST-0008,Enterprise,208,2499.0,0.13,5392.1,64705.24,Annual,2027-06-01,Active
2025-01-01,CUST-0009,Starter,9,149.0,0.1,189.11,2269.35,Annual,2026-03-01,Active
2025-02-01,CUST-0009,Starter,10,149.0,0.1,202.52,2430.24,Annual,2026-03-01,Active
2025-03-01,CUST-0009,Starter,9,149.0,0.1,190.03,2280.42,Annual,2026-03-01,Active
2025-04-01,CUST-0009,Starter,9,149.0,0.1,190.5,2285.95,Annual,2026-03-01,Active
2025-05-01,CUST-0009,Starter,10,149.0,0.1,204.0,2447.98,Annual,2026-03-01,Active
2025-06-01,CUST-0009,Starter,10,149.0,0.1,204.49,2453.89,Annual,2026-03-01,Active
2025-07-01,CUST-0009,Starter,10,149.0,0.1,204.98,2459.81,Annual,2026-03-01,Active
2025-08-01,CUST-0009,Starter,9,149.0,0.1,192.34,2308.1,Annual,2026-03-01,Active
2025-09-01,CUST-0009,Starter,9,149.0,0.1,192.8,2313.63,Annual,2026-03-01,Active
2025-10-01,CUST-0009,Starter,9,149.0,0.1,193.26,2319.16,Annual,2026-03-01,Active
2025-11-01,CUST-0009,Starter,9,149.0,0.1,193.72,2324.7,Annual,2026-03-01,Active
2025-12-01,CUST-0009,Starter,10,149.0,0.1,207.45,2489.37,Annual,2026-03-01,Active
2026-01-01,CUST-0009,Starter,10,149.0,0.1,207.94,2495.29,Annual,2027-03-01,Active
2026-02-01,CUST-0009,Starter,10,149.0,0.1,208.43,2501.2,Annual,2027-03-01,Active
2026-03-01,CUST-0009,Starter,10,149.0,0.1,208.93,2507.11,Annual,2027-03-01,Active
2026-04-01,CUST-0009,Starter,10,149.0,0.1,209.42,2513.02,Annual,2027-03-01,Active
2026-05-01,CUST-0009,Starter,10,149.0,0.1,209.91,2518.94,Annual,2027-03-01,Active
2026-06-01,CUST-0009,Starter,10,149.0,0.1,210.4,2524.85,Annual,2027-03-01,Active
2025-01-01,CUST-0010,Professional,25,599.0,0.1,547.19,6566.24,Annual,2026-07-01,Active
2025-02-01,CUST-0010,Professional,25,599.0,0.1,548.53,6582.41,Annual,2026-07-01,Active
2025-03-01,CUST-0010,Professional,25,599.0,0.1,549.88,6598.58,Annual,2026-07-01,Active
2025-04-01,CUST-0010,Professional,25,599.0,0.1,551.23,6614.76,Annual,2026-07-01,Active
2025-05-01,CUST-0010,Professional,25,599.0,0.1,552.58,6630.93,Annual,2026-07-01,Active
2025-06-01,CUST-0010,Professional,25,599.0,0.1,553.93,6647.1,Annual,2026-07-01,Active
2025-07-01,CUST-0010,Professional,25,599.0,0.1,555.27,6663.28,Annual,2026-07-01,Active
2025-08-01,CUST-0010,Professional,25,599.0,0.1,556.62,6679.45,Annual,2026-07-01,Active
2025-09-01,CUST-0010,Professional,25,599.0,0.1,557.97,6695.62,Annual,2026-07-01,Active
2025-10-01,CUST-0010,Professional,25,599.0,0.1,559.32,6711.8,Annual,2026-07-01,Active
2025-11-01,CUST-0010,Professional,25,599.0,0.1,560.66,6727.97,Annual,2026-07-01,Active
2025-12-01,CUST-0010,Professional,25,599.0,0.1,562.01,6744.14,Annual,2026-07-01,Active
2026-01-01,CUST-0010,Professional,25,599.0,0.1,563.36,6760.31,Annual,2027-07-01,Active
2026-02-01,CUST-0010,Professional,25,599.0,0.1,564.71,6776.49,Annual,2027-07-01,Active
2026-03-01,CUST-0010,Professional,25,599.0,0.1,566.06,6792.66,Annual,2027-07-01,Active
2026-04-01,CUST-0010,Enterprise,100,2499.0,0.13,2288.27,27459.26,Annual,2027-07-01,Active
2026-05-01,CUST-0010,Enterprise,100,2499.0,0.13,2293.71,27524.49,Annual,2027-07-01,Active
2026-06-01,CUST-0010,Enterprise,100,2499.0,0.13,2299.14,27589.71,Annual,2027-07-01,Active
2025-06-01,CUST-0011,Professional,312,599.0,0.0,6913.0,82956.0,Monthly,2026-06-01,Active
2025-07-01,CUST-0011,Professional,310,599.0,0.0,6886.17,82634.07,Monthly,2026-06-01,Active
2025-08-01,CUST-0011,Professional,311,599.0,0.0,6925.45,83105.46,Monthly,2026-06-01,Active
2025-09-01,CUST-0011,Professional,300,599.0,0.0,6698.87,80386.41,Monthly,2026-06-01,Active
2025-10-01,CUST-0011,Professional,316,599.0,0.0,7071.01,84852.12,Monthly,2026-06-01,Active
2025-11-01,CUST-0011,Professional,318,599.0,0.0,7133.06,85596.75,Monthly,2026-06-01,Active
2025-12-01,CUST-0011,Professional,348,599.0,0.0,7820.57,93846.9,Monthly,2026-06-01,Active
2026-01-01,CUST-0011,Professional,345,599.0,0.0,7772.68,93272.19,Monthly,2027-06-01,Active
2026-02-01,CUST-0011,Enterprise,402,2499.0,0.0,12098.22,145178.64,Monthly,2027-06-01,Active
2026-03-01,CUST-0011,Enterprise,373,2499.0,0.0,11208.65,134503.74,Monthly,2027-06-01,Active
2026-04-01,CUST-0011,Enterprise,367,2499.0,0.0,11045.4,132544.8,Monthly,2027-06-01,Active
2026-05-01,CUST-0011,Enterprise,384,2499.0,0.0,11613.83,139365.99,Monthly,2027-06-01,Active
2026-06-01,CUST-0011,Enterprise,419,2499.0,0.0,12759.64,153115.68,Monthly,2027-06-01,Active
2025-01-01,CUST-0012,Starter,9,149.0,0.0,208.07,2496.9,Monthly,2026-07-01,Active
2025-02-01,CUST-0012,Starter,9,149.0,0.0,208.59,2503.05,Monthly,2026-07-01,Active
2025-03-01,CUST-0012,Starter,9,149.0,0.0,209.1,2509.2,Monthly,2026-07-01,Active
2025-04-01,CUST-0012,Starter,10,149.0,0.0,223.93,2687.13,Monthly,2026-07-01,Active
2025-05-01,CUST-0012,Starter,9,149.0,0.0,210.12,2521.5,Monthly,2026-07-01,Active
2025-06-01,CUST-0012,Starter,9,149.0,0.0,210.64,2527.65,Monthly,2026-07-01,Active
2025-07-01,CUST-0012,Starter,9,149.0,0.0,211.15,2533.8,Monthly,2026-07-01,Active
2025-08-01,CUST-0012,Starter,9,149.0,0.0,211.66,2539.95,Monthly,2026-07-01,Active
2025-09-01,CUST-0012,Starter,9,149.0,0.0,212.17,2546.1,Monthly,2026-07-01,Active
2025-10-01,CUST-0012,Starter,9,149.0,0.0,212.69,2552.25,Monthly,2026-07-01,Active
2025-11-01,CUST-0012,Starter,9,149.0,0.0,213.2,2558.4,Monthly,2026-07-01,Active
2025-12-01,CUST-0012,Starter,9,149.0,0.0,213.71,2564.55,Monthly,2026-07-01,Active
2026-01-01,CUST-0012,Starter,9,149.0,0.0,214.22,2570.7,Monthly,2027-07-01,Active
2026-02-01,CUST-0012,Starter,10,149.0,0.0,229.4,2752.83,Monthly,2027-07-01,Active
2026-03-01,CUST-0012,Starter,10,149.0,0.0,229.95,2759.4,Monthly,2027-07-01,Active
2026-04-01,CUST-0012,Starter,10,149.0,0.0,230.5,2765.97,Monthly,2027-07-01,Active
2026-05-01,CUST-0012,Starter,10,149.0,0.0,231.04,2772.54,Monthly,2027-07-01,Active
2026-06-01,CUST-0012,Starter,10,149.0,0.0,231.59,2779.11,Monthly,2027-07-01,Active
2025-03-01,CUST-0013,Professional,57,599.0,0.1,1172.7,14072.4,Annual,2026-03-01,Active
2025-04-01,CUST-0013,Professional,58,599.0,0.1,1195.48,14345.78,Annual,2026-03-01,Active
2025-05-01,CUST-0013,Professional,54,599.0,0.1,1118.87,13426.4,Annual,2026-03-01,Active
2025-06-01,CUST-0013,Professional,54,599.0,0.1,1121.65,13459.8,Annual,2026-03-01,Active
2025-07-01,CUST-0013,Professional,52,599.0,0.1,1084.44,13013.24,Annual,2026-03-01,Active
2025-08-01,CUST-0013,Professional,58,599.0,0.1,1207.41,14488.88,Annual,2026-03-01,Active
2025-09-01,CUST-0013,Professional,59,599.0,0.1,1230.48,14765.81,Annual,2026-03-01,Active
2025-10-01,CUST-0013,Professional,53,599.0,0.1,1112.64,13351.64,Annual,2026-03-01,Active
2025-11-01,CUST-0013,Professional,54,599.0,0.1,1135.57,13626.79,Annual,2026-03-01,Active
2025-12-01,CUST-0013,Professional,56,599.0,0.1,1178.84,14146.08,Annual,2026-03-01,Active
2026-01-01,CUST-0013,Enterprise,100,2499.0,0.13,2228.48,26741.8,Annual,2027-03-01,Active
2026-02-01,CUST-0013,Enterprise,100,2499.0,0.13,2233.92,26807.02,Annual,2027-03-01,Active
2026-03-01,CUST-0013,Enterprise,100,2499.0,0.13,2239.35,26872.25,Annual,2027-03-01,Active
2026-04-01,CUST-0013,Enterprise,100,2499.0,0.13,2244.79,26937.47,Annual,2027-03-01,Active
2026-05-01,CUST-0013,Enterprise,100,2499.0,0.13,2250.22,27002.69,Annual,2027-03-01,Active
2026-06-01,CUST-0013,Enterprise,100,2499.0,0.13,2255.66,27067.92,Annual,2027-03-01,Active
2025-01-01,CUST-0014,Professional,28,599.0,0.1,602.99,7235.86,Annual,2026-10-01,Active
2025-02-01,CUST-0014,Professional,28,599.0,0.1,604.49,7253.82,Annual,2026-10-01,Active
2025-03-01,CUST-0014,Professional,29,599.0,0.1,626.03,7512.35,Annual,2026-10-01,Active
2025-04-01,CUST-0014,Professional,28,599.0,0.1,607.48,7289.73,Annual,2026-10-01,Active
2025-05-01,CUST-0014,Professional,28,599.0,0.1,608.97,7307.68,Annual,2026-10-01,Active
2025-06-01,CUST-0014,Professional,28,599.0,0.1,610.47,7325.64,Annual,2026-10-01,Active
2025-07-01,CUST-0014,Professional,28,599.0,0.1,611.97,7343.59,Annual,2026-10-01,Active
2025-08-01,CUST-0014,Professional,30,599.0,0.1,654.05,7848.63,Annual,2026-10-01,Active
2025-09-01,CUST-0014,Professional,29,599.0,0.1,635.3,7623.64,Annual,2026-10-01,Active
2025-10-01,CUST-0014,Professional,30,599.0,0.1,657.24,7886.92,Annual,2026-10-01,Active
2025-11-01,CUST-0014,Professional,29,599.0,0.1,638.39,7660.74,Annual,2026-10-01,Active
2025-12-01,CUST-0014,Professional,30,599.0,0.1,660.43,7925.2,Annual,2026-10-01,Active
2026-01-01,CUST-0014,Professional,32,599.0,0.1,703.11,8437.37,Annual,2027-10-01,Active
2026-02-01,CUST-0014,Professional,32,599.0,0.1,704.81,8457.7,Annual,2027-10-01,Active
2025-01-01,CUST-0015,Starter,7,149.0,0.1,159.3,1911.6,Annual,2026-01-01,Active
2025-02-01,CUST-0015,Starter,7,149.0,0.1,159.7,1916.38,Annual,2026-01-01,Active
2025-03-01,CUST-0015,Starter,7,149.0,0.1,160.1,1921.16,Annual,2026-01-01,Active
2025-04-01,CUST-0015,Starter,7,149.0,0.1,160.49,1925.94,Annual,2026-01-01,Active
2025-05-01,CUST-0015,Starter,7,149.0,0.1,160.89,1930.72,Annual,2026-01-01,Active
2025-06-01,CUST-0015,Starter,7,149.0,0.1,161.29,1935.49,Annual,2026-01-01,Active
2025-07-01,CUST-0015,Starter,7,149.0,0.1,161.69,1940.27,Annual,2026-01-01,Active
2025-08-01,CUST-0015,Starter,7,149.0,0.1,162.09,1945.05,Annual,2026-01-01,Active
2025-09-01,CUST-0015,Starter,7,149.0,0.1,162.49,1949.83,Annual,2026-01-01,Active
2025-10-01,CUST-0015,Starter,7,149.0,0.1,162.88,1954.61,Annual,2026-01-01,Active
2025-11-01,CUST-0015,Starter,7,149.0,0.1,163.28,1959.39,Annual,2026-01-01,Active
2025-12-01,CUST-0015,Starter,7,149.0,0.1,163.68,1964.17,Annual,2026-01-01,Active
2026-01-01,CUST-0015,Starter,7,149.0,0.1,164.08,1968.95,Annual,2027-01-01,Active
2026-02-01,CUST-0015,Starter,8,149.0,0.1,177.49,2129.84,Annual,2027-01-01,Active
2026-03-01,CUST-0015,Starter,8,149.0,0.1,177.92,2135.0,Annual,2027-01-01,Active
2026-04-01,CUST-0015,Starter,7,149.0,0.1,165.27,1983.29,Annual,2027-01-01,Active
2026-05-01,CUST-0015,Starter,7,149.0,0.1,165.67,1988.06,Annual,2027-01-01,Active
2026-06-01,CUST-0015,Starter,8,149.0,0.1,179.21,2150.47,Annual,2027-01-01,Active
2025-09-01,CUST-0016,Professional,25,599.0,0.1,539.1,6469.2,Annual,2026-09-01,Active
2025-10-01,CUST-0016,Professional,25,599.0,0.1,540.45,6485.37,Annual,2026-09-01,Active
2025-11-01,CUST-0016,Professional,25,599.0,0.1,541.8,6501.55,Annual,2026-09-01,Active
2025-12-01,CUST-0016,Professional,25,599.0,0.1,543.14,6517.72,Annual,2026-09-01,Active
2026-01-01,CUST-0016,Professional,25,599.0,0.1,544.49,6533.89,Annual,2027-09-01,Active
2026-02-01,CUST-0016,Professional,25,599.0,0.1,545.84,6550.07,Annual,2027-09-01,Active
2026-03-01,CUST-0016,Enterprise,100,2499.0,0.13,2206.74,26480.9,Annual,2027-09-01,Active
2026-04-01,CUST-0016,Enterprise,100,2499.0,0.13,2212.18,26546.13,Annual,2027-09-01,Active
2026-05-01,CUST-0016,Enterprise,100,2499.0,0.13,2217.61,26611.35,Annual,2027-09-01,Active
2026-06-01,CUST-0016,Enterprise,100,2499.0,0.13,2223.05,26676.58,Annual,2027-09-01,Active
2025-07-01,CUST-0017,Starter,11,149.0,0.1,209.7,2516.4,Annual,2026-07-01,Active
2025-08-01,CUST-0017,Starter,11,149.0,0.1,210.22,2522.69,Annual,2026-07-01,Active
2025-09-01,CUST-0017,Starter,11,149.0,0.1,210.75,2528.98,Annual,2026-07-01,Active
2025-10-01,CUST-0017,Starter,12,149.0,0.1,223.97,2687.61,Annual,2026-07-01,Active
2025-11-01,CUST-0017,Starter,11,149.0,0.1,211.8,2541.56,Annual,2026-07-01,Active
2025-12-01,CUST-0017,Starter,12,149.0,0.1,225.08,2700.95,Annual,2026-07-01,Active
2026-01-01,CUST-0017,Starter,12,149.0,0.1,225.63,2707.61,Annual,2027-07-01,Active
2026-02-01,CUST-0017,Starter,12,149.0,0.1,226.19,2714.28,Annual,2027-07-01,Active
2026-03-01,CUST-0017,Starter,12,149.0,0.1,226.75,2720.95,Annual,2027-07-01,Active
2026-04-01,CUST-0017,Starter,12,149.0,0.1,227.3,2727.62,Annual,2027-07-01,Active
2026-05-01,CUST-0017,Starter,12,149.0,0.1,227.86,2734.29,Annual,2027-07-01,Active
2026-06-01,CUST-0017,Starter,13,149.0,0.1,241.36,2896.32,Annual,2027-07-01,Active
2025-11-01,CUST-0018,Professional,25,599.0,0.0,599.0,7188.0,Monthly,2026-11-01,Active
2025-12-01,CUST-0018,Professional,25,599.0,0.0,600.5,7205.97,Monthly,2026-11-01,Active
2026-01-01,CUST-0018,Professional,25,599.0,0.0,601.99,7223.94,Monthly,2027-11-01,Active
2026-02-01,CUST-0018,Professional,25,599.0,0.0,603.49,7241.91,Monthly,2027-11-01,Active
2026-03-01,CUST-0018,Professional,25,599.0,0.0,604.99,7259.88,Monthly,2027-11-01,Active
2026-04-01,CUST-0018,Professional,25,599.0,0.0,606.49,7277.85,Monthly,2027-11-01,Active
2026-05-01,CUST-0018,Professional,25,599.0,0.0,607.98,7295.82,Monthly,2027-11-01,Active
2026-06-01,CUST-0018,Professional,25,599.0,0.0,609.48,7313.79,Monthly,2027-11-01,Active
2025-01-01,CUST-0019,Professional,51,599.0,0.0,1194.42,14333.04,Monthly,2026-05-01,Active
2025-02-01,CUST-0019,Professional,53,599.0,0.0,1242.34,14908.05,Monthly,2026-05-01,Active
2025-03-01,CUST-0019,Professional,55,599.0,0.0,1290.47,15485.7,Monthly,2026-05-01,Active
2025-04-01,CUST-0019,Professional,57,599.0,0.0,1338.83,16065.99,Monthly,2026-05-01,Active
2025-05-01,CUST-0019,Professional,55,599.0,0.0,1296.77,15561.24,Monthly,2026-05-01,Active
2025-06-01,CUST-0019,Professional,54,599.0,0.0,1277.2,15326.43,Monthly,2026-05-01,Active
2025-07-01,CUST-0019,Professional,49,599.0,0.0,1166.44,13997.34,Monthly,2026-05-01,Active
2025-08-01,CUST-0019,Professional,53,599.0,0.0,1260.56,15126.75,Monthly,2026-05-01,Active
2025-09-01,CUST-0019,Professional,51,599.0,0.0,1217.84,14614.08,Monthly,2026-05-01,Active
2025-10-01,CUST-0019,Professional,53,599.0,0.0,1266.64,15199.65,Monthly,2026-05-01,Active
2025-11-01,CUST-0019,Professional,51,599.0,0.0,1223.69,14684.34,Monthly,2026-05-01,Active
2025-12-01,CUST-0019,Professional,54,599.0,0.0,1295.76,15549.09,Monthly,2026-05-01,Active
2026-01-01,CUST-0019,Professional,55,599.0,0.0,1321.95,15863.4,Monthly,2027-05-01,Active
2026-02-01,CUST-0019,Professional,60,599.0,0.0,1440.87,17290.47,Monthly,2027-05-01,Active
2026-03-01,CUST-0019,Professional,55,599.0,0.0,1328.24,15938.94,Monthly,2027-05-01,Active
2026-04-01,CUST-0019,Professional,60,599.0,0.0,1447.72,17372.61,Monthly,2027-05-01,Active
2026-05-01,CUST-0019,Professional,61,599.0,0.0,1474.46,17693.52,Monthly,2027-05-01,Active
2026-06-01,CUST-0019,Professional,57,599.0,0.0,1384.44,16613.25,Monthly,2027-05-01,Active
2025-01-01,CUST-0020,Starter,9,149.0,0.0,209.61,2515.35,Monthly,2026-04-01,Active
2025-02-01,CUST-0020,Starter,9,149.0,0.0,210.12,2521.5,Monthly,2026-04-01,Active
2025-03-01,CUST-0020,Starter,9,149.0,0.0,210.64,2527.65,Monthly,2026-04-01,Active
2025-04-01,CUST-0020,Starter,10,149.0,0.0,225.57,2706.84,Monthly,2026-04-01,Active
2025-05-01,CUST-0020,Starter,9,149.0,0.0,211.66,2539.95,Monthly,2026-04-01,Active
2025-06-01,CUST-0020,Starter,10,149.0,0.0,226.66,2719.98,Monthly,2026-04-01,Active
2025-07-01,CUST-0020,Starter,10,149.0,0.0,227.21,2726.55,Monthly,2026-04-01,Active
2025-08-01,CUST-0020,Starter,10,149.0,0.0,227.76,2733.12,Monthly,2026-04-01,Active
2025-09-01,CUST-0020,Starter,9,149.0,0.0,213.71,2564.55,Monthly,2026-04-01,Active
2025-10-01,CUST-0020,Starter,9,149.0,0.0,214.22,2570.7,Monthly,2026-04-01,Active
2025-11-01,CUST-0020,Starter,9,149.0,0.0,214.74,2576.85,Monthly,2026-04-01,Active
2025-12-01,CUST-0020,Professional,25,599.0,0.0,628.95,7547.4,Monthly,2026-04-01,Active
2026-01-01,CUST-0020,Professional,25,599.0,0.0,630.45,7565.37,Monthly,2027-04-01,Active
2026-02-01,CUST-0020,Professional,25,599.0,0.0,631.94,7583.34,Monthly,2027-04-01,Active
2026-03-01,CUST-0020,Professional,25,599.0,0.0,633.44,7601.31,Monthly,2027-04-01,Active
2026-04-01,CUST-0020,Professional,25,599.0,0.0,634.94,7619.28,Monthly,2027-04-01,Active
2026-05-01,CUST-0020,Professional,25,599.0,0.0,636.44,7637.25,Monthly,2027-04-01,Active
2026-06-01,CUST-0020,Professional,25,599.0,0.0,637.93,7655.22,Monthly,2027-04-01,Active
2025-04-01,CUST-0021,Professional,25,599.0,0.1,539.1,6469.2,Annual,2026-04-01,Active
2025-05-01,CUST-0021,Professional,25,599.0,0.1,540.45,6485.37,Annual,2026-04-01,Active
2025-06-01,CUST-0021,Professional,25,599.0,0.1,541.8,6501.55,Annual,2026-04-01,Active
2025-07-01,CUST-0021,Professional,25,599.0,0.1,543.14,6517.72,Annual,2026-04-01,Active
2025-08-01,CUST-0021,Professional,25,599.0,0.1,544.49,6533.89,Annual,2026-04-01,Active
2025-09-01,CUST-0021,Professional,25,599.0,0.1,545.84,6550.07,Annual,2026-04-01,Active
2025-10-01,CUST-0021,Professional,25,599.0,0.1,547.19,6566.24,Annual,2026-04-01,Active
2025-11-01,CUST-0021,Professional,25,599.0,0.1,548.53,6582.41,Annual,2026-04-01,Active
2025-12-01,CUST-0021,Professional,25,599.0,0.1,549.88,6598.58,Annual,2026-04-01,Active
2026-01-01,CUST-0021,Professional,25,599.0,0.1,551.23,6614.76,Annual,2027-04-01,Active
2026-02-01,CUST-0021,Professional,25,599.0,0.1,552.58,6630.93,Annual,2027-04-01,Active
2026-03-01,CUST-0021,Professional,25,599.0,0.1,553.93,6647.1,Annual,2027-04-01,Active
2026-04-01,CUST-0021,Professional,25,599.0,0.1,555.27,6663.28,Annual,2027-04-01,Active
2026-05-01,CUST-0021,Professional,25,599.0,0.1,556.62,6679.45,Annual,2027-04-01,Active
2026-06-01,CUST-0021,Professional,25,599.0,0.1,557.97,6695.62,Annual,2027-04-01,Active
2026-03-01,CUST-0022,Professional,25,599.0,0.0,599.0,7188.0,Monthly,2027-03-01,Active
2026-04-01,CUST-0022,Professional,25,599.0,0.0,600.5,7205.97,Monthly,2027-03-01,Active
2026-05-01,CUST-0022,Professional,25,599.0,0.0,601.99,7223.94,Monthly,2027-03-01,Active
2026-06-01,CUST-0022,Professional,25,599.0,0.0,603.49,7241.91,Monthly,2027-03-01,Active
2025-04-01,CUST-0023,Professional,27,599.0,0.1,578.7,6944.4,Annual,2026-04-01,Active
2025-05-01,CUST-0023,Professional,29,599.0,0.1,619.85,7438.15,Annual,2026-04-01,Active
2025-06-01,CUST-0023,Professional,26,599.0,0.1,561.69,6740.33,Annual,2026-04-01,Active
2025-07-01,CUST-0023,Professional,28,599.0,0.1,602.99,7235.86,Annual,2026-04-01,Active
2025-08-01,CUST-0023,Professional,30,599.0,0.1,644.48,7733.77,Annual,2026-04-01,Active
2025-09-01,CUST-0023,Professional,26,599.0,0.1,565.89,6790.63,Annual,2026-04-01,Active
2025-10-01,CUST-0023,Professional,26,599.0,0.1,567.28,6807.4,Annual,2026-04-01,Active
2025-11-01,CUST-0023,Professional,29,599.0,0.1,629.12,7549.44,Annual,2026-04-01,Active
2025-12-01,CUST-0023,Professional,28,599.0,0.1,610.47,7325.64,Annual,2026-04-01,Active
2026-01-01,CUST-0023,Professional,29,599.0,0.1,632.21,7586.54,Annual,2027-04-01,Active
2026-02-01,CUST-0023,Professional,30,599.0,0.1,654.05,7848.63,Annual,2027-04-01,Active
2026-03-01,CUST-0023,Professional,31,599.0,0.1,675.99,8111.91,Annual,2027-04-01,Active
2026-04-01,CUST-0023,Professional,30,599.0,0.1,657.24,7886.92,Annual,2027-04-01,Active
2026-05-01,CUST-0023,Professional,34,599.0,0.1,740.61,8887.35,Annual,2027-04-01,Active
2026-06-01,CUST-0023,Professional,31,599.0,0.1,680.93,8171.12,Annual,2027-04-01,Active
2025-01-01,CUST-0024,Starter,11,149.0,0.0,235.91,2830.95,Monthly,2026-08-01,Active
2025-02-01,CUST-0024,Starter,11,149.0,0.0,236.49,2837.94,Monthly,2026-08-01,Active
2025-03-01,CUST-0024,Starter,11,149.0,0.0,237.08,2844.93,Monthly,2026-08-01,Active
2025-04-01,CUST-0024,Starter,12,149.0,0.0,251.94,3023.28,Monthly,2026-08-01,Active
2025-05-01,CUST-0024,Starter,12,149.0,0.0,252.56,3030.69,Monthly,2026-08-01,Active
2025-06-01,CUST-0024,Starter,11,149.0,0.0,238.82,2865.9,Monthly,2026-08-01,Active
2025-07-01,CUST-0024,Starter,11,149.0,0.0,239.41,2872.89,Monthly,2026-08-01,Active
2025-08-01,CUST-0024,Starter,11,149.0,0.0,239.99,2879.88,Monthly,2026-08-01,Active
2025-09-01,CUST-0024,Starter,11,149.0,0.0,240.57,2886.87,Monthly,2026-08-01,Active
2025-10-01,CUST-0024,Starter,11,149.0,0.0,241.15,2893.86,Monthly,2026-08-01,Active
2025-11-01,CUST-0024,Starter,10,149.0,0.0,227.21,2726.55,Monthly,2026-08-01,Active
2025-12-01,CUST-0024,Starter,11,149.0,0.0,242.32,2907.84,Monthly,2026-08-01,Active
2026-01-01,CUST-0024,Starter,12,149.0,0.0,257.5,3089.97,Monthly,2027-08-01,Active
2026-02-01,CUST-0024,Starter,12,149.0,0.0,258.12,3097.38,Monthly,2027-08-01,Active
2026-03-01,CUST-0024,Starter,12,149.0,0.0,258.73,3104.79,Monthly,2027-08-01,Active
2026-04-01,CUST-0024,Starter,13,149.0,0.0,274.05,3288.6,Monthly,2027-08-01,Active
2026-05-01,CUST-0024,Starter,13,149.0,0.0,274.7,3296.43,Monthly,2027-08-01,Active
2026-06-01,CUST-0024,Starter,12,149.0,0.0,260.58,3127.02,Monthly,2027-08-01,Active
2025-01-01,CUST-0025,Professional,76,599.0,0.0,1725.3,20703.63,Monthly,2026-12-01,Active
2025-02-01,CUST-0025,Professional,75,599.0,0.0,1707.49,20489.94,Monthly,2026-12-01,Active
2025-03-01,CUST-0025,Professional,79,599.0,0.0,1800.4,21604.83,Monthly,2026-12-01,Active
2025-04-01,CUST-0025,Professional,85,599.0,0.0,1938.19,23258.28,Monthly,2026-12-01,Active
2025-05-01,CUST-0025,Professional,86,599.0,0.0,1965.26,23583.15,Monthly,2026-12-01,Active
2025-06-01,CUST-0025,Professional,86,599.0,0.0,1970.11,23641.38,Monthly,2026-12-01,Active
2025-07-01,CUST-0025,Professional,84,599.0,0.0,1930.2,23162.37,Monthly,2026-12-01,Active
2025-08-01,CUST-0025,Professional,86,599.0,0.0,1979.82,23757.84,Monthly,2026-12-01,Active
2025-09-01,CUST-0025,Professional,84,599.0,0.0,1939.68,23276.19,Monthly,2026-12-01,Active
2025-10-01,CUST-0025,Professional,82,599.0,0.0,1899.32,22791.9,Monthly,2026-12-01,Active
2025-11-01,CUST-0025,Professional,84,599.0,0.0,1949.17,23390.01,Monthly,2026-12-01,Active
2025-12-01,CUST-0025,Professional,90,599.0,0.0,2089.87,25078.44,Monthly,2026-12-01,Active
2026-01-01,CUST-0025,Professional,94,599.0,0.0,2185.8,26229.63,Monthly,2027-12-01,Active
2026-02-01,CUST-0025,Professional,86,599.0,0.0,2008.93,24107.22,Monthly,2027-12-01,Active
2026-03-01,CUST-0025,Professional,85,599.0,0.0,1990.96,23891.55,Monthly,2027-12-01,Active
2026-04-01,CUST-0025,Professional,95,599.0,0.0,2224.56,26694.72,Monthly,2027-12-01,Active
2026-05-01,CUST-0025,Professional,92,599.0,0.0,2161.1,25933.23,Monthly,2027-12-01,Active
2026-06-01,CUST-0025,Professional,95,599.0,0.0,2235.25,26823.06,Monthly,2027-12-01,Active
2026-04-01,CUST-0026,Starter,12,149.0,0.1,222.3,2667.6,Annual,2027-04-01,Active
2026-05-01,CUST-0026,Starter,12,149.0,0.1,222.86,2674.27,Annual,2027-04-01,Active
2026-06-01,CUST-0026,Starter,10,149.0,0.1,198.09,2377.03,Annual,2027-04-01,Active
2025-02-01,CUST-0027,Starter,13,149.0,0.1,234.9,2818.8,Annual,2026-02-01,Active
2025-03-01,CUST-0027,Starter,12,149.0,0.1,222.86,2674.27,Annual,2026-02-01,Active
2025-04-01,CUST-0027,Starter,12,149.0,0.1,223.41,2680.94,Annual,2026-02-01,Active
2025-05-01,CUST-0027,Starter,12,149.0,0.1,223.97,2687.61,Annual,2026-02-01,Active
2025-06-01,CUST-0027,Starter,12,149.0,0.1,224.52,2694.28,Annual,2026-02-01,Active
2025-07-01,CUST-0027,Starter,11,149.0,0.1,212.32,2547.86,Annual,2026-02-01,Active
2025-08-01,CUST-0027,Starter,13,149.0,0.1,238.42,2861.08,Annual,2026-02-01,Active
2025-09-01,CUST-0027,Starter,11,149.0,0.1,213.37,2560.44,Annual,2026-02-01,Active
2025-10-01,CUST-0027,Starter,11,149.0,0.1,213.89,2566.73,Annual,2026-02-01,Active
2025-11-01,CUST-0027,Starter,12,149.0,0.1,227.3,2727.62,Annual,2026-02-01,Active
2025-12-01,CUST-0027,Starter,12,149.0,0.1,227.86,2734.29,Annual,2026-02-01,Active
2026-01-01,CUST-0027,Starter,12,149.0,0.1,228.41,2740.96,Annual,2027-02-01,Active
2026-02-01,CUST-0027,Starter,13,149.0,0.1,241.95,2903.36,Annual,2027-02-01,Active
2026-03-01,CUST-0027,Starter,13,149.0,0.1,242.53,2910.41,Annual,2027-02-01,Active
2026-04-01,CUST-0027,Starter,13,149.0,0.1,243.12,2917.46,Annual,2027-02-01,Active
2025-08-01,CUST-0028,Starter,24,149.0,0.1,373.5,4482.0,Annual,2026-08-01,Active
2025-09-01,CUST-0028,Starter,24,149.0,0.1,374.43,4493.2,Annual,2026-08-01,Active
2025-10-01,CUST-0028,Starter,23,149.0,0.1,362.7,4352.45,Annual,2026-08-01,Active
2025-11-01,CUST-0028,Starter,23,149.0,0.1,363.61,4363.28,Annual,2026-08-01,Active
2025-12-01,CUST-0028,Starter,24,149.0,0.1,377.24,4526.82,Annual,2026-08-01,Active
2026-01-01,CUST-0028,Starter,27,149.0,0.1,416.44,4997.3,Annual,2027-08-01,Active
2026-02-01,CUST-0028,Starter,25,149.0,0.1,391.89,4702.7,Annual,2027-08-01,Active
2026-03-01,CUST-0028,Starter,26,149.0,0.1,405.68,4868.13,Annual,2027-08-01,Active
2026-04-01,CUST-0028,Starter,27,149.0,0.1,419.53,5034.31,Annual,2027-08-01,Active
2026-05-01,CUST-0028,Starter,27,149.0,0.1,420.55,5046.65,Annual,2027-08-01,Active
2026-06-01,CUST-0028,Starter,26,149.0,0.1,408.67,4904.01,Annual,2027-08-01,Active
2025-01-01,CUST-0029,Enterprise,100,2499.0,0.13,2212.18,26546.13,Annual,2026-06-01,Active
2025-02-01,CUST-0029,Enterprise,100,2499.0,0.13,2217.61,26611.35,Annual,2026-06-01,Active
2025-03-01,CUST-0029,Enterprise,100,2499.0,0.13,2223.05,26676.58,Annual,2026-06-01,Active
2025-04-01,CUST-0029,Enterprise,100,2499.0,0.13,2228.48,26741.8,Annual,2026-06-01,Active
2025-05-01,CUST-0029,Enterprise,100,2499.0,0.13,2233.92,26807.02,Annual,2026-06-01,Active
2025-06-01,CUST-0029,Enterprise,100,2499.0,0.13,2239.35,26872.25,Annual,2026-06-01,Active
2025-07-01,CUST-0029,Enterprise,100,2499.0,0.13,2244.79,26937.47,Annual,2026-06-01,Active
2025-08-01,CUST-0029,Enterprise,100,2499.0,0.13,2250.22,27002.69,Annual,2026-06-01,Active
2025-09-01,CUST-0029,Enterprise,100,2499.0,0.13,2255.66,27067.92,Annual,2026-06-01,Active
2025-10-01,CUST-0029,Enterprise,100,2499.0,0.13,2261.1,27133.14,Annual,2026-06-01,Active
2025-11-01,CUST-0029,Enterprise,100,2499.0,0.13,2266.53,27198.37,Annual,2026-06-01,Active
2025-12-01,CUST-0029,Enterprise,100,2499.0,0.13,2271.97,27263.59,Annual,2026-06-01,Active
2026-01-01,CUST-0029,Enterprise,100,2499.0,0.13,2277.4,27328.81,Annual,2027-06-01,Active
2026-02-01,CUST-0029,Enterprise,100,2499.0,0.13,2282.84,27394.04,Annual,2027-06-01,Active
2026-03-01,CUST-0029,Enterprise,100,2499.0,0.13,2288.27,27459.26,Annual,2027-06-01,Active
2026-04-01,CUST-0029,Enterprise,100,2499.0,0.13,2293.71,27524.49,Annual,2027-06-01,Active
2026-05-01,CUST-0029,Enterprise,100,2499.0,0.13,2299.14,27589.71,Annual,2027-06-01,Active
2026-06-01,CUST-0029,Enterprise,100,2499.0,0.13,2304.58,27654.93,Annual,2027-06-01,Active
2025-01-01,CUST-0030,Starter,50,149.0,0.0,788.74,9464.85,Monthly,2026-08-01,Active
2025-02-01,CUST-0030,Starter,53,149.0,0.0,833.31,9999.78,Monthly,2026-08-01,Active
2025-03-01,CUST-0030,Starter,54,149.0,0.0,849.61,10195.35,Monthly,2026-08-01,Active
2025-04-01,CUST-0030,Starter,63,149.0,0.0,980.22,11762.64,Monthly,2026-08-01,Active
2025-05-01,CUST-0030,Starter,61,149.0,0.0,953.99,11447.91,Monthly,2026-08-01,Active
2025-06-01,CUST-0030,Starter,63,149.0,0.0,985.02,11820.3,Monthly,2026-08-01,Active
2025-07-01,CUST-0030,Starter,55,149.0,0.0,872.35,10468.17,Monthly,2026-08-01,Active
2025-08-01,CUST-0030,Starter,57,149.0,0.0,903.31,10839.72,Monthly,2026-08-01,Active
2025-09-01,CUST-0030,Starter,58,149.0,0.0,919.96,11039.49,Monthly,2026-08-01,Active
2025-10-01,CUST-0030,Starter,55,149.0,0.0,878.71,10544.58,Monthly,2026-08-01,Active
2025-11-01,CUST-0030,Starter,58,149.0,0.0,924.41,11092.95,Monthly,2026-08-01,Active
2025-12-01,CUST-0030,Starter,60,149.0,0.0,955.76,11469.12,Monthly,2026-08-01,Active
2026-01-01,CUST-0030,Starter,64,149.0,0.0,1016.44,12197.25,Monthly,2027-08-01,Active
2026-02-01,CUST-0030,Starter,65,149.0,0.0,1033.5,12402.06,Monthly,2027-08-01,Active
2026-03-01,CUST-0030,Starter,62,149.0,0.0,991.98,11903.79,Monthly,2027-08-01,Active
2026-04-01,CUST-0030,Starter,66,149.0,0.0,1053.15,12637.8,Monthly,2027-08-01,Active
2026-05-01,CUST-0030,Starter,62,149.0,0.0,996.72,11960.61,Monthly,2027-08-01,Active
2026-06-01,CUST-0030,Starter,66,149.0,0.0,1058.16,12697.98,Monthly,2027-08-01,Active
2026-03-01,CUST-0031,Starter,5,149.0,0.0,149.0,1788.0,Monthly,2027-03-01,Active
2026-04-01,CUST-0031,Starter,5,149.0,0.0,149.37,1792.47,Monthly,2027-03-01,Active
2026-05-01,CUST-0031,Starter,5,149.0,0.0,149.74,1796.94,Monthly,2027-03-01,Active
2026-06-01,CUST-0031,Starter,5,149.0,0.0,150.12,1801.41,Monthly,2027-03-01,Active
2025-12-01,CUST-0032,Enterprise,182,2499.0,0.12,4436.08,53232.96,Monthly,2026-12-01,Active
2026-01-01,CUST-0032,Enterprise,172,2499.0,0.12,4173.69,50084.26,Monthly,2027-12-01,Active
2026-02-01,CUST-0032,Enterprise,181,2499.0,0.12,4430.84,53170.13,Monthly,2027-12-01,Active
2026-03-01,CUST-0032,Enterprise,196,2499.0,0.12,4854.14,58249.62,Monthly,2027-12-01,Active
2026-04-01,CUST-0032,Enterprise,192,2499.0,0.12,4755.97,57071.63,Monthly,2027-12-01,Active
2026-05-01,CUST-0032,Enterprise,200,2499.0,0.12,4988.71,59864.51,Monthly,2027-12-01,Active
2026-06-01,CUST-0032,Enterprise,204,2499.0,0.12,5111.78,61341.4,Monthly,2027-12-01,Active
2025-04-01,CUST-0033,Professional,29,599.0,0.1,618.3,7419.6,Annual,2026-04-01,Active
2025-05-01,CUST-0033,Professional,26,599.0,0.1,560.3,6723.57,Annual,2026-04-01,Active
2025-06-01,CUST-0033,Professional,27,599.0,0.1,581.59,6979.12,Annual,2026-04-01,Active
2025-07-01,CUST-0033,Professional,26,599.0,0.1,563.09,6757.1,Annual,2026-04-01,Active
2025-08-01,CUST-0033,Professional,27,599.0,0.1,584.49,7013.84,Annual,2026-04-01,Active
2025-09-01,CUST-0033,Professional,25,599.0,0.1,545.84,6550.07,Annual,2026-04-01,Active
2025-10-01,CUST-0033,Professional,26,599.0,0.1,567.28,6807.4,Annual,2026-04-01,Active
2025-11-01,CUST-0033,Professional,28,599.0,0.1,608.97,7307.68,Annual,2026-04-01,Active
2025-12-01,CUST-0033,Professional,27,599.0,0.1,590.27,7083.29,Annual,2026-04-01,Active
2026-01-01,CUST-0033,Professional,27,599.0,0.1,591.72,7100.65,Annual,2027-04-01,Active
2026-02-01,CUST-0033,Professional,29,599.0,0.1,633.76,7605.09,Annual,2027-04-01,Active
2026-03-01,CUST-0033,Professional,29,599.0,0.1,635.3,7623.64,Annual,2027-04-01,Active
2026-04-01,CUST-0033,Professional,30,599.0,0.1,657.24,7886.92,Annual,2027-04-01,Active
2026-05-01,CUST-0033,Professional,31,599.0,0.1,679.28,8151.38,Annual,2027-04-01,Active
2026-06-01,CUST-0033,Professional,31,599.0,0.1,680.93,8171.12,Annual,2027-04-01,Active
2025-04-01,CUST-0034,Starter,17,149.0,0.0,317.0,3804.0,Monthly,2026-04-01,Active
2025-05-01,CUST-0034,Starter,17,149.0,0.0,317.79,3813.51,Monthly,2026-04-01,Active
2025-06-01,CUST-0034,Starter,17,149.0,0.0,318.58,3823.02,Monthly,2026-04-01,Active
2025-07-01,CUST-0034,Starter,17,149.0,0.0,319.38,3832.53,Monthly,2026-04-01,Active
2025-08-01,CUST-0034,Starter,16,149.0,0.0,306.03,3672.36,Monthly,2026-04-01,Active
2025-09-01,CUST-0034,Starter,17,149.0,0.0,320.96,3851.55,Monthly,2026-04-01,Active
2025-10-01,CUST-0034,Starter,17,149.0,0.0,321.75,3861.06,Monthly,2026-04-01,Active
2025-11-01,CUST-0034,Starter,17,149.0,0.0,322.55,3870.57,Monthly,2026-04-01,Active
2025-12-01,CUST-0034,Starter,17,149.0,0.0,323.34,3880.08,Monthly,2026-04-01,Active
2026-01-01,CUST-0034,Starter,16,149.0,0.0,309.82,3717.81,Monthly,2027-04-01,Active
2026-02-01,CUST-0034,Starter,18,149.0,0.0,339.27,4071.3,Monthly,2027-04-01,Active
2026-03-01,CUST-0034,Starter,17,149.0,0.0,325.72,3908.61,Monthly,2027-04-01,Active
2026-04-01,CUST-0034,Starter,18,149.0,0.0,340.93,4091.16,Monthly,2027-04-01,Active
2026-05-01,CUST-0034,Starter,19,149.0,0.0,356.21,4274.55,Monthly,2027-04-01,Active
2026-06-01,CUST-0034,Starter,18,149.0,0.0,342.58,4111.02,Monthly,2027-04-01,Active
2025-05-01,CUST-0035,Professional,78,599.0,0.0,1765.0,21180.0,Monthly,2026-05-01,Active
2025-06-01,CUST-0035,Professional,76,599.0,0.0,1725.3,20703.63,Monthly,2026-05-01,Active
2025-07-01,CUST-0035,Professional,71,599.0,0.0,1619.05,19428.66,Monthly,2026-05-01,Active
2025-08-01,CUST-0035,Professional,81,599.0,0.0,1844.73,22136.79,Monthly,2026-05-01,Active
2025-09-01,CUST-0035,Professional,76,599.0,0.0,1738.21,20858.52,Monthly,2026-05-01,Active
2025-10-01,CUST-0035,Professional,82,599.0,0.0,1876.16,22513.95,Monthly,2026-05-01,Active
2025-11-01,CUST-0035,Professional,81,599.0,0.0,1858.46,22301.58,Monthly,2026-05-01,Active
2025-12-01,CUST-0035,Professional,73,599.0,0.0,1683.96,20207.55,Monthly,2026-05-01,Active
2025-01-01,CUST-0036,Starter,8,149.0,0.1,174.91,2098.9,Annual,2026-06-01,Active
2025-02-01,CUST-0036,Starter,9,149.0,0.1,188.19,2258.28,Annual,2026-06-01,Active
2025-03-01,CUST-0036,Starter,8,149.0,0.1,175.77,2109.21,Annual,2026-06-01,Active
2025-04-01,CUST-0036,Starter,8,149.0,0.1,176.2,2114.37,Annual,2026-06-01,Active
2025-05-01,CUST-0036,Starter,8,149.0,0.1,176.63,2119.53,Annual,2026-06-01,Active
2025-06-01,CUST-0036,Starter,9,149.0,0.1,190.03,2280.42,Annual,2026-06-01,Active
2025-07-01,CUST-0036,Starter,8,149.0,0.1,177.49,2129.84,Annual,2026-06-01,Active
2025-08-01,CUST-0036,Starter,8,149.0,0.1,177.92,2135.0,Annual,2026-06-01,Active
2025-09-01,CUST-0036,Starter,8,149.0,0.1,178.35,2140.16,Annual,2026-06-01,Active
2025-10-01,CUST-0036,Starter,8,149.0,0.1,178.78,2145.31,Annual,2026-06-01,Active
2025-11-01,CUST-0036,Starter,8,149.0,0.1,179.21,2150.47,Annual,2026-06-01,Active
2025-12-01,CUST-0036,Starter,8,149.0,0.1,179.64,2155.63,Annual,2026-06-01,Active
2026-01-01,CUST-0036,Starter,8,149.0,0.1,180.07,2160.78,Annual,2027-06-01,Active
2026-02-01,CUST-0036,Starter,9,149.0,0.1,193.72,2324.7,Annual,2027-06-01,Active
2026-03-01,CUST-0036,Starter,8,149.0,0.1,180.92,2171.1,Annual,2027-06-01,Active
2026-04-01,CUST-0036,Starter,9,149.0,0.1,194.65,2335.77,Annual,2027-06-01,Active
2026-05-01,CUST-0036,Starter,9,149.0,0.1,195.11,2341.31,Annual,2027-06-01,Active
2026-06-01,CUST-0036,Starter,9,149.0,0.1,195.57,2346.84,Annual,2027-06-01,Active
2025-11-01,CUST-0037,Starter,5,149.0,0.1,134.1,1609.2,Annual,2026-11-01,Active
2025-12-01,CUST-0037,Starter,5,149.0,0.1,134.44,1613.22,Annual,2026-11-01,Active
2026-01-01,CUST-0037,Starter,5,149.0,0.1,134.77,1617.25,Annual,2027-11-01,Active
2026-02-01,CUST-0037,Starter,5,149.0,0.1,135.11,1621.27,Annual,2027-11-01,Active
2026-03-01,CUST-0037,Starter,5,149.0,0.1,135.44,1625.29,Annual,2027-11-01,Active
2026-04-01,CUST-0037,Starter,5,149.0,0.1,135.78,1629.31,Annual,2027-11-01,Active
2026-05-01,CUST-0037,Starter,5,149.0,0.1,136.11,1633.34,Annual,2027-11-01,Active
2026-06-01,CUST-0037,Starter,5,149.0,0.1,136.45,1637.36,Annual,2027-11-01,Active
2025-01-01,CUST-0038,Professional,56,599.0,0.0,1297.01,15564.15,Monthly,2026-08-01,Active
2025-02-01,CUST-0038,Professional,59,599.0,0.0,1367.2,16406.46,Monthly,2026-08-01,Active
2025-03-01,CUST-0038,Professional,60,599.0,0.0,1392.96,16715.49,Monthly,2026-08-01,Active
2025-04-01,CUST-0038,Professional,61,599.0,0.0,1418.82,17025.84,Monthly,2026-08-01,Active
2025-05-01,CUST-0038,Professional,61,599.0,0.0,1422.3,17067.57,Monthly,2026-08-01,Active
2025-06-01,CUST-0038,Professional,59,599.0,0.0,1380.67,16568.1,Monthly,2026-08-01,Active
2025-07-01,CUST-0038,Professional,63,599.0,0.0,1474.46,17693.55,Monthly,2026-08-01,Active
2025-08-01,CUST-0038,Professional,58,599.0,0.0,1364.75,16377.0,Monthly,2026-08-01,Active
2025-09-01,CUST-0038,Professional,61,599.0,0.0,1436.21,17234.49,Monthly,2026-08-01,Active
2025-10-01,CUST-0038,Professional,66,599.0,0.0,1553.53,18642.42,Monthly,2026-08-01,Active
2025-11-01,CUST-0038,Professional,64,599.0,0.0,1511.64,18139.65,Monthly,2026-08-01,Active
2025-12-01,CUST-0038,Professional,63,599.0,0.0,1492.4,17908.8,Monthly,2026-08-01,Active
2026-01-01,CUST-0038,Professional,66,599.0,0.0,1564.79,18777.51,Monthly,2027-08-01,Active
2026-02-01,CUST-0038,Professional,72,599.0,0.0,1706.48,20477.82,Monthly,2027-08-01,Active
2026-03-01,CUST-0038,Professional,71,599.0,0.0,1687.52,20250.27,Monthly,2027-08-01,Active
2026-04-01,CUST-0038,Professional,70,599.0,0.0,1668.45,20021.4,Monthly,2027-08-01,Active
2026-05-01,CUST-0038,Professional,70,599.0,0.0,1672.42,20069.07,Monthly,2027-08-01,Active
2026-06-01,CUST-0038,Professional,80,599.0,0.0,1908.49,22901.94,Monthly,2027-08-01,Active
2026-04-01,CUST-0039,Professional,69,599.0,0.1,1410.3,16923.6,Annual,2027-04-01,Active
2026-05-01,CUST-0039,Professional,69,599.0,0.1,1413.83,16965.91,Annual,2027-04-01,Active
2026-06-01,CUST-0039,Professional,69,599.0,0.1,1417.35,17008.22,Annual,2027-04-01,Active
2025-01-01,CUST-0040,Starter,5,149.0,0.1,135.78,1629.31,Annual,2026-08-01,Active
2025-02-01,CUST-0040,Starter,5,149.0,0.1,136.11,1633.34,Annual,2026-08-01,Active
2025-03-01,CUST-0040,Starter,5,149.0,0.1,136.45,1637.36,Annual,2026-08-01,Active
2025-04-01,CUST-0040,Starter,5,149.0,0.1,136.78,1641.38,Annual,2026-08-01,Active
2025-05-01,CUST-0040,Starter,5,149.0,0.1,137.12,1645.41,Annual,2026-08-01,Active
2025-06-01,CUST-0040,Starter,5,149.0,0.1,137.45,1649.43,Annual,2026-08-01,Active
2025-07-01,CUST-0040,Starter,5,149.0,0.1,137.79,1653.45,Annual,2026-08-01,Active
2025-08-01,CUST-0040,Starter,5,149.0,0.1,138.12,1657.48,Annual,2026-08-01,Active
2025-09-01,CUST-0040,Starter,5,149.0,0.1,138.46,1661.5,Annual,2026-08-01,Active
2025-10-01,CUST-0040,Starter,5,149.0,0.1,138.79,1665.52,Annual,2026-08-01,Active
2025-11-01,CUST-0040,Starter,5,149.0,0.1,139.13,1669.55,Annual,2026-08-01,Active
2025-12-01,CUST-0040,Starter,5,149.0,0.1,139.46,1673.57,Annual,2026-08-01,Active
2026-01-01,CUST-0040,Starter,5,149.0,0.1,139.8,1677.59,Annual,2027-08-01,Active
2026-02-01,CUST-0040,Starter,5,149.0,0.1,140.13,1681.61,Annual,2027-08-01,Active
2026-03-01,CUST-0040,Starter,5,149.0,0.1,140.47,1685.64,Annual,2027-08-01,Active
2026-04-01,CUST-0040,Starter,5,149.0,0.1,140.81,1689.66,Annual,2027-08-01,Active
2026-05-01,CUST-0040,Starter,5,149.0,0.1,141.14,1693.68,Annual,2027-08-01,Active
2026-06-01,CUST-0040,Starter,5,149.0,0.1,141.48,1697.71,Annual,2027-08-01,Active
2025-02-01,CUST-0041,Professional,25,599.0,0.1,539.1,6469.2,Annual,2026-02-01,Active
2025-03-01,CUST-0041,Professional,25,599.0,0.1,540.45,6485.37,Annual,2026-02-01,Active
2025-04-01,CUST-0041,Professional,25,599.0,0.1,541.8,6501.55,Annual,2026-02-01,Active
2025-05-01,CUST-0041,Professional,25,599.0,0.1,543.14,6517.72,Annual,2026-02-01,Active
2025-06-01,CUST-0041,Professional,25,599.0,0.1,544.49,6533.89,Annual,2026-02-01,Active
2025-07-01,CUST-0041,Professional,25,599.0,0.1,545.84,6550.07,Annual,2026-02-01,Active
2025-08-01,CUST-0041,Professional,25,599.0,0.1,547.19,6566.24,Annual,2026-02-01,Active
2025-09-01,CUST-0041,Professional,25,599.0,0.1,548.53,6582.41,Annual,2026-02-01,Active
2025-10-01,CUST-0041,Professional,25,599.0,0.1,549.88,6598.58,Annual,2026-02-01,Active
2025-11-01,CUST-0041,Professional,25,599.0,0.1,551.23,6614.76,Annual,2026-02-01,Active
2025-12-01,CUST-0041,Professional,25,599.0,0.1,552.58,6630.93,Annual,2026-02-01,Active
2026-01-01,CUST-0041,Professional,25,599.0,0.1,553.93,6647.1,Annual,2027-02-01,Active
2026-02-01,CUST-0041,Professional,25,599.0,0.1,555.27,6663.28,Annual,2027-02-01,Active
2026-03-01,CUST-0041,Professional,25,599.0,0.1,556.62,6679.45,Annual,2027-02-01,Active
2026-04-01,CUST-0041,Professional,25,599.0,0.1,557.97,6695.62,Annual,2027-02-01,Active
2026-05-01,CUST-0041,Professional,25,599.0,0.1,559.32,6711.8,Annual,2027-02-01,Active
2026-06-01,CUST-0041,Professional,25,599.0,0.1,560.66,6727.97,Annual,2027-02-01,Active
2025-11-01,CUST-0042,Starter,8,149.0,0.0,191.0,2292.0,Monthly,2026-11-01,Active
2025-12-01,CUST-0042,Starter,7,149.0,0.0,177.44,2129.31,Monthly,2026-11-01,Active
2026-01-01,CUST-0042,Starter,8,149.0,0.0,191.95,2303.46,Monthly,2027-11-01,Active
2026-02-01,CUST-0042,Starter,7,149.0,0.0,178.33,2139.93,Monthly,2027-11-01,Active
2026-03-01,CUST-0042,Starter,7,149.0,0.0,178.77,2145.24,Monthly,2027-11-01,Active
2026-04-01,CUST-0042,Starter,8,149.0,0.0,193.39,2320.65,Monthly,2027-11-01,Active
2026-05-01,CUST-0042,Starter,8,149.0,0.0,193.86,2326.38,Monthly,2027-11-01,Active
2026-06-01,CUST-0042,Starter,8,149.0,0.0,194.34,2332.11,Monthly,2027-11-01,Active
2025-01-01,CUST-0043,Starter,8,149.0,0.0,193.86,2326.38,Monthly,2026-07-01,Active
2025-02-01,CUST-0043,Starter,7,149.0,0.0,180.1,2161.17,Monthly,2026-07-01,Active
2025-03-01,CUST-0043,Starter,8,149.0,0.0,194.82,2337.84,Monthly,2026-07-01,Active
2025-04-01,CUST-0043,Starter,8,149.0,0.0,195.3,2343.57,Monthly,2026-07-01,Active
2025-05-01,CUST-0043,Starter,8,149.0,0.0,195.77,2349.3,Monthly,2026-07-01,Active
2025-06-01,CUST-0043,Starter,8,149.0,0.0,196.25,2355.03,Monthly,2026-07-01,Active
2025-07-01,CUST-0043,Starter,8,149.0,0.0,196.73,2360.76,Monthly,2026-07-01,Active
2025-08-01,CUST-0043,Starter,8,149.0,0.0,197.21,2366.49,Monthly,2026-07-01,Active
2025-09-01,CUST-0043,Starter,8,149.0,0.0,197.68,2372.22,Monthly,2026-07-01,Active
2025-10-01,CUST-0043,Starter,7,149.0,0.0,183.64,2203.65,Monthly,2026-07-01,Active
2025-11-01,CUST-0043,Starter,8,149.0,0.0,198.64,2383.68,Monthly,2026-07-01,Active
2025-12-01,CUST-0043,Starter,9,149.0,0.0,213.71,2564.55,Monthly,2026-07-01,Active
2026-01-01,CUST-0043,Starter,8,149.0,0.0,199.59,2395.14,Monthly,2027-07-01,Active
2026-02-01,CUST-0043,Starter,9,149.0,0.0,214.74,2576.85,Monthly,2027-07-01,Active
2026-03-01,CUST-0043,Starter,9,149.0,0.0,215.25,2583.0,Monthly,2027-07-01,Active
2026-04-01,CUST-0043,Starter,9,149.0,0.0,215.76,2589.15,Monthly,2027-07-01,Active
2026-05-01,CUST-0043,Starter,9,149.0,0.0,216.27,2595.3,Monthly,2027-07-01,Active
2026-06-01,CUST-0043,Starter,9,149.0,0.0,216.79,2601.45,Monthly,2027-07-01,Active
2025-12-01,CUST-0044,Professional,59,599.0,0.0,1347.0,16164.0,Monthly,2026-12-01,Active
2026-01-01,CUST-0044,Professional,63,599.0,0.0,1438.59,17263.05,Monthly,2027-12-01,Active
2026-02-01,CUST-0044,Professional,64,599.0,0.0,1464.28,17571.42,Monthly,2027-12-01,Active
2026-03-01,CUST-0044,Professional,67,599.0,0.0,1534.42,18413.07,Monthly,2027-12-01,Active
2026-04-01,CUST-0044,Professional,60,599.0,0.0,1382.69,16592.28,Monthly,2027-12-01,Active
2026-05-01,CUST-0044,Professional,69,599.0,0.0,1586.59,19039.05,Monthly,2027-12-01,Active
2026-06-01,CUST-0044,Professional,68,599.0,0.0,1568.17,18818.1,Monthly,2027-12-01,Active
2025-01-01,CUST-0045,Starter,16,149.0,0.1,278.15,3337.85,Annual,2026-05-01,Active
2025-02-01,CUST-0045,Starter,17,149.0,0.1,291.72,3500.63,Annual,2026-05-01,Active
2025-03-01,CUST-0045,Starter,16,149.0,0.1,279.52,3354.21,Annual,2026-05-01,Active
2025-04-01,CUST-0045,Starter,17,149.0,0.1,293.15,3517.75,Annual,2026-05-01,Active
2025-05-01,CUST-0045,Starter,16,149.0,0.1,280.88,3370.57,Annual,2026-05-01,Active
2025-06-01,CUST-0045,Starter,17,149.0,0.1,294.57,3534.87,Annual,2026-05-01,Active
2025-07-01,CUST-0045,Starter,17,149.0,0.1,295.29,3543.43,Annual,2026-05-01,Active
2025-08-01,CUST-0045,Starter,17,149.0,0.1,296.0,3551.99,Annual,2026-05-01,Active
2025-09-01,CUST-0045,Starter,17,149.0,0.1,296.71,3560.54,Annual,2026-05-01,Active
2025-10-01,CUST-0045,Starter,17,149.0,0.1,297.43,3569.1,Annual,2026-05-01,Active
2025-11-01,CUST-0045,Starter,17,149.0,0.1,298.14,3577.66,Annual,2026-05-01,Active
2025-12-01,CUST-0045,Starter,17,149.0,0.1,298.85,3586.22,Annual,2026-05-01,Active
2026-01-01,CUST-0045,Starter,17,149.0,0.1,299.56,3594.78,Annual,2027-05-01,Active
2026-02-01,CUST-0045,Starter,19,149.0,0.1,326.8,3921.61,Annual,2027-05-01,Active
2026-03-01,CUST-0045,Starter,17,149.0,0.1,300.99,3611.9,Annual,2027-05-01,Active
2026-04-01,CUST-0045,Starter,19,149.0,0.1,328.35,3940.25,Annual,2027-05-01,Active
2026-05-01,CUST-0045,Starter,19,149.0,0.1,329.13,3949.56,Annual,2027-05-01,Active
2026-06-01,CUST-0045,Starter,17,149.0,0.1,303.13,3637.58,Annual,2027-05-01,Active
2025-08-01,CUST-0046,Professional,26,599.0,0.1,558.9,6706.8,Annual,2026-08-01,Active
2025-09-01,CUST-0046,Professional,26,599.0,0.1,560.3,6723.57,Annual,2026-08-01,Active
2025-10-01,CUST-0046,Professional,25,599.0,0.1,541.8,6501.55,Annual,2026-08-01,Active
2025-11-01,CUST-0046,Professional,29,599.0,0.1,622.94,7475.25,Annual,2026-08-01,Active
2025-12-01,CUST-0046,Professional,29,599.0,0.1,624.48,7493.8,Annual,2026-08-01,Active
2026-01-01,CUST-0046,Professional,28,599.0,0.1,605.98,7271.77,Annual,2027-08-01,Active
2026-02-01,CUST-0046,Professional,29,599.0,0.1,627.57,7530.89,Annual,2027-08-01,Active
2026-03-01,CUST-0046,Professional,29,599.0,0.1,629.12,7549.44,Annual,2027-08-01,Active
2026-04-01,CUST-0046,Professional,29,599.0,0.1,630.67,7567.99,Annual,2027-08-01,Active
2026-05-01,CUST-0046,Professional,30,599.0,0.1,652.46,7829.49,Annual,2027-08-01,Active
2026-06-01,CUST-0046,Professional,32,599.0,0.1,694.64,8335.71,Annual,2027-08-01,Active
2025-01-01,CUST-0047,Starter,13,149.0,0.1,238.42,2861.08,Annual,2026-07-01,Active
2025-02-01,CUST-0047,Starter,15,149.0,0.1,264.65,3175.82,Annual,2026-07-01,Active
2025-03-01,CUST-0047,Starter,14,149.0,0.1,252.45,3029.4,Annual,2026-07-01,Active
2025-04-01,CUST-0047,Starter,15,149.0,0.1,265.95,3191.43,Annual,2026-07-01,Active
2025-05-01,CUST-0047,Starter,15,149.0,0.1,266.6,3199.23,Annual,2026-07-01,Active
2025-06-01,CUST-0047,Starter,15,149.0,0.1,267.25,3207.03,Annual,2026-07-01,Active
2025-07-01,CUST-0047,Starter,15,149.0,0.1,267.9,3214.84,Annual,2026-07-01,Active
2025-08-01,CUST-0047,Starter,14,149.0,0.1,255.54,3066.52,Annual,2026-07-01,Active
2025-09-01,CUST-0047,Starter,12,149.0,0.1,230.08,2760.97,Annual,2026-07-01,Active
2025-10-01,CUST-0047,Starter,16,149.0,0.1,282.93,3395.12,Annual,2026-07-01,Active
2025-11-01,CUST-0047,Starter,14,149.0,0.1,257.4,3088.8,Annual,2026-07-01,Active
2025-12-01,CUST-0047,Starter,16,149.0,0.1,284.29,3411.48,Annual,2026-07-01,Active
2026-01-01,CUST-0047,Starter,15,149.0,0.1,271.8,3261.65,Annual,2027-07-01,Active
2026-02-01,CUST-0047,Starter,17,149.0,0.1,298.85,3586.22,Annual,2027-07-01,Active
2026-03-01,CUST-0047,Starter,15,149.0,0.1,273.11,3277.26,Annual,2027-07-01,Active
2026-04-01,CUST-0047,Starter,15,149.0,0.1,273.76,3285.06,Annual,2027-07-01,Active
2026-05-01,CUST-0047,Starter,16,149.0,0.1,287.7,3452.38,Annual,2027-07-01,Active
2026-06-01,CUST-0047,Starter,16,149.0,0.1,288.38,3460.56,Annual,2027-07-01,Active
2025-10-01,CUST-0048,Professional,30,599.0,0.0,709.0,8508.0,Monthly,2026-10-01,Active
2025-11-01,CUST-0048,Professional,31,599.0,0.0,732.83,8793.93,Monthly,2026-10-01,Active
2025-12-01,CUST-0048,Professional,35,599.0,0.0,823.09,9877.14,Monthly,2026-10-01,Active
2026-01-01,CUST-0048,Professional,34,599.0,0.0,802.98,9635.73,Monthly,2027-10-01,Active
2026-02-01,CUST-0048,Professional,35,599.0,0.0,827.19,9926.28,Monthly,2027-10-01,Active
2026-03-01,CUST-0048,Professional,36,599.0,0.0,851.51,10218.15,Monthly,2027-10-01,Active
2026-04-01,CUST-0048,Enterprise,100,2499.0,0.0,2536.48,30437.82,Monthly,2027-10-01,Active
2026-05-01,CUST-0048,Enterprise,100,2499.0,0.0,2542.73,30512.79,Monthly,2027-10-01,Active
2026-06-01,CUST-0048,Enterprise,100,2499.0,0.0,2548.98,30587.76,Monthly,2027-10-01,Active
2025-07-01,CUST-0049,Starter,5,149.0,0.1,134.1,1609.2,Annual,2026-07-01,Active
2025-08-01,CUST-0049,Starter,5,149.0,0.1,134.44,1613.22,Annual,2026-07-01,Active
2025-09-01,CUST-0049,Starter,5,149.0,0.1,134.77,1617.25,Annual,2026-07-01,Active
2025-10-01,CUST-0049,Starter,5,149.0,0.1,135.11,1621.27,Annual,2026-07-01,Active
2025-11-01,CUST-0049,Starter,5,149.0,0.1,135.44,1625.29,Annual,2026-07-01,Active
2025-12-01,CUST-0049,Starter,5,149.0,0.1,135.78,1629.31,Annual,2026-07-01,Active
2026-01-01,CUST-0049,Starter,5,149.0,0.1,136.11,1633.34,Annual,2027-07-01,Active
2026-02-01,CUST-0049,Starter,5,149.0,0.1,136.45,1637.36,Annual,2027-07-01,Active
2026-03-01,CUST-0049,Starter,5,149.0,0.1,136.78,1641.38,Annual,2027-07-01,Active
2026-04-01,CUST-0049,Starter,5,149.0,0.1,137.12,1645.41,Annual,2027-07-01,Active
2026-05-01,CUST-0049,Starter,5,149.0,0.1,137.45,1649.43,Annual,2027-07-01,Active
2026-06-01,CUST-0049,Starter,5,149.0,0.1,137.79,1653.45,Annual,2027-07-01,Active
2025-06-01,CUST-0050,Professional,45,599.0,0.1,935.1,11221.2,Annual,2026-06-01,Active
2025-07-01,CUST-0050,Professional,49,599.0,0.1,1016.84,12202.03,Annual,2026-06-01,Active
2025-08-01,CUST-0050,Professional,45,599.0,0.1,939.78,11277.31,Annual,2026-06-01,Active
2025-09-01,CUST-0050,Professional,50,599.0,0.1,1041.86,12502.27,Annual,2026-06-01,Active
2025-10-01,CUST-0050,Professional,49,599.0,0.1,1024.44,12293.32,Annual,2026-06-01,Active
2025-11-01,CUST-0050,Professional,54,599.0,0.1,1127.22,13526.59,Annual,2026-06-01,Active
2025-12-01,CUST-0050,Professional,52,599.0,0.1,1089.81,13077.67,Annual,2026-06-01,Active
2026-01-01,CUST-0050,Professional,53,599.0,0.1,1112.64,13351.64,Annual,2027-06-01,Active
2026-02-01,CUST-0050,Professional,55,599.0,0.1,1155.76,13869.14,Annual,2027-06-01,Active
2026-03-01,CUST-0050,Professional,55,599.0,0.1,1158.59,13903.14,Annual,2027-06-01,Active
2025-01-01,CUST-0051,Enterprise,140,2499.0,0.0,3823.13,45877.53,Monthly,2026-04-01,Active
2025-02-01,CUST-0051,Enterprise,144,2499.0,0.0,3959.57,47514.9,Monthly,2026-04-01,Active
2025-03-01,CUST-0051,Enterprise,148,2499.0,0.0,4096.64,49159.71,Monthly,2026-04-01,Active
2025-04-01,CUST-0051,Enterprise,151,2499.0,0.0,4202.4,50428.8,Monthly,2026-04-01,Active
2025-05-01,CUST-0051,Enterprise,147,2499.0,0.0,4084.57,49014.84,Monthly,2026-04-01,Active
2025-06-01,CUST-0051,Enterprise,140,2499.0,0.0,3869.86,46438.38,Monthly,2026-04-01,Active
2025-07-01,CUST-0051,Enterprise,149,2499.0,0.0,4168.68,50024.1,Monthly,2026-04-01,Active
2025-08-01,CUST-0051,Enterprise,143,2499.0,0.0,3985.28,47823.36,Monthly,2026-04-01,Active
2025-09-01,CUST-0051,Enterprise,159,2499.0,0.0,4511.94,54143.28,Monthly,2026-04-01,Active
2025-07-01,CUST-0052,Starter,5,149.0,0.1,134.1,1609.2,Annual,2026-07-01,Active
2025-08-01,CUST-0052,Starter,5,149.0,0.1,134.44,1613.22,Annual,2026-07-01,Active
2025-09-01,CUST-0052,Starter,5,149.0,0.1,134.77,1617.25,Annual,2026-07-01,Active
2025-10-01,CUST-0052,Starter,5,149.0,0.1,135.11,1621.27,Annual,2026-07-01,Active
2025-11-01,CUST-0052,Starter,5,149.0,0.1,135.44,1625.29,Annual,2026-07-01,Active
2025-12-01,CUST-0052,Starter,5,149.0,0.1,135.78,1629.31,Annual,2026-07-01,Active
2026-01-01,CUST-0052,Starter,5,149.0,0.1,136.11,1633.34,Annual,2027-07-01,Active
2026-02-01,CUST-0052,Starter,5,149.0,0.1,136.45,1637.36,Annual,2027-07-01,Active
2026-03-01,CUST-0052,Starter,5,149.0,0.1,136.78,1641.38,Annual,2027-07-01,Active
2026-04-01,CUST-0052,Starter,5,149.0,0.1,137.12,1645.41,Annual,2027-07-01,Active
2026-05-01,CUST-0052,Starter,5,149.0,0.1,137.45,1649.43,Annual,2027-07-01,Active
2025-04-01,CUST-0053,Professional,46,599.0,0.0,1061.0,12732.0,Monthly,2026-04-01,Active
2025-05-01,CUST-0053,Professional,44,599.0,0.0,1019.54,12234.51,Monthly,2026-04-01,Active
2025-06-01,CUST-0053,Professional,45,599.0,0.0,1044.19,12530.34,Monthly,2026-04-01,Active
2025-07-01,CUST-0053,Professional,45,599.0,0.0,1046.79,12561.51,Monthly,2026-04-01,Active
2025-08-01,CUST-0053,Professional,44,599.0,0.0,1027.17,12326.04,Monthly,2026-04-01,Active
2025-09-01,CUST-0053,Professional,44,599.0,0.0,1029.71,12356.55,Monthly,2026-04-01,Active
2025-10-01,CUST-0053,Professional,46,599.0,0.0,1076.91,12922.98,Monthly,2026-04-01,Active
2025-11-01,CUST-0053,Professional,45,599.0,0.0,1057.18,12686.19,Monthly,2026-04-01,Active
2025-12-01,CUST-0053,Professional,50,599.0,0.0,1171.98,14063.76,Monthly,2026-04-01,Active
2025-01-01,CUST-0054,Enterprise,312,2499.0,0.0,9229.74,110756.91,Monthly,2026-06-01,Active
2025-02-01,CUST-0054,Enterprise,307,2499.0,0.0,9094.32,109131.84,Monthly,2026-06-01,Active
2025-03-01,CUST-0054,Enterprise,329,2499.0,0.0,9813.95,117767.46,Monthly,2026-06-01,Active
2025-04-01,CUST-0054,Enterprise,337,2499.0,0.0,10092.15,121105.8,Monthly,2026-06-01,Active
2025-05-01,CUST-0054,Enterprise,352,2499.0,0.0,10594.55,127134.63,Monthly,2026-06-01,Active
2025-06-01,CUST-0054,Enterprise,330,2499.0,0.0,9917.87,119014.44,Monthly,2026-06-01,Active
2025-07-01,CUST-0054,Enterprise,335,2499.0,0.0,10101.98,121223.76,Monthly,2026-06-01,Active
2025-08-01,CUST-0054,Enterprise,326,2499.0,0.0,9837.67,118052.1,Monthly,2026-06-01,Active
2025-09-01,CUST-0054,Enterprise,332,2499.0,0.0,10054.41,120652.95,Monthly,2026-06-01,Active
2025-10-01,CUST-0054,Enterprise,327,2499.0,0.0,9917.44,119009.28,Monthly,2026-06-01,Active
2025-11-01,CUST-0054,Enterprise,362,2499.0,0.0,11072.39,132868.71,Monthly,2026-06-01,Active
2025-12-01,CUST-0054,Enterprise,369,2499.0,0.0,11325.71,135908.52,Monthly,2026-06-01,Active
2026-01-01,CUST-0054,Enterprise,378,2499.0,0.0,11645.06,139740.69,Monthly,2027-06-01,Active
2026-02-01,CUST-0054,Enterprise,396,2499.0,0.0,12258.75,147105.0,Monthly,2027-06-01,Active
2026-03-01,CUST-0054,Enterprise,411,2499.0,0.0,12777.35,153328.2,Monthly,2027-06-01,Active
2026-04-01,CUST-0054,Enterprise,420,2499.0,0.0,13102.05,157224.54,Monthly,2027-06-01,Active
2026-05-01,CUST-0054,Enterprise,393,2499.0,0.0,12247.97,146975.58,Monthly,2027-06-01,Active
2026-06-01,CUST-0054,Enterprise,426,2499.0,0.0,13361.3,160335.6,Monthly,2027-06-01,Active
2025-01-01,CUST-0055,Professional,57,599.0,0.1,1187.36,14248.31,Annual,2026-08-01,Active
2025-02-01,CUST-0055,Professional,59,599.0,0.1,1230.48,14765.81,Annual,2026-08-01,Active
2025-03-01,CUST-0055,Professional,67,599.0,0.1,1394.69,16736.25,Annual,2026-08-01,Active
2025-04-01,CUST-0055,Professional,62,599.0,0.1,1297.13,15565.61,Annual,2026-08-01,Active
2025-05-01,CUST-0055,Professional,61,599.0,0.1,1280.07,15360.81,Annual,2026-08-01,Active
2025-06-01,CUST-0055,Professional,66,599.0,0.1,1384.67,16616.07,Annual,2026-08-01,Active
2025-07-01,CUST-0055,Professional,61,599.0,0.1,1286.33,15435.93,Annual,2026-08-01,Active
2025-08-01,CUST-0055,Professional,65,599.0,0.1,1371.03,16452.4,Annual,2026-08-01,Active
2025-09-01,CUST-0055,Professional,60,599.0,0.1,1272.14,15265.72,Annual,2026-08-01,Active
2025-10-01,CUST-0055,Professional,66,599.0,0.1,1398.18,16778.18,Annual,2026-08-01,Active
2025-11-01,CUST-0055,Professional,59,599.0,0.1,1257.76,15093.14,Annual,2026-08-01,Active
2025-12-01,CUST-0055,Professional,60,599.0,0.1,1281.38,15376.61,Annual,2026-08-01,Active
2026-01-01,CUST-0055,Professional,69,599.0,0.1,1470.24,17642.85,Annual,2027-08-01,Active
2026-02-01,CUST-0055,Professional,69,599.0,0.1,1473.76,17685.16,Annual,2027-08-01,Active
2026-03-01,CUST-0055,Professional,71,599.0,0.1,1518.77,18225.24,Annual,2027-08-01,Active
2026-04-01,CUST-0055,Professional,74,599.0,0.1,1584.77,19017.18,Annual,2027-08-01,Active
2026-05-01,CUST-0055,Professional,71,599.0,0.1,1526.02,18312.24,Annual,2027-08-01,Active
2026-06-01,CUST-0055,Professional,74,599.0,0.1,1592.31,19107.74,Annual,2027-08-01,Active
2025-09-01,CUST-0056,Professional,25,599.0,0.1,539.1,6469.2,Annual,2026-09-01,Active
2025-10-01,CUST-0056,Professional,25,599.0,0.1,540.45,6485.37,Annual,2026-09-01,Active
2025-11-01,CUST-0056,Professional,25,599.0,0.1,541.8,6501.55,Annual,2026-09-01,Active
2025-12-01,CUST-0056,Professional,25,599.0,0.1,543.14,6517.72,Annual,2026-09-01,Active
2026-01-01,CUST-0056,Professional,25,599.0,0.1,544.49,6533.89,Annual,2027-09-01,Active
2026-02-01,CUST-0056,Professional,25,599.0,0.1,545.84,6550.07,Annual,2027-09-01,Active
2026-03-01,CUST-0056,Professional,25,599.0,0.1,547.19,6566.24,Annual,2027-09-01,Active
2026-04-01,CUST-0056,Professional,25,599.0,0.1,548.53,6582.41,Annual,2027-09-01,Active
2026-05-01,CUST-0056,Professional,25,599.0,0.1,549.88,6598.58,Annual,2027-09-01,Active
2026-06-01,CUST-0056,Professional,25,599.0,0.1,551.23,6614.76,Annual,2027-09-01,Active
2026-04-01,CUST-0057,Professional,137,599.0,0.1,2756.7,33080.4,Annual,2027-04-01,Active
2026-05-01,CUST-0057,Professional,136,599.0,0.1,2743.74,32924.91,Annual,2027-04-01,Active
2026-06-01,CUST-0057,Professional,130,599.0,0.1,2631.19,31574.29,Annual,2027-04-01,Active
2025-11-01,CUST-0058,Enterprise,221,2499.0,0.0,6250.0,75000.0,Monthly,2026-11-01,Active
2025-12-01,CUST-0058,Enterprise,242,2499.0,0.0,6918.25,83019.03,Monthly,2026-11-01,Active
2026-01-01,CUST-0058,Enterprise,233,2499.0,0.0,6655.11,79861.32,Monthly,2027-11-01,Active
2026-02-01,CUST-0058,Enterprise,259,2499.0,0.0,7483.71,89804.52,Monthly,2027-11-01,Active
2026-03-01,CUST-0058,Enterprise,267,2499.0,0.0,7752.76,93033.12,Monthly,2027-11-01,Active
2026-04-01,CUST-0058,Enterprise,263,2499.0,0.0,7646.4,91756.8,Monthly,2027-11-01,Active
2026-05-01,CUST-0058,Enterprise,241,2499.0,0.0,6973.05,83676.6,Monthly,2027-11-01,Active
2026-06-01,CUST-0058,Enterprise,244,2499.0,0.0,7084.85,85018.23,Monthly,2027-11-01,Active
2025-11-01,CUST-0059,Professional,56,599.0,0.1,1152.9,13834.8,Annual,2026-11-01,Active
2025-12-01,CUST-0059,Professional,61,599.0,0.1,1255.03,15060.36,Annual,2026-11-01,Active
2026-01-01,CUST-0059,Professional,67,599.0,0.1,1377.55,16530.64,Annual,2027-11-01,Active
2026-02-01,CUST-0059,Professional,64,599.0,0.1,1321.13,15853.62,Annual,2027-11-01,Active
2026-03-01,CUST-0059,Professional,65,599.0,0.1,1344.41,16132.93,Annual,2027-11-01,Active
2026-04-01,CUST-0059,Professional,65,599.0,0.1,1347.74,16172.86,Annual,2027-11-01,Active
2026-05-01,CUST-0059,Professional,65,599.0,0.1,1351.07,16212.8,Annual,2027-11-01,Active
2026-06-01,CUST-0059,Professional,72,599.0,0.1,1495.42,17945.04,Annual,2027-11-01,Active
2025-01-01,CUST-0060,Starter,13,149.0,0.0,266.87,3202.47,Monthly,2026-04-01,Active
2025-02-01,CUST-0060,Starter,14,149.0,0.0,281.88,3382.5,Monthly,2026-04-01,Active
2025-03-01,CUST-0060,Starter,14,149.0,0.0,282.56,3390.75,Monthly,2026-04-01,Active
2025-04-01,CUST-0060,Starter,13,149.0,0.0,268.83,3225.96,Monthly,2026-04-01,Active
2025-05-01,CUST-0060,Starter,13,149.0,0.0,269.48,3233.79,Monthly,2026-04-01,Active
2025-06-01,CUST-0060,Starter,14,149.0,0.0,284.62,3415.5,Monthly,2026-04-01,Active
2025-07-01,CUST-0060,Starter,14,149.0,0.0,285.31,3423.75,Monthly,2026-04-01,Active
2025-08-01,CUST-0060,Starter,13,149.0,0.0,271.44,3257.28,Monthly,2026-04-01,Active
2025-09-01,CUST-0060,Starter,14,149.0,0.0,286.69,3440.25,Monthly,2026-04-01,Active
2025-10-01,CUST-0060,Starter,13,149.0,0.0,272.75,3272.94,Monthly,2026-04-01,Active
2025-11-01,CUST-0060,Starter,13,149.0,0.0,273.4,3280.77,Monthly,2026-04-01,Active
2025-12-01,CUST-0060,Starter,14,149.0,0.0,288.75,3465.0,Monthly,2026-04-01,Active
2026-01-01,CUST-0060,Starter,14,149.0,0.0,289.44,3473.25,Monthly,2027-04-01,Active
2026-02-01,CUST-0060,Starter,14,149.0,0.0,290.12,3481.5,Monthly,2027-04-01,Active
2026-03-01,CUST-0060,Starter,15,149.0,0.0,305.62,3667.41,Monthly,2027-04-01,Active
2026-04-01,CUST-0060,Starter,15,149.0,0.0,306.34,3676.08,Monthly,2027-04-01,Active
2026-05-01,CUST-0060,Starter,15,149.0,0.0,307.06,3684.75,Monthly,2027-04-01,Active
2026-06-01,CUST-0060,Starter,15,149.0,0.0,307.78,3693.42,Monthly,2027-04-01,Active
2025-01-01,CUST-0061,Starter,11,149.0,0.0,237.66,2851.92,Monthly,2026-05-01,Active
2025-02-01,CUST-0061,Starter,11,149.0,0.0,238.24,2858.91,Monthly,2026-05-01,Active
2025-03-01,CUST-0061,Starter,12,149.0,0.0,253.17,3038.1,Monthly,2026-05-01,Active
2025-04-01,CUST-0061,Starter,11,149.0,0.0,239.41,2872.89,Monthly,2026-05-01,Active
2025-05-01,CUST-0061,Starter,11,149.0,0.0,239.99,2879.88,Monthly,2026-05-01,Active
2025-06-01,CUST-0061,Starter,11,149.0,0.0,240.57,2886.87,Monthly,2026-05-01,Active
2025-07-01,CUST-0061,Starter,12,149.0,0.0,255.64,3067.74,Monthly,2026-05-01,Active
2025-08-01,CUST-0061,Starter,11,149.0,0.0,241.74,2900.85,Monthly,2026-05-01,Active
2025-09-01,CUST-0061,Starter,12,149.0,0.0,256.88,3082.56,Monthly,2026-05-01,Active
2025-10-01,CUST-0061,Starter,11,149.0,0.0,242.9,2914.83,Monthly,2026-05-01,Active
2025-01-01,CUST-0062,Professional,25,599.0,0.1,545.84,6550.07,Annual,2026-08-01,Active
2025-02-01,CUST-0062,Professional,25,599.0,0.1,547.19,6566.24,Annual,2026-08-01,Active
2025-03-01,CUST-0062,Professional,25,599.0,0.1,548.53,6582.41,Annual,2026-08-01,Active
2025-04-01,CUST-0062,Professional,25,599.0,0.1,549.88,6598.58,Annual,2026-08-01,Active
2025-05-01,CUST-0062,Professional,25,599.0,0.1,551.23,6614.76,Annual,2026-08-01,Active
2025-06-01,CUST-0062,Professional,25,599.0,0.1,552.58,6630.93,Annual,2026-08-01,Active
2025-07-01,CUST-0062,Professional,25,599.0,0.1,553.93,6647.1,Annual,2026-08-01,Active
2025-08-01,CUST-0062,Professional,25,599.0,0.1,555.27,6663.28,Annual,2026-08-01,Active
2025-09-01,CUST-0062,Professional,25,599.0,0.1,556.62,6679.45,Annual,2026-08-01,Active
2025-10-01,CUST-0062,Professional,25,599.0,0.1,557.97,6695.62,Annual,2026-08-01,Active
2025-11-01,CUST-0062,Professional,25,599.0,0.1,559.32,6711.8,Annual,2026-08-01,Active
2025-12-01,CUST-0062,Professional,25,599.0,0.1,560.66,6727.97,Annual,2026-08-01,Active
2026-01-01,CUST-0062,Professional,25,599.0,0.1,562.01,6744.14,Annual,2027-08-01,Active
2026-02-01,CUST-0062,Professional,25,599.0,0.1,563.36,6760.31,Annual,2027-08-01,Active
2026-03-01,CUST-0062,Professional,25,599.0,0.1,564.71,6776.49,Annual,2027-08-01,Active
2026-04-01,CUST-0062,Professional,25,599.0,0.1,566.06,6792.66,Annual,2027-08-01,Active
2026-05-01,CUST-0062,Professional,25,599.0,0.1,567.4,6808.83,Annual,2027-08-01,Active
2026-06-01,CUST-0062,Professional,25,599.0,0.1,568.75,6825.01,Annual,2027-08-01,Active
2025-01-01,CUST-0063,Enterprise,369,2499.0,0.25,8250.43,99005.13,Annual,2026-07-01,Active
2025-02-01,CUST-0063,Enterprise,356,2499.0,0.25,7963.21,95558.51,Annual,2026-07-01,Active
2025-03-01,CUST-0063,Enterprise,345,2499.0,0.25,7721.91,92662.92,Annual,2026-07-01,Active
2025-04-01,CUST-0063,Enterprise,374,2499.0,0.25,8430.26,101163.08,Annual,2026-07-01,Active
2025-05-01,CUST-0063,Enterprise,361,2499.0,0.25,8141.06,97692.75,Annual,2026-07-01,Active
2025-06-01,CUST-0063,Enterprise,398,2499.0,0.25,9044.83,108537.91,Annual,2026-07-01,Active
2025-07-01,CUST-0063,Enterprise,378,2499.0,0.25,8587.88,103054.59,Annual,2026-07-01,Active
2025-08-01,CUST-0063,Enterprise,424,2499.0,0.25,9712.99,116555.83,Annual,2026-07-01,Active
2025-09-01,CUST-0063,Enterprise,392,2499.0,0.25,8966.46,107597.56,Annual,2026-07-01,Active
2025-10-01,CUST-0063,Enterprise,403,2499.0,0.25,9253.46,111041.55,Annual,2026-07-01,Active
2025-11-01,CUST-0063,Enterprise,401,2499.0,0.25,9227.4,110728.8,Annual,2026-07-01,Active
2025-12-01,CUST-0063,Enterprise,435,2499.0,0.25,10073.68,120884.13,Annual,2026-07-01,Active
2026-01-01,CUST-0063,Enterprise,442,2499.0,0.25,10267.91,123214.9,Annual,2027-07-01,Active
2025-01-01,CUST-0064,Professional,25,599.0,0.1,540.45,6485.37,Annual,2026-12-01,Active
2025-02-01,CUST-0064,Professional,27,599.0,0.1,581.59,6979.12,Annual,2026-12-01,Active
2025-03-01,CUST-0064,Professional,27,599.0,0.1,583.04,6996.48,Annual,2026-12-01,Active
2025-04-01,CUST-0064,Professional,28,599.0,0.1,604.49,7253.82,Annual,2026-12-01,Active
2025-05-01,CUST-0064,Professional,28,599.0,0.1,605.98,7271.77,Annual,2026-12-01,Active
2025-06-01,CUST-0064,Professional,28,599.0,0.1,607.48,7289.73,Annual,2026-12-01,Active
2025-07-01,CUST-0064,Professional,28,599.0,0.1,608.97,7307.68,Annual,2026-12-01,Active
2025-08-01,CUST-0064,Professional,30,599.0,0.1,650.86,7810.34,Annual,2026-12-01,Active
2025-09-01,CUST-0064,Professional,28,599.0,0.1,611.97,7343.59,Annual,2026-12-01,Active
2025-10-01,CUST-0064,Professional,28,599.0,0.1,613.46,7361.55,Annual,2026-12-01,Active
2025-11-01,CUST-0064,Professional,30,599.0,0.1,655.65,7867.77,Annual,2026-12-01,Active
2025-12-01,CUST-0064,Professional,28,599.0,0.1,616.46,7397.46,Annual,2026-12-01,Active
2026-01-01,CUST-0064,Professional,30,599.0,0.1,658.84,7906.06,Annual,2027-12-01,Active
2026-02-01,CUST-0064,Professional,29,599.0,0.1,639.94,7679.29,Annual,2027-12-01,Active
2026-03-01,CUST-0064,Professional,32,599.0,0.1,703.11,8437.37,Annual,2027-12-01,Active
2026-04-01,CUST-0064,Professional,32,599.0,0.1,704.81,8457.7,Annual,2027-12-01,Active
2026-05-01,CUST-0064,Professional,34,599.0,0.1,747.79,8973.42,Annual,2027-12-01,Active
2026-06-01,CUST-0064,Professional,32,599.0,0.1,708.2,8498.36,Annual,2027-12-01,Active
2025-12-01,CUST-0065,Enterprise,100,2499.0,0.25,1874.25,22491.0,Annual,2026-12-01,Active
2026-01-01,CUST-0065,Enterprise,100,2499.0,0.25,1878.94,22547.23,Annual,2027-12-01,Active
2026-02-01,CUST-0065,Enterprise,100,2499.0,0.25,1883.62,22603.45,Annual,2027-12-01,Active
2026-03-01,CUST-0065,Enterprise,100,2499.0,0.25,1888.31,22659.68,Annual,2027-12-01,Active
2026-04-01,CUST-0065,Enterprise,100,2499.0,0.25,1892.99,22715.91,Annual,2027-12-01,Active
2026-05-01,CUST-0065,Enterprise,100,2499.0,0.25,1897.68,22772.14,Annual,2027-12-01,Active
2026-06-01,CUST-0065,Enterprise,100,2499.0,0.25,1902.36,22828.36,Annual,2027-12-01,Active
2025-02-01,CUST-0066,Professional,25,599.0,0.1,539.1,6469.2,Annual,2026-02-01,Active
2025-03-01,CUST-0066,Professional,25,599.0,0.1,540.45,6485.37,Annual,2026-02-01,Active
2025-04-01,CUST-0066,Professional,25,599.0,0.1,541.8,6501.55,Annual,2026-02-01,Active
2025-05-01,CUST-0066,Professional,25,599.0,0.1,543.14,6517.72,Annual,2026-02-01,Active
2025-06-01,CUST-0066,Professional,25,599.0,0.1,544.49,6533.89,Annual,2026-02-01,Active
2025-07-01,CUST-0066,Professional,25,599.0,0.1,545.84,6550.07,Annual,2026-02-01,Active
2025-08-01,CUST-0066,Professional,25,599.0,0.1,547.19,6566.24,Annual,2026-02-01,Active
2025-09-01,CUST-0066,Professional,25,599.0,0.1,548.53,6582.41,Annual,2026-02-01,Active
2025-10-01,CUST-0066,Professional,25,599.0,0.1,549.88,6598.58,Annual,2026-02-01,Active
2025-11-01,CUST-0066,Professional,25,599.0,0.1,551.23,6614.76,Annual,2026-02-01,Active
2025-12-01,CUST-0066,Professional,25,599.0,0.1,552.58,6630.93,Annual,2026-02-01,Active
2026-01-01,CUST-0066,Professional,25,599.0,0.1,553.93,6647.1,Annual,2027-02-01,Active
2026-02-01,CUST-0066,Professional,25,599.0,0.1,555.27,6663.28,Annual,2027-02-01,Active
2026-03-01,CUST-0066,Professional,25,599.0,0.1,556.62,6679.45,Annual,2027-02-01,Active
2026-04-01,CUST-0066,Professional,25,599.0,0.1,557.97,6695.62,Annual,2027-02-01,Active
2026-05-01,CUST-0066,Professional,25,599.0,0.1,559.32,6711.8,Annual,2027-02-01,Active
2026-06-01,CUST-0066,Professional,25,599.0,0.1,560.66,6727.97,Annual,2027-02-01,Active
2025-06-01,CUST-0067,Starter,15,149.0,0.1,260.1,3121.2,Annual,2026-06-01,Active
2025-07-01,CUST-0067,Starter,15,149.0,0.1,260.75,3129.0,Annual,2026-06-01,Active
2025-08-01,CUST-0067,Starter,15,149.0,0.1,261.4,3136.81,Annual,2026-06-01,Active
2025-09-01,CUST-0067,Starter,15,149.0,0.1,262.05,3144.61,Annual,2026-06-01,Active
2025-10-01,CUST-0067,Starter,16,149.0,0.1,275.43,3305.12,Annual,2026-06-01,Active
2025-11-01,CUST-0067,Starter,15,149.0,0.1,263.35,3160.22,Annual,2026-06-01,Active
2025-12-01,CUST-0067,Starter,16,149.0,0.1,276.79,3321.49,Annual,2026-06-01,Active
2026-01-01,CUST-0067,Starter,17,149.0,0.1,290.29,3483.51,Annual,2027-06-01,Active
2026-02-01,CUST-0067,Starter,17,149.0,0.1,291.01,3492.07,Annual,2027-06-01,Active
2026-03-01,CUST-0067,Starter,17,149.0,0.1,291.72,3500.63,Annual,2027-06-01,Active
2026-04-01,CUST-0067,Starter,16,149.0,0.1,279.52,3354.21,Annual,2027-06-01,Active
2026-05-01,CUST-0067,Starter,17,149.0,0.1,293.15,3517.75,Annual,2027-06-01,Active
2026-06-01,CUST-0067,Starter,17,149.0,0.1,293.86,3526.31,Annual,2027-06-01,Active
2025-11-01,CUST-0068,Starter,8,149.0,0.1,171.9,2062.8,Annual,2026-11-01,Active
2025-12-01,CUST-0068,Starter,9,149.0,0.1,184.96,2219.53,Annual,2026-11-01,Active
2026-01-01,CUST-0068,Starter,9,149.0,0.1,185.42,2225.07,Annual,2027-11-01,Active
2026-02-01,CUST-0068,Starter,9,149.0,0.1,185.88,2230.61,Annual,2027-11-01,Active
2026-03-01,CUST-0068,Starter,10,149.0,0.1,199.07,2388.85,Annual,2027-11-01,Active
2026-04-01,CUST-0068,Starter,9,149.0,0.1,186.81,2241.68,Annual,2027-11-01,Active
2026-05-01,CUST-0068,Starter,9,149.0,0.1,187.27,2247.21,Annual,2027-11-01,Active
2026-06-01,CUST-0068,Starter,10,149.0,0.1,200.55,2406.59,Annual,2027-11-01,Active
2025-09-01,CUST-0069,Enterprise,100,2499.0,0.13,2174.13,26089.56,Annual,2026-09-01,Active
2025-10-01,CUST-0069,Enterprise,100,2499.0,0.13,2179.57,26154.78,Annual,2026-09-01,Active
2025-11-01,CUST-0069,Enterprise,100,2499.0,0.13,2185.0,26220.01,Annual,2026-09-01,Active
2025-12-01,CUST-0069,Enterprise,100,2499.0,0.13,2190.44,26285.23,Annual,2026-09-01,Active
2026-01-01,CUST-0069,Enterprise,100,2499.0,0.13,2195.87,26350.46,Annual,2027-09-01,Active
2026-02-01,CUST-0069,Enterprise,100,2499.0,0.13,2201.31,26415.68,Annual,2027-09-01,Active
2026-03-01,CUST-0069,Enterprise,100,2499.0,0.13,2206.74,26480.9,Annual,2027-09-01,Active
2026-04-01,CUST-0069,Enterprise,100,2499.0,0.13,2212.18,26546.13,Annual,2027-09-01,Active
2026-05-01,CUST-0069,Enterprise,100,2499.0,0.13,2217.61,26611.35,Annual,2027-09-01,Active
2026-06-01,CUST-0069,Enterprise,100,2499.0,0.13,2223.05,26676.58,Annual,2027-09-01,Active
2025-12-01,CUST-0070,Professional,56,599.0,0.1,1152.9,13834.8,Annual,2026-12-01,Active
2026-01-01,CUST-0070,Professional,55,599.0,0.1,1135.93,13631.19,Annual,2027-12-01,Active
2026-02-01,CUST-0070,Professional,59,599.0,0.1,1218.36,14620.34,Annual,2027-12-01,Active
2026-03-01,CUST-0070,Professional,56,599.0,0.1,1161.55,13938.56,Annual,2027-12-01,Active
2026-04-01,CUST-0070,Professional,56,599.0,0.1,1164.43,13973.15,Annual,2027-12-01,Active
2026-05-01,CUST-0070,Professional,62,599.0,0.1,1287.6,15451.16,Annual,2027-12-01,Active
2026-06-01,CUST-0070,Professional,63,599.0,0.1,1310.87,15730.47,Annual,2027-12-01,Active
2025-01-01,CUST-0071,Professional,47,599.0,0.22,857.41,10288.93,Annual,2026-07-01,Active
2025-02-01,CUST-0071,Professional,46,599.0,0.22,842.06,10104.75,Annual,2026-07-01,Active
2025-03-01,CUST-0071,Professional,46,599.0,0.22,844.13,10129.58,Annual,2026-07-01,Active
2025-04-01,CUST-0071,Professional,46,599.0,0.22,846.2,10154.41,Annual,2026-07-01,Active
2025-05-01,CUST-0071,Professional,46,599.0,0.22,848.27,10179.23,Annual,2026-07-01,Active
2025-06-01,CUST-0071,Professional,50,599.0,0.22,920.87,11050.39,Annual,2026-07-01,Active
2025-07-01,CUST-0071,Professional,51,599.0,0.22,940.78,11289.38,Annual,2026-07-01,Active
2025-08-01,CUST-0071,Professional,47,599.0,0.22,872.19,10466.33,Annual,2026-07-01,Active
2025-09-01,CUST-0071,Professional,48,599.0,0.22,892.07,10704.8,Annual,2026-07-01,Active
2025-10-01,CUST-0071,Professional,50,599.0,0.22,929.83,11157.94,Annual,2026-07-01,Active
2025-11-01,CUST-0071,Professional,48,599.0,0.22,896.38,10756.51,Annual,2026-07-01,Active
2025-12-01,CUST-0071,Professional,52,599.0,0.22,970.09,11641.06,Annual,2026-07-01,Active
2026-01-01,CUST-0071,Professional,52,599.0,0.22,972.41,11668.97,Annual,2027-07-01,Active
2026-02-01,CUST-0071,Professional,53,599.0,0.22,992.72,11912.59,Annual,2027-07-01,Active
2026-03-01,CUST-0071,Professional,54,599.0,0.22,1013.1,12157.24,Annual,2027-07-01,Active
2026-04-01,CUST-0071,Professional,56,599.0,0.22,1051.64,12619.64,Annual,2027-07-01,Active
2026-05-01,CUST-0071,Professional,53,599.0,0.22,999.82,11997.88,Annual,2027-07-01,Active
2026-06-01,CUST-0071,Professional,59,599.0,0.22,1111.07,13332.88,Annual,2027-07-01,Active
2025-02-01,CUST-0072,Professional,25,599.0,0.1,539.1,6469.2,Annual,2026-02-01,Active
2025-03-01,CUST-0072,Professional,25,599.0,0.1,540.45,6485.37,Annual,2026-02-01,Active
2025-04-01,CUST-0072,Professional,25,599.0,0.1,541.8,6501.55,Annual,2026-02-01,Active
2025-05-01,CUST-0072,Professional,25,599.0,0.1,543.14,6517.72,Annual,2026-02-01,Active
2025-06-01,CUST-0072,Professional,25,599.0,0.1,544.49,6533.89,Annual,2026-02-01,Active
2025-07-01,CUST-0072,Professional,25,599.0,0.1,545.84,6550.07,Annual,2026-02-01,Active
2025-08-01,CUST-0072,Professional,25,599.0,0.1,547.19,6566.24,Annual,2026-02-01,Active
2025-09-01,CUST-0072,Professional,25,599.0,0.1,548.53,6582.41,Annual,2026-02-01,Active
2025-10-01,CUST-0072,Professional,25,599.0,0.1,549.88,6598.58,Annual,2026-02-01,Active
2025-11-01,CUST-0072,Professional,25,599.0,0.1,551.23,6614.76,Annual,2026-02-01,Active
2025-12-01,CUST-0072,Professional,25,599.0,0.1,552.58,6630.93,Annual,2026-02-01,Active
2026-01-01,CUST-0072,Professional,25,599.0,0.1,553.93,6647.1,Annual,2027-02-01,Active
2026-02-01,CUST-0072,Professional,25,599.0,0.1,555.27,6663.28,Annual,2027-02-01,Active
2026-03-01,CUST-0072,Professional,25,599.0,0.1,556.62,6679.45,Annual,2027-02-01,Active
2026-04-01,CUST-0072,Professional,25,599.0,0.1,557.97,6695.62,Annual,2027-02-01,Active
2026-05-01,CUST-0072,Professional,25,599.0,0.1,559.32,6711.8,Annual,2027-02-01,Active
2026-06-01,CUST-0072,Professional,25,599.0,0.1,560.66,6727.97,Annual,2027-02-01,Active
2026-01-01,CUST-0073,Starter,5,149.0,0.0,149.0,1788.0,Monthly,2027-01-01,Active
2026-02-01,CUST-0073,Starter,5,149.0,0.0,149.37,1792.47,Monthly,2027-01-01,Active
2026-03-01,CUST-0073,Starter,5,149.0,0.0,149.74,1796.94,Monthly,2027-01-01,Active
2026-04-01,CUST-0073,Starter,5,149.0,0.0,150.12,1801.41,Monthly,2027-01-01,Active
2026-05-01,CUST-0073,Starter,5,149.0,0.0,150.49,1805.88,Monthly,2027-01-01,Active
2026-06-01,CUST-0073,Starter,5,149.0,0.0,150.86,1810.35,Monthly,2027-01-01,Active
2025-01-01,CUST-0074,Starter,15,149.0,0.1,264.0,3168.02,Annual,2026-07-01,Active
2025-02-01,CUST-0074,Starter,17,149.0,0.1,290.29,3483.51,Annual,2026-07-01,Active
2025-03-01,CUST-0074,Starter,16,149.0,0.1,278.15,3337.85,Annual,2026-07-01,Active
2025-04-01,CUST-0074,Starter,18,149.0,0.1,304.6,3655.23,Annual,2026-07-01,Active
2025-05-01,CUST-0074,Starter,16,149.0,0.1,279.52,3354.21,Annual,2026-07-01,Active
2025-06-01,CUST-0074,Starter,17,149.0,0.1,293.15,3517.75,Annual,2026-07-01,Active
2025-07-01,CUST-0074,Starter,16,149.0,0.1,280.88,3370.57,Annual,2026-07-01,Active
2025-08-01,CUST-0074,Starter,17,149.0,0.1,294.57,3534.87,Annual,2026-07-01,Active
2025-09-01,CUST-0074,Starter,17,149.0,0.1,295.29,3543.43,Annual,2026-07-01,Active
2025-10-01,CUST-0074,Starter,17,149.0,0.1,296.0,3551.99,Annual,2026-07-01,Active
2025-11-01,CUST-0074,Starter,16,149.0,0.1,283.61,3403.3,Annual,2026-07-01,Active
2025-12-01,CUST-0074,Starter,17,149.0,0.1,297.43,3569.1,Annual,2026-07-01,Active
2026-01-01,CUST-0074,Starter,18,149.0,0.1,311.31,3735.67,Annual,2027-07-01,Active
2026-02-01,CUST-0074,Starter,17,149.0,0.1,298.85,3586.22,Annual,2027-07-01,Active
2026-03-01,CUST-0074,Starter,17,149.0,0.1,299.56,3594.78,Annual,2027-07-01,Active
2026-04-01,CUST-0074,Starter,18,149.0,0.1,313.54,3762.48,Annual,2027-07-01,Active
2026-05-01,CUST-0074,Starter,18,149.0,0.1,314.28,3771.41,Annual,2027-07-01,Active
2026-06-01,CUST-0074,Starter,18,149.0,0.1,315.03,3780.35,Annual,2027-07-01,Active
2026-01-01,CUST-0075,Starter,9,149.0,0.1,184.5,2214.0,Annual,2027-01-01,Active
2026-02-01,CUST-0075,Starter,10,149.0,0.1,197.59,2371.11,Annual,2027-01-01,Active
2026-03-01,CUST-0075,Starter,10,149.0,0.1,198.09,2377.03,Annual,2027-01-01,Active
2026-04-01,CUST-0075,Starter,10,149.0,0.1,198.58,2382.94,Annual,2027-01-01,Active
2026-05-01,CUST-0075,Starter,10,149.0,0.1,199.07,2388.85,Annual,2027-01-01,Active
2026-06-01,CUST-0075,Starter,10,149.0,0.1,199.56,2394.76,Annual,2027-01-01,Active
2025-01-01,CUST-0076,Professional,79,599.0,0.1,1640.47,19685.59,Annual,2026-05-01,Active
2025-02-01,CUST-0076,Professional,86,599.0,0.1,1786.21,21434.46,Annual,2026-05-01,Active
2025-03-01,CUST-0076,Professional,82,599.0,0.1,1709.39,20512.71,Annual,2026-05-01,Active
2025-04-01,CUST-0076,Professional,84,599.0,0.1,1754.25,21051.01,Annual,2026-05-01,Active
2025-05-01,CUST-0076,Professional,81,599.0,0.1,1697.34,20368.04,Annual,2026-05-01,Active
2025-06-01,CUST-0076,Professional,88,599.0,0.1,1844.56,22134.74,Annual,2026-05-01,Active
2025-07-01,CUST-0076,Professional,97,599.0,0.1,2033.46,24401.57,Annual,2026-05-01,Active
2025-08-01,CUST-0076,Professional,88,599.0,0.1,1853.49,22241.93,Annual,2026-05-01,Active
2025-09-01,CUST-0076,Professional,89,599.0,0.1,1878.55,22542.62,Annual,2026-05-01,Active
2025-10-01,CUST-0076,Professional,88,599.0,0.1,1862.43,22349.11,Annual,2026-05-01,Active
2025-11-01,CUST-0076,Professional,87,599.0,0.1,1846.2,22154.42,Annual,2026-05-01,Active
2025-12-01,CUST-0076,Professional,95,599.0,0.1,2016.54,24198.51,Annual,2026-05-01,Active
2026-01-01,CUST-0076,Professional,90,599.0,0.1,1917.41,23008.86,Annual,2027-05-01,Active
2026-02-01,CUST-0076,Professional,92,599.0,0.1,1963.65,23563.79,Annual,2027-05-01,Active
2026-03-01,CUST-0076,Professional,95,599.0,0.1,2030.98,24371.77,Annual,2027-05-01,Active
2026-04-01,CUST-0076,Professional,98,599.0,0.1,2098.61,25183.31,Annual,2027-05-01,Active
2026-05-01,CUST-0076,Professional,101,599.0,0.1,2166.53,25998.41,Annual,2027-05-01,Active
2026-06-01,CUST-0076,Professional,100,599.0,0.1,2150.61,25807.28,Annual,2027-05-01,Active
2026-02-01,CUST-0077,Starter,16,149.0,0.1,272.7,3272.4,Annual,2027-02-01,Active
2026-03-01,CUST-0077,Starter,17,149.0,0.1,286.01,3432.16,Annual,2027-02-01,Active
2026-04-01,CUST-0077,Starter,16,149.0,0.1,274.06,3288.76,Annual,2027-02-01,Active
2026-05-01,CUST-0077,Starter,16,149.0,0.1,274.75,3296.94,Annual,2027-02-01,Active
2026-06-01,CUST-0077,Starter,16,149.0,0.1,275.43,3305.12,Annual,2027-02-01,Active
2025-01-01,CUST-0078,Starter,15,149.0,0.1,262.7,3152.41,Annual,2026-09-01,Active
2025-02-01,CUST-0078,Starter,15,149.0,0.1,263.35,3160.22,Annual,2026-09-01,Active
2025-03-01,CUST-0078,Starter,16,149.0,0.1,276.79,3321.49,Annual,2026-09-01,Active
2025-04-01,CUST-0078,Starter,16,149.0,0.1,277.47,3329.67,Annual,2026-09-01,Active
2025-05-01,CUST-0078,Starter,17,149.0,0.1,291.01,3492.07,Annual,2026-09-01,Active
2025-06-01,CUST-0078,Starter,16,149.0,0.1,278.84,3346.03,Annual,2026-09-01,Active
2025-07-01,CUST-0078,Starter,16,149.0,0.1,279.52,3354.21,Annual,2026-09-01,Active
2025-08-01,CUST-0078,Starter,14,149.0,0.1,254.31,3051.68,Annual,2026-09-01,Active
2025-09-01,CUST-0078,Starter,15,149.0,0.1,267.9,3214.84,Annual,2026-09-01,Active
2025-10-01,CUST-0078,Starter,15,149.0,0.1,268.55,3222.64,Annual,2026-09-01,Active
2025-11-01,CUST-0078,Starter,16,149.0,0.1,282.24,3386.93,Annual,2026-09-01,Active
2025-12-01,CUST-0078,Starter,17,149.0,0.1,296.0,3551.99,Annual,2026-09-01,Active
2026-01-01,CUST-0078,Starter,16,149.0,0.1,283.61,3403.3,Annual,2027-09-01,Active
2026-02-01,CUST-0078,Starter,16,149.0,0.1,284.29,3411.48,Annual,2027-09-01,Active
2026-03-01,CUST-0078,Starter,16,149.0,0.1,284.97,3419.66,Annual,2027-09-01,Active
2026-04-01,CUST-0078,Starter,18,149.0,0.1,312.05,3744.6,Annual,2027-09-01,Active
2026-05-01,CUST-0078,Starter,18,149.0,0.1,312.8,3753.54,Annual,2027-09-01,Active
2026-06-01,CUST-0078,Starter,16,149.0,0.1,287.02,3444.2,Annual,2027-09-01,Active
2026-03-01,CUST-0079,Starter,5,149.0,0.1,134.1,1609.2,Annual,2027-03-01,Active
2026-04-01,CUST-0079,Starter,5,149.0,0.1,134.44,1613.22,Annual,2027-03-01,Active
2026-05-01,CUST-0079,Starter,5,149.0,0.1,134.77,1617.25,Annual,2027-03-01,Active
2026-06-01,CUST-0079,Starter,5,149.0,0.1,135.11,1621.27,Annual,2027-03-01,Active
2025-09-01,CUST-0080,Professional,50,599.0,0.1,1034.1,12409.2,Annual,2026-09-01,Active
2025-10-01,CUST-0080,Professional,46,599.0,0.1,957.29,11487.45,Annual,2026-09-01,Active
2025-11-01,CUST-0080,Professional,45,599.0,0.1,939.78,11277.31,Annual,2026-09-01,Active
2025-12-01,CUST-0080,Professional,47,599.0,0.1,982.01,11784.12,Annual,2026-09-01,Active
2026-01-01,CUST-0080,Professional,51,599.0,0.1,1064.44,12773.27,Annual,2027-09-01,Active
2026-02-01,CUST-0080,Professional,47,599.0,0.1,986.88,11842.6,Annual,2027-09-01,Active
2026-03-01,CUST-0080,Professional,52,599.0,0.1,1089.81,13077.67,Annual,2027-09-01,Active
2026-04-01,CUST-0080,Professional,57,599.0,0.1,1193.22,14318.67,Annual,2027-09-01,Active
2026-05-01,CUST-0080,Professional,53,599.0,0.1,1115.37,13384.44,Annual,2027-09-01,Active
2026-06-01,CUST-0080,Professional,52,599.0,0.1,1097.86,13174.3,Annual,2027-09-01,Active
2025-01-01,CUST-0081,Starter,18,149.0,0.0,335.96,4031.58,Monthly,2026-07-01,Active
2025-02-01,CUST-0081,Starter,18,149.0,0.0,336.79,4041.51,Monthly,2026-07-01,Active
2025-03-01,CUST-0081,Starter,18,149.0,0.0,337.62,4051.44,Monthly,2026-07-01,Active
2025-04-01,CUST-0081,Starter,18,149.0,0.0,338.45,4061.37,Monthly,2026-07-01,Active
2025-05-01,CUST-0081,Starter,18,149.0,0.0,339.27,4071.3,Monthly,2026-07-01,Active
2025-06-01,CUST-0081,Starter,18,149.0,0.0,340.1,4081.23,Monthly,2026-07-01,Active
2025-07-01,CUST-0081,Starter,18,149.0,0.0,340.93,4091.16,Monthly,2026-07-01,Active
2025-08-01,CUST-0081,Starter,18,149.0,0.0,341.76,4101.09,Monthly,2026-07-01,Active
2025-09-01,CUST-0081,Starter,16,149.0,0.0,313.6,3763.26,Monthly,2026-07-01,Active
2025-10-01,CUST-0081,Starter,18,149.0,0.0,343.41,4120.95,Monthly,2026-07-01,Active
2025-11-01,CUST-0081,Starter,18,149.0,0.0,344.24,4130.88,Monthly,2026-07-01,Active
2025-12-01,CUST-0081,Starter,18,149.0,0.0,345.07,4140.81,Monthly,2026-07-01,Active
2026-01-01,CUST-0081,Starter,18,149.0,0.0,345.89,4150.74,Monthly,2027-07-01,Active
2026-02-01,CUST-0081,Starter,20,149.0,0.0,376.05,4512.63,Monthly,2027-07-01,Active
2026-03-01,CUST-0081,Starter,20,149.0,0.0,376.95,4523.4,Monthly,2027-07-01,Active
2026-04-01,CUST-0081,Starter,19,149.0,0.0,363.11,4357.35,Monthly,2027-07-01,Active
2026-05-01,CUST-0081,Starter,20,149.0,0.0,378.75,4544.94,Monthly,2027-07-01,Active
2026-06-01,CUST-0081,Starter,20,149.0,0.0,379.64,4555.71,Monthly,2027-07-01,Active
2026-01-01,CUST-0082,Starter,77,149.0,0.1,1041.3,12495.6,Annual,2027-01-01,Active
2026-02-01,CUST-0082,Starter,76,149.0,0.1,1031.27,12375.26,Annual,2027-01-01,Active
2026-03-01,CUST-0082,Starter,79,149.0,0.1,1071.83,12861.99,Annual,2027-01-01,Active
2026-04-01,CUST-0082,Starter,78,149.0,0.1,1061.8,12741.65,Annual,2027-01-01,Active
2026-05-01,CUST-0082,Starter,78,149.0,0.1,1064.44,12773.27,Annual,2027-01-01,Active
2026-06-01,CUST-0082,Starter,80,149.0,0.1,1092.59,13111.07,Annual,2027-01-01,Active
2025-01-01,CUST-0083,Starter,9,149.0,0.0,205.51,2466.15,Monthly,2026-12-01,Active
2025-02-01,CUST-0083,Starter,10,149.0,0.0,220.09,2641.14,Monthly,2026-12-01,Active
2025-03-01,CUST-0083,Starter,10,149.0,0.0,220.64,2647.71,Monthly,2026-12-01,Active
2025-04-01,CUST-0083,Starter,11,149.0,0.0,235.33,2823.96,Monthly,2026-12-01,Active
2025-05-01,CUST-0083,Starter,10,149.0,0.0,221.74,2660.85,Monthly,2026-12-01,Active
2025-06-01,CUST-0083,Starter,10,149.0,0.0,222.28,2667.42,Monthly,2026-12-01,Active
2025-07-01,CUST-0083,Starter,10,149.0,0.0,222.83,2673.99,Monthly,2026-12-01,Active
2025-08-01,CUST-0083,Starter,10,149.0,0.0,223.38,2680.56,Monthly,2026-12-01,Active
2025-09-01,CUST-0083,Starter,10,149.0,0.0,223.93,2687.13,Monthly,2026-12-01,Active
2025-10-01,CUST-0083,Starter,10,149.0,0.0,224.47,2693.7,Monthly,2026-12-01,Active
2025-11-01,CUST-0083,Starter,9,149.0,0.0,210.64,2527.65,Monthly,2026-12-01,Active
2025-12-01,CUST-0083,Starter,10,149.0,0.0,225.57,2706.84,Monthly,2026-12-01,Active
2026-01-01,CUST-0083,Starter,10,149.0,0.0,226.12,2713.41,Monthly,2027-12-01,Active
2026-02-01,CUST-0083,Starter,11,149.0,0.0,241.15,2893.86,Monthly,2027-12-01,Active
2026-03-01,CUST-0083,Starter,12,149.0,0.0,256.26,3075.15,Monthly,2027-12-01,Active
2026-04-01,CUST-0083,Starter,10,149.0,0.0,227.76,2733.12,Monthly,2027-12-01,Active
2026-05-01,CUST-0083,Starter,12,149.0,0.0,257.5,3089.97,Monthly,2027-12-01,Active
2026-06-01,CUST-0083,Starter,11,149.0,0.0,243.48,2921.82,Monthly,2027-12-01,Active
2025-06-01,CUST-0084,Starter,5,149.0,0.0,149.0,1788.0,Monthly,2026-06-01,Active
2025-07-01,CUST-0084,Starter,5,149.0,0.0,149.37,1792.47,Monthly,2026-06-01,Active
2025-08-01,CUST-0084,Starter,5,149.0,0.0,149.74,1796.94,Monthly,2026-06-01,Active
2025-09-01,CUST-0084,Starter,5,149.0,0.0,150.12,1801.41,Monthly,2026-06-01,Active
2025-10-01,CUST-0084,Starter,5,149.0,0.0,150.49,1805.88,Monthly,2026-06-01,Active
2025-11-01,CUST-0084,Starter,5,149.0,0.0,150.86,1810.35,Monthly,2026-06-01,Active
2025-12-01,CUST-0084,Starter,5,149.0,0.0,151.23,1814.82,Monthly,2026-06-01,Active
2026-01-01,CUST-0084,Starter,5,149.0,0.0,151.61,1819.29,Monthly,2027-06-01,Active
2026-02-01,CUST-0084,Starter,5,149.0,0.0,151.98,1823.76,Monthly,2027-06-01,Active
2026-03-01,CUST-0084,Starter,5,149.0,0.0,152.35,1828.23,Monthly,2027-06-01,Active
2026-04-01,CUST-0084,Starter,5,149.0,0.0,152.72,1832.7,Monthly,2027-06-01,Active
2026-05-01,CUST-0084,Starter,5,149.0,0.0,153.1,1837.17,Monthly,2027-06-01,Active
2026-06-01,CUST-0084,Starter,5,149.0,0.0,153.47,1841.64,Monthly,2027-06-01,Active
2025-01-01,CUST-0085,Starter,40,149.0,0.1,583.73,7004.72,Annual,2026-07-01,Active
2025-02-01,CUST-0085,Starter,41,149.0,0.1,597.98,7175.82,Annual,2026-07-01,Active
2025-03-01,CUST-0085,Starter,41,149.0,0.1,599.45,7193.45,Annual,2026-07-01,Active
2025-04-01,CUST-0085,Starter,41,149.0,0.1,600.92,7211.08,Annual,2026-07-01,Active
2025-05-01,CUST-0085,Starter,45,149.0,0.1,654.05,7848.63,Annual,2026-07-01,Active
2025-06-01,CUST-0085,Starter,40,149.0,0.1,590.92,7090.98,Annual,2026-07-01,Active
2025-07-01,CUST-0085,Starter,42,149.0,0.1,618.31,7419.71,Annual,2026-07-01,Active
2025-08-01,CUST-0085,Starter,41,149.0,0.1,606.8,7281.6,Annual,2026-07-01,Active
2025-09-01,CUST-0085,Starter,39,149.0,0.1,582.19,6986.25,Annual,2026-07-01,Active
2025-10-01,CUST-0085,Starter,38,149.0,0.1,570.52,6846.26,Annual,2026-07-01,Active
2025-11-01,CUST-0085,Starter,40,149.0,0.1,598.1,7177.25,Annual,2026-07-01,Active
2025-12-01,CUST-0085,Starter,42,149.0,0.1,625.81,7509.75,Annual,2026-07-01,Active
2026-01-01,CUST-0085,Starter,40,149.0,0.1,600.98,7211.75,Annual,2027-07-01,Active
2026-02-01,CUST-0085,Starter,44,149.0,0.1,655.21,7862.54,Annual,2027-07-01,Active
2026-03-01,CUST-0085,Starter,47,149.0,0.1,696.47,8357.58,Annual,2027-07-01,Active
2026-04-01,CUST-0085,Starter,44,149.0,0.1,658.34,7900.07,Annual,2027-07-01,Active
2026-05-01,CUST-0085,Starter,46,149.0,0.1,686.49,8237.86,Annual,2027-07-01,Active
2026-06-01,CUST-0085,Starter,49,149.0,0.1,728.09,8737.07,Annual,2027-07-01,Active
2025-12-01,CUST-0086,Professional,25,599.0,0.1,539.1,6469.2,Annual,2026-12-01,Active
2026-01-01,CUST-0086,Professional,25,599.0,0.1,540.45,6485.37,Annual,2027-12-01,Active
2026-02-01,CUST-0086,Professional,25,599.0,0.1,541.8,6501.55,Annual,2027-12-01,Active
2026-03-01,CUST-0086,Professional,25,599.0,0.1,543.14,6517.72,Annual,2027-12-01,Active
2026-04-01,CUST-0086,Professional,25,599.0,0.1,544.49,6533.89,Annual,2027-12-01,Active
2026-05-01,CUST-0086,Professional,25,599.0,0.1,545.84,6550.07,Annual,2027-12-01,Active
2026-06-01,CUST-0086,Professional,25,599.0,0.1,547.19,6566.24,Annual,2027-12-01,Active
2025-01-01,CUST-0087,Starter,12,149.0,0.1,225.08,2700.95,Annual,2026-08-01,Active
2025-02-01,CUST-0087,Starter,13,149.0,0.1,238.42,2861.08,Annual,2026-08-01,Active
2025-03-01,CUST-0087,Starter,13,149.0,0.1,239.01,2868.13,Annual,2026-08-01,Active
2025-04-01,CUST-0087,Starter,12,149.0,0.1,226.75,2720.95,Annual,2026-08-01,Active
2025-05-01,CUST-0087,Starter,13,149.0,0.1,240.19,2882.22,Annual,2026-08-01,Active
2025-06-01,CUST-0087,Starter,13,149.0,0.1,240.77,2889.27,Annual,2026-08-01,Active
2025-07-01,CUST-0087,Starter,12,149.0,0.1,228.41,2740.96,Annual,2026-08-01,Active
2025-08-01,CUST-0087,Starter,12,149.0,0.1,228.97,2747.63,Annual,2026-08-01,Active
2025-09-01,CUST-0087,Starter,12,149.0,0.1,229.52,2754.3,Annual,2026-08-01,Active
2025-10-01,CUST-0087,Starter,13,149.0,0.1,243.12,2917.46,Annual,2026-08-01,Active
2025-11-01,CUST-0087,Starter,13,149.0,0.1,243.71,2924.51,Annual,2026-08-01,Active
2025-12-01,CUST-0087,Starter,12,149.0,0.1,231.19,2774.3,Annual,2026-08-01,Active
2026-01-01,CUST-0087,Starter,13,149.0,0.1,244.88,2938.6,Annual,2027-08-01,Active
2026-02-01,CUST-0087,Starter,14,149.0,0.1,258.64,3103.65,Annual,2027-08-01,Active
2026-03-01,CUST-0087,Starter,14,149.0,0.1,259.26,3111.08,Annual,2027-08-01,Active
2026-04-01,CUST-0087,Starter,14,149.0,0.1,259.88,3118.5,Annual,2027-08-01,Active
2026-05-01,CUST-0087,Starter,14,149.0,0.1,260.49,3125.92,Annual,2027-08-01,Active
2026-06-01,CUST-0087,Starter,13,149.0,0.1,247.82,2973.83,Annual,2027-08-01,Active
2025-01-01,CUST-0088,Starter,13,149.0,0.1,240.19,2882.22,Annual,2026-04-01,Active
2025-02-01,CUST-0088,Starter,12,149.0,0.1,227.86,2734.29,Annual,2026-04-01,Active
2025-03-01,CUST-0088,Starter,12,149.0,0.1,228.41,2740.96,Annual,2026-04-01,Active
2025-04-01,CUST-0088,Starter,12,149.0,0.1,228.97,2747.63,Annual,2026-04-01,Active
2025-05-01,CUST-0088,Starter,12,149.0,0.1,229.52,2754.3,Annual,2026-04-01,Active
2025-06-01,CUST-0088,Starter,13,149.0,0.1,243.12,2917.46,Annual,2026-04-01,Active
2025-07-01,CUST-0088,Starter,12,149.0,0.1,230.64,2767.64,Annual,2026-04-01,Active
2025-08-01,CUST-0088,Starter,13,149.0,0.1,244.3,2931.55,Annual,2026-04-01,Active
2025-09-01,CUST-0088,Starter,12,149.0,0.1,231.75,2780.97,Annual,2026-04-01,Active
2025-10-01,CUST-0088,Starter,12,149.0,0.1,232.3,2787.64,Annual,2026-04-01,Active
2025-11-01,CUST-0088,Starter,13,149.0,0.1,246.06,2952.69,Annual,2026-04-01,Active
2025-12-01,CUST-0088,Starter,13,149.0,0.1,246.65,2959.74,Annual,2026-04-01,Active
2026-01-01,CUST-0088,Starter,14,149.0,0.1,260.49,3125.92,Annual,2027-04-01,Active
2026-02-01,CUST-0088,Starter,13,149.0,0.1,247.82,2973.83,Annual,2027-04-01,Active
2026-03-01,CUST-0088,Starter,13,149.0,0.1,248.41,2980.88,Annual,2027-04-01,Active
2026-04-01,CUST-0088,Starter,13,149.0,0.1,248.99,2987.93,Annual,2027-04-01,Active
2026-05-01,CUST-0088,Starter,14,149.0,0.1,262.97,3155.62,Annual,2027-04-01,Active
2026-06-01,CUST-0088,Starter,14,149.0,0.1,263.59,3163.05,Annual,2027-04-01,Active
2026-01-01,CUST-0089,Starter,11,149.0,0.0,233.0,2796.0,Monthly,2027-01-01,Active
2026-02-01,CUST-0089,Starter,11,149.0,0.0,233.58,2802.99,Monthly,2027-01-01,Active
2026-03-01,CUST-0089,Starter,12,149.0,0.0,248.23,2978.82,Monthly,2027-01-01,Active
2026-04-01,CUST-0089,Starter,11,149.0,0.0,234.75,2816.97,Monthly,2027-01-01,Active
2026-05-01,CUST-0089,Starter,11,149.0,0.0,235.33,2823.96,Monthly,2027-01-01,Active
2026-06-01,CUST-0089,Starter,11,149.0,0.0,235.91,2830.95,Monthly,2027-01-01,Active
2025-05-01,CUST-0090,Starter,11,149.0,0.0,233.0,2796.0,Monthly,2026-05-01,Active
2025-06-01,CUST-0090,Starter,12,149.0,0.0,247.62,2971.41,Monthly,2026-05-01,Active
2025-07-01,CUST-0090,Starter,11,149.0,0.0,234.16,2809.98,Monthly,2026-05-01,Active
2025-08-01,CUST-0090,Starter,11,149.0,0.0,234.75,2816.97,Monthly,2026-05-01,Active
2025-09-01,CUST-0090,Starter,12,149.0,0.0,249.47,2993.64,Monthly,2026-05-01,Active
2025-10-01,CUST-0090,Starter,12,149.0,0.0,250.09,3001.05,Monthly,2026-05-01,Active
2025-11-01,CUST-0090,Starter,14,149.0,0.0,279.12,3349.5,Monthly,2026-05-01,Active
2025-12-01,CUST-0090,Starter,12,149.0,0.0,251.32,3015.87,Monthly,2026-05-01,Active
2026-01-01,CUST-0090,Professional,25,599.0,0.0,610.98,7331.76,Monthly,2027-05-01,Active
2026-02-01,CUST-0090,Professional,25,599.0,0.0,612.48,7349.73,Monthly,2027-05-01,Active
2026-03-01,CUST-0090,Professional,25,599.0,0.0,613.97,7367.7,Monthly,2027-05-01,Active
2026-04-01,CUST-0090,Professional,25,599.0,0.0,615.47,7385.67,Monthly,2027-05-01,Active
2026-05-01,CUST-0090,Professional,25,599.0,0.0,616.97,7403.64,Monthly,2027-05-01,Active
2026-06-01,CUST-0090,Professional,25,599.0,0.0,618.47,7421.61,Monthly,2027-05-01,Active
2025-06-01,CUST-0091,Professional,25,599.0,0.0,599.0,7188.0,Monthly,2026-06-01,Active
2025-07-01,CUST-0091,Professional,25,599.0,0.0,600.5,7205.97,Monthly,2026-06-01,Active
2025-08-01,CUST-0091,Professional,25,599.0,0.0,601.99,7223.94,Monthly,2026-06-01,Active
2025-09-01,CUST-0091,Professional,25,599.0,0.0,603.49,7241.91,Monthly,2026-06-01,Active
2025-10-01,CUST-0091,Professional,25,599.0,0.0,604.99,7259.88,Monthly,2026-06-01,Active
2025-11-01,CUST-0091,Professional,25,599.0,0.0,606.49,7277.85,Monthly,2026-06-01,Active
2025-12-01,CUST-0091,Professional,25,599.0,0.0,607.98,7295.82,Monthly,2026-06-01,Active
2026-01-01,CUST-0091,Professional,25,599.0,0.0,609.48,7313.79,Monthly,2027-06-01,Active
2026-02-01,CUST-0091,Professional,25,599.0,0.0,610.98,7331.76,Monthly,2027-06-01,Active
2026-03-01,CUST-0091,Professional,25,599.0,0.0,612.48,7349.73,Monthly,2027-06-01,Active
2026-04-01,CUST-0091,Professional,25,599.0,0.0,613.97,7367.7,Monthly,2027-06-01,Active
2026-05-01,CUST-0091,Professional,25,599.0,0.0,615.47,7385.67,Monthly,2027-06-01,Active
2026-06-01,CUST-0091,Professional,25,599.0,0.0,616.97,7403.64,Monthly,2027-06-01,Active
2025-03-01,CUST-0092,Starter,10,149.0,0.0,219.0,2628.0,Monthly,2026-03-01,Active
2025-04-01,CUST-0092,Starter,10,149.0,0.0,219.55,2634.57,Monthly,2026-03-01,Active
2025-05-01,CUST-0092,Starter,11,149.0,0.0,234.16,2809.98,Monthly,2026-03-01,Active
2025-06-01,CUST-0092,Starter,11,149.0,0.0,234.75,2816.97,Monthly,2026-03-01,Active
2025-07-01,CUST-0092,Starter,11,149.0,0.0,235.33,2823.96,Monthly,2026-03-01,Active
2025-08-01,CUST-0092,Starter,11,149.0,0.0,235.91,2830.95,Monthly,2026-03-01,Active
2025-09-01,CUST-0092,Starter,11,149.0,0.0,236.49,2837.94,Monthly,2026-03-01,Active
2025-10-01,CUST-0092,Starter,10,149.0,0.0,222.83,2673.99,Monthly,2026-03-01,Active
2025-11-01,CUST-0092,Starter,11,149.0,0.0,237.66,2851.92,Monthly,2026-03-01,Active
2025-12-01,CUST-0092,Starter,11,149.0,0.0,238.24,2858.91,Monthly,2026-03-01,Active
2026-01-01,CUST-0092,Starter,12,149.0,0.0,253.17,3038.1,Monthly,2027-03-01,Active
2026-02-01,CUST-0092,Starter,11,149.0,0.0,239.41,2872.89,Monthly,2027-03-01,Active
2026-03-01,CUST-0092,Starter,11,149.0,0.0,239.99,2879.88,Monthly,2027-03-01,Active
2026-04-01,CUST-0092,Starter,11,149.0,0.0,240.57,2886.87,Monthly,2027-03-01,Active
2026-05-01,CUST-0092,Starter,12,149.0,0.0,255.64,3067.74,Monthly,2027-03-01,Active
2026-06-01,CUST-0092,Starter,12,149.0,0.0,256.26,3075.15,Monthly,2027-03-01,Active
2026-02-01,CUST-0093,Professional,69,599.0,0.1,1410.3,16923.6,Annual,2027-02-01,Active
2026-03-01,CUST-0093,Professional,72,599.0,0.1,1473.37,17680.49,Annual,2027-02-01,Active
2026-04-01,CUST-0093,Professional,71,599.0,0.1,1457.15,17485.79,Annual,2027-02-01,Active
2026-05-01,CUST-0093,Professional,73,599.0,0.1,1500.67,18008.06,Annual,2027-02-01,Active
2026-06-01,CUST-0093,Professional,69,599.0,0.1,1424.4,17092.84,Annual,2027-02-01,Active
2025-01-01,CUST-0094,Professional,25,599.0,0.0,604.99,7259.88,Monthly,2026-09-01,Active
2025-02-01,CUST-0094,Professional,25,599.0,0.0,606.49,7277.85,Monthly,2026-09-01,Active
2025-03-01,CUST-0094,Professional,25,599.0,0.0,607.98,7295.82,Monthly,2026-09-01,Active
2025-04-01,CUST-0094,Professional,25,599.0,0.0,609.48,7313.79,Monthly,2026-09-01,Active
2025-05-01,CUST-0094,Professional,25,599.0,0.0,610.98,7331.76,Monthly,2026-09-01,Active
2025-06-01,CUST-0094,Professional,25,599.0,0.0,612.48,7349.73,Monthly,2026-09-01,Active
2025-07-01,CUST-0094,Professional,25,599.0,0.0,613.97,7367.7,Monthly,2026-09-01,Active
2025-08-01,CUST-0094,Professional,25,599.0,0.0,615.47,7385.67,Monthly,2026-09-01,Active
2025-09-01,CUST-0094,Professional,25,599.0,0.0,616.97,7403.64,Monthly,2026-09-01,Active
2025-10-01,CUST-0094,Professional,25,599.0,0.0,618.47,7421.61,Monthly,2026-09-01,Active
2025-11-01,CUST-0094,Professional,25,599.0,0.0,619.96,7439.58,Monthly,2026-09-01,Active
2025-12-01,CUST-0094,Professional,25,599.0,0.0,621.46,7457.55,Monthly,2026-09-01,Active
2025-01-01,CUST-0095,Enterprise,135,2499.0,0.13,3118.08,37416.96,Annual,2026-01-01,Active
2025-02-01,CUST-0095,Enterprise,131,2499.0,0.13,3017.73,36212.71,Annual,2026-01-01,Active
2025-03-01,CUST-0095,Enterprise,139,2499.0,0.13,3242.09,38905.08,Annual,2026-01-01,Active
2025-04-01,CUST-0095,Enterprise,142,2499.0,0.13,3331.67,39980.06,Annual,2026-01-01,Active
2025-05-01,CUST-0095,Enterprise,143,2499.0,0.13,3367.18,40406.14,Annual,2026-01-01,Active
2025-06-01,CUST-0095,Enterprise,152,2499.0,0.13,3621.28,43455.33,Annual,2026-01-01,Active
2025-07-01,CUST-0095,Enterprise,138,2499.0,0.13,3246.97,38963.7,Annual,2026-01-01,Active
2025-08-01,CUST-0095,Enterprise,136,2499.0,0.13,3200.09,38401.06,Annual,2026-01-01,Active
2025-09-01,CUST-0095,Enterprise,140,2499.0,0.13,3317.99,39815.86,Annual,2026-01-01,Active
2025-10-01,CUST-0095,Enterprise,157,2499.0,0.13,3794.93,45539.12,Annual,2026-01-01,Active
2025-11-01,CUST-0095,Enterprise,158,2499.0,0.13,3831.85,45982.2,Annual,2026-01-01,Active
2025-12-01,CUST-0095,Enterprise,152,2499.0,0.13,3674.93,44099.11,Annual,2026-01-01,Active
2026-01-01,CUST-0095,Enterprise,156,2499.0,0.13,3794.98,45539.8,Annual,2027-01-01,Active
2026-02-01,CUST-0095,Enterprise,166,2499.0,0.13,4082.66,48991.92,Annual,2027-01-01,Active
2026-03-01,CUST-0095,Enterprise,162,2499.0,0.13,3980.89,47770.67,Annual,2027-01-01,Active
2026-04-01,CUST-0095,Enterprise,165,2499.0,0.13,4074.45,48893.39,Annual,2027-01-01,Active
2026-05-01,CUST-0095,Enterprise,179,2499.0,0.13,4476.95,53723.4,Annual,2027-01-01,Active
2026-06-01,CUST-0095,Enterprise,170,2499.0,0.13,4234.67,50816.0,Annual,2027-01-01,Active
2025-12-01,CUST-0096,Professional,25,599.0,0.1,539.1,6469.2,Annual,2026-12-01,Active
2026-01-01,CUST-0096,Professional,25,599.0,0.1,540.45,6485.37,Annual,2027-12-01,Active
2026-02-01,CUST-0096,Professional,25,599.0,0.1,541.8,6501.55,Annual,2027-12-01,Active
2026-03-01,CUST-0096,Professional,25,599.0,0.1,543.14,6517.72,Annual,2027-12-01,Active
2026-04-01,CUST-0096,Professional,25,599.0,0.1,544.49,6533.89,Annual,2027-12-01,Active
2026-05-01,CUST-0096,Professional,25,599.0,0.1,545.84,6550.07,Annual,2027-12-01,Active
2026-06-01,CUST-0096,Professional,25,599.0,0.1,547.19,6566.24,Annual,2027-12-01,Active
2025-08-01,CUST-0097,Starter,8,149.0,0.0,191.0,2292.0,Monthly,2026-08-01,Active
2025-09-01,CUST-0097,Starter,8,149.0,0.0,191.48,2297.73,Monthly,2026-08-01,Active
2025-10-01,CUST-0097,Starter,8,149.0,0.0,191.95,2303.46,Monthly,2026-08-01,Active
2025-11-01,CUST-0097,Starter,8,149.0,0.0,192.43,2309.19,Monthly,2026-08-01,Active
2025-12-01,CUST-0097,Starter,8,149.0,0.0,192.91,2314.92,Monthly,2026-08-01,Active
2026-01-01,CUST-0097,Starter,8,149.0,0.0,193.39,2320.65,Monthly,2027-08-01,Active
2026-02-01,CUST-0097,Starter,9,149.0,0.0,208.07,2496.9,Monthly,2027-08-01,Active
2026-03-01,CUST-0097,Starter,9,149.0,0.0,208.59,2503.05,Monthly,2027-08-01,Active
2026-04-01,CUST-0097,Starter,9,149.0,0.0,209.1,2509.2,Monthly,2027-08-01,Active
2026-05-01,CUST-0097,Starter,9,149.0,0.0,209.61,2515.35,Monthly,2027-08-01,Active
2026-06-01,CUST-0097,Starter,9,149.0,0.0,210.12,2521.5,Monthly,2027-08-01,Active
2025-12-01,CUST-0098,Professional,70,599.0,0.0,1589.0,19068.0,Monthly,2026-12-01,Active
2026-01-01,CUST-0098,Professional,74,599.0,0.0,1681.19,20174.31,Monthly,2027-12-01,Active
2026-02-01,CUST-0098,Professional,70,599.0,0.0,1596.94,19163.34,Monthly,2027-12-01,Active
2026-03-01,CUST-0098,Professional,72,599.0,0.0,1645.25,19742.97,Monthly,2027-12-01,Active
2026-04-01,CUST-0098,Professional,80,599.0,0.0,1827.09,21925.08,Monthly,2027-12-01,Active
2026-05-01,CUST-0098,Professional,78,599.0,0.0,1787.06,21444.75,Monthly,2027-12-01,Active
2026-06-01,CUST-0098,Professional,71,599.0,0.0,1635.16,19621.98,Monthly,2027-12-01,Active
2025-07-01,CUST-0099,Professional,25,599.0,0.0,599.0,7188.0,Monthly,2026-07-01,Active
2025-08-01,CUST-0099,Professional,25,599.0,0.0,600.5,7205.97,Monthly,2026-07-01,Active
2025-09-01,CUST-0099,Professional,25,599.0,0.0,601.99,7223.94,Monthly,2026-07-01,Active
2025-10-01,CUST-0099,Professional,25,599.0,0.0,603.49,7241.91,Monthly,2026-07-01,Active
2025-11-01,CUST-0099,Professional,25,599.0,0.0,604.99,7259.88,Monthly,2026-07-01,Active
2025-12-01,CUST-0099,Professional,25,599.0,0.0,606.49,7277.85,Monthly,2026-07-01,Active
2026-01-01,CUST-0099,Professional,25,599.0,0.0,607.98,7295.82,Monthly,2027-07-01,Active
2026-02-01,CUST-0099,Professional,25,599.0,0.0,609.48,7313.79,Monthly,2027-07-01,Active
2026-03-01,CUST-0099,Professional,25,599.0,0.0,610.98,7331.76,Monthly,2027-07-01,Active
2026-04-01,CUST-0099,Professional,25,599.0,0.0,612.48,7349.73,Monthly,2027-07-01,Active
2026-05-01,CUST-0099,Professional,25,599.0,0.0,613.97,7367.7,Monthly,2027-07-01,Active
2026-06-01,CUST-0099,Professional,25,599.0,0.0,615.47,7385.67,Monthly,2027-07-01,Active
2025-01-01,CUST-0100,Starter,5,149.0,0.0,149.0,1788.0,Monthly,2026-01-01,Active
2025-02-01,CUST-0100,Starter,5,149.0,0.0,149.37,1792.47,Monthly,2026-01-01,Active
2025-03-01,CUST-0100,Starter,5,149.0,0.0,149.74,1796.94,Monthly,2026-01-01,Active
2025-04-01,CUST-0100,Starter,5,149.0,0.0,150.12,1801.41,Monthly,2026-01-01,Active
2025-05-01,CUST-0100,Starter,5,149.0,0.0,150.49,1805.88,Monthly,2026-01-01,Active
2025-06-01,CUST-0100,Starter,5,149.0,0.0,150.86,1810.35,Monthly,2026-01-01,Active
2025-07-01,CUST-0100,Starter,5,149.0,0.0,151.23,1814.82,Monthly,2026-01-01,Active
2025-08-01,CUST-0100,Starter,5,149.0,0.0,151.61,1819.29,Monthly,2026-01-01,Active
2025-09-01,CUST-0100,Starter,5,149.0,0.0,151.98,1823.76,Monthly,2026-01-01,Active
2025-10-01,CUST-0100,Starter,5,149.0,0.0,152.35,1828.23,Monthly,2026-01-01,Active
2025-11-01,CUST-0100,Starter,5,149.0,0.0,152.72,1832.7,Monthly,2026-01-01,Active
2025-12-01,CUST-0100,Starter,5,149.0,0.0,153.1,1837.17,Monthly,2026-01-01,Active
2026-01-01,CUST-0100,Starter,5,149.0,0.0,153.47,1841.64,Monthly,2027-01-01,Active
2026-02-01,CUST-0100,Starter,5,149.0,0.0,153.84,1846.11,Monthly,2027-01-01,Active
2026-03-01,CUST-0100,Starter,5,149.0,0.0,154.21,1850.58,Monthly,2027-01-01,Active
2026-04-01,CUST-0100,Starter,5,149.0,0.0,154.59,1855.05,Monthly,2027-01-01,Active
2026-05-01,CUST-0100,Starter,5,149.0,0.0,154.96,1859.52,Monthly,2027-01-01,Active
2026-06-01,CUST-0100,Starter,5,149.0,0.0,155.33,1863.99,Monthly,2027-01-01,Active
2025-02-01,CUST-0101,Enterprise,251,2499.0,0.13,6246.6,74959.2,Annual,2026-02-01,Active
2025-03-01,CUST-0101,Enterprise,273,2499.0,0.13,6857.04,82284.48,Annual,2026-02-01,Active
2025-04-01,CUST-0101,Enterprise,273,2499.0,0.13,6874.14,82489.68,Annual,2026-02-01,Active
2025-05-01,CUST-0101,Enterprise,271,2499.0,0.13,6836.9,82042.74,Annual,2026-02-01,Active
2025-06-01,CUST-0101,Enterprise,267,2499.0,0.13,6744.9,80938.81,Annual,2026-02-01,Active
2025-07-01,CUST-0101,Enterprise,286,2499.0,0.13,7280.43,87365.18,Annual,2026-02-01,Active
2025-08-01,CUST-0101,Enterprise,281,2499.0,0.13,7161.54,85938.43,Annual,2026-02-01,Active
2025-09-01,CUST-0101,Enterprise,260,2499.0,0.13,6602.89,79234.72,Annual,2026-02-01,Active
2025-10-01,CUST-0101,Enterprise,281,2499.0,0.13,7196.81,86361.77,Annual,2026-02-01,Active
2025-11-01,CUST-0101,Enterprise,296,2499.0,0.13,7628.11,91537.27,Annual,2026-02-01,Active
2025-01-01,CUST-0102,Enterprise,124,2499.0,0.0,3299.75,39597.03,Monthly,2026-06-01,Active
2025-02-01,CUST-0102,Enterprise,131,2499.0,0.0,3529.2,42350.4,Monthly,2026-06-01,Active
2025-03-01,CUST-0102,Enterprise,131,2499.0,0.0,3537.85,42454.2,Monthly,2026-06-01,Active
2025-04-01,CUST-0102,Enterprise,127,2499.0,0.0,3419.4,41032.8,Monthly,2026-06-01,Active
2025-05-01,CUST-0102,Enterprise,127,2499.0,0.0,3427.74,41132.88,Monthly,2026-06-01,Active
2025-06-01,CUST-0102,Enterprise,144,2499.0,0.0,3978.89,47746.68,Monthly,2026-06-01,Active
2025-07-01,CUST-0102,Enterprise,138,2499.0,0.0,3796.5,45558.03,Monthly,2026-06-01,Active
2025-08-01,CUST-0102,Enterprise,128,2499.0,0.0,3484.84,41818.14,Monthly,2026-06-01,Active
2025-09-01,CUST-0102,Enterprise,142,2499.0,0.0,3943.54,47322.45,Monthly,2026-06-01,Active
2025-10-01,CUST-0102,Enterprise,136,2499.0,0.0,3759.6,45115.2,Monthly,2026-06-01,Active
2025-11-01,CUST-0102,Enterprise,134,2499.0,0.0,3704.0,44448.03,Monthly,2026-06-01,Active
2025-12-01,CUST-0102,Enterprise,145,2499.0,0.0,4069.23,48830.76,Monthly,2026-06-01,Active
2026-01-01,CUST-0102,Enterprise,143,2499.0,0.0,4014.02,48168.24,Monthly,2027-06-01,Active
2026-02-01,CUST-0102,Enterprise,152,2499.0,0.0,4316.55,51798.6,Monthly,2027-06-01,Active
2026-03-01,CUST-0102,Enterprise,154,2499.0,0.0,4392.08,52704.99,Monthly,2027-06-01,Active
2026-04-01,CUST-0102,Enterprise,169,2499.0,0.0,4893.09,58717.08,Monthly,2027-06-01,Active
2026-05-01,CUST-0102,Enterprise,158,2499.0,0.0,4544.08,54528.93,Monthly,2027-06-01,Active
2026-06-01,CUST-0102,Enterprise,168,2499.0,0.0,4883.42,58601.04,Monthly,2027-06-01,Active
2025-01-01,CUST-0103,Starter,15,149.0,0.0,291.89,3502.68,Monthly,2026-09-01,Active
2025-02-01,CUST-0103,Starter,16,149.0,0.0,306.79,3681.45,Monthly,2026-09-01,Active
2025-03-01,CUST-0103,Starter,17,149.0,0.0,321.75,3861.06,Monthly,2026-09-01,Active
2025-04-01,CUST-0103,Starter,18,149.0,0.0,336.79,4041.51,Monthly,2026-09-01,Active
2025-05-01,CUST-0103,Starter,17,149.0,0.0,323.34,3880.08,Monthly,2026-09-01,Active
2025-06-01,CUST-0103,Starter,16,149.0,0.0,309.82,3717.81,Monthly,2026-09-01,Active
2025-07-01,CUST-0103,Starter,17,149.0,0.0,324.92,3899.1,Monthly,2026-09-01,Active
2025-08-01,CUST-0103,Starter,16,149.0,0.0,311.33,3735.99,Monthly,2026-09-01,Active
2025-09-01,CUST-0103,Starter,17,149.0,0.0,326.51,3918.12,Monthly,2026-09-01,Active
2025-10-01,CUST-0103,Starter,17,149.0,0.0,327.3,3927.63,Monthly,2026-09-01,Active
2025-11-01,CUST-0103,Starter,17,149.0,0.0,328.09,3937.14,Monthly,2026-09-01,Active
2025-12-01,CUST-0103,Starter,18,149.0,0.0,343.41,4120.95,Monthly,2026-09-01,Active
2026-01-01,CUST-0103,Starter,17,149.0,0.0,329.68,3956.16,Monthly,2027-09-01,Active
2026-02-01,CUST-0103,Professional,25,599.0,0.0,624.46,7493.49,Monthly,2027-09-01,Active
2026-03-01,CUST-0103,Professional,25,599.0,0.0,625.95,7511.46,Monthly,2027-09-01,Active
2026-04-01,CUST-0103,Professional,25,599.0,0.0,627.45,7529.43,Monthly,2027-09-01,Active
2026-05-01,CUST-0103,Professional,25,599.0,0.0,628.95,7547.4,Monthly,2027-09-01,Active
2026-06-01,CUST-0103,Professional,25,599.0,0.0,630.45,7565.37,Monthly,2027-09-01,Active
2025-11-01,CUST-0104,Enterprise,308,2499.0,0.13,7783.89,93406.68,Annual,2026-11-01,Active
2025-12-01,CUST-0104,Enterprise,327,2499.0,0.13,8317.06,99804.73,Annual,2026-11-01,Active
2026-01-01,CUST-0104,Enterprise,312,2499.0,0.13,7931.23,95174.75,Annual,2027-11-01,Active
2026-02-01,CUST-0104,Enterprise,323,2499.0,0.13,8249.85,98998.24,Annual,2027-11-01,Active
2026-03-01,CUST-0104,Enterprise,346,2499.0,0.13,8896.84,106762.05,Annual,2027-11-01,Active
2026-04-01,CUST-0104,Enterprise,353,2499.0,0.13,9110.01,109320.11,Annual,2027-11-01,Active
2026-05-01,CUST-0104,Enterprise,330,2499.0,0.13,8502.89,102034.66,Annual,2027-11-01,Active
2026-06-01,CUST-0104,Enterprise,340,2499.0,0.13,8798.25,105579.02,Annual,2027-11-01,Active
2025-08-01,CUST-0105,Professional,55,599.0,0.1,1133.1,13597.2,Annual,2026-08-01,Active
2025-09-01,CUST-0105,Professional,51,599.0,0.1,1056.53,12678.42,Annual,2026-08-01,Active
2025-10-01,CUST-0105,Professional,51,599.0,0.1,1059.17,12710.03,Annual,2026-08-01,Active
2025-11-01,CUST-0105,Professional,54,599.0,0.1,1121.65,13459.8,Annual,2026-08-01,Active
2025-12-01,CUST-0105,Professional,55,599.0,0.1,1144.43,13733.17,Annual,2026-08-01,Active
2026-01-01,CUST-0105,Professional,55,599.0,0.1,1147.26,13767.17,Annual,2027-08-01,Active
2026-02-01,CUST-0105,Professional,58,599.0,0.1,1210.39,14524.65,Annual,2027-08-01,Active
2026-03-01,CUST-0105,Professional,60,599.0,0.1,1253.66,15043.94,Annual,2027-08-01,Active
2026-04-01,CUST-0105,Professional,56,599.0,0.1,1175.96,14111.5,Annual,2027-08-01,Active
2026-05-01,CUST-0105,Professional,59,599.0,0.1,1239.58,14874.92,Annual,2027-08-01,Active
2026-06-01,CUST-0105,Professional,60,599.0,0.1,1262.9,15154.83,Annual,2027-08-01,Active
2025-01-01,CUST-0106,Starter,6,149.0,0.1,146.7,1760.4,Annual,2026-01-01,Active
2025-02-01,CUST-0106,Starter,6,149.0,0.1,147.07,1764.8,Annual,2026-01-01,Active
2025-03-01,CUST-0106,Starter,5,149.0,0.1,134.77,1617.25,Annual,2026-01-01,Active
2025-04-01,CUST-0106,Starter,6,149.0,0.1,147.8,1773.6,Annual,2026-01-01,Active
2025-05-01,CUST-0106,Starter,6,149.0,0.1,148.17,1778.0,Annual,2026-01-01,Active
2025-06-01,CUST-0106,Starter,6,149.0,0.1,148.53,1782.4,Annual,2026-01-01,Active
2025-07-01,CUST-0106,Starter,6,149.0,0.1,148.9,1786.81,Annual,2026-01-01,Active
2025-08-01,CUST-0106,Starter,5,149.0,0.1,136.45,1637.36,Annual,2026-01-01,Active
2025-09-01,CUST-0106,Starter,5,149.0,0.1,136.78,1641.38,Annual,2026-01-01,Active
2025-10-01,CUST-0106,Starter,6,149.0,0.1,150.0,1800.01,Annual,2026-01-01,Active
2025-11-01,CUST-0106,Starter,6,149.0,0.1,150.37,1804.41,Annual,2026-01-01,Active
2025-12-01,CUST-0106,Starter,6,149.0,0.1,150.73,1808.81,Annual,2026-01-01,Active
2026-01-01,CUST-0106,Starter,6,149.0,0.1,151.1,1813.21,Annual,2027-01-01,Active
2026-02-01,CUST-0106,Starter,6,149.0,0.1,151.47,1817.61,Annual,2027-01-01,Active
2026-03-01,CUST-0106,Starter,7,149.0,0.1,164.88,1978.51,Annual,2027-01-01,Active
2026-04-01,CUST-0106,Starter,7,149.0,0.1,165.27,1983.29,Annual,2027-01-01,Active
2026-05-01,CUST-0106,Starter,6,149.0,0.1,152.57,1830.82,Annual,2027-01-01,Active
2026-06-01,CUST-0106,Starter,6,149.0,0.1,152.93,1835.22,Annual,2027-01-01,Active
2025-01-01,CUST-0107,Starter,10,149.0,0.0,223.38,2680.56,Monthly,2026-05-01,Active
2025-02-01,CUST-0107,Starter,10,149.0,0.0,223.93,2687.13,Monthly,2026-05-01,Active
2025-03-01,CUST-0107,Starter,10,149.0,0.0,224.47,2693.7,Monthly,2026-05-01,Active
2025-04-01,CUST-0107,Starter,10,149.0,0.0,225.02,2700.27,Monthly,2026-05-01,Active
2025-05-01,CUST-0107,Starter,10,149.0,0.0,225.57,2706.84,Monthly,2026-05-01,Active
2025-06-01,CUST-0107,Starter,11,149.0,0.0,240.57,2886.87,Monthly,2026-05-01,Active
2025-07-01,CUST-0107,Starter,10,149.0,0.0,226.66,2719.98,Monthly,2026-05-01,Active
2025-08-01,CUST-0107,Starter,10,149.0,0.0,227.21,2726.55,Monthly,2026-05-01,Active
2025-09-01,CUST-0107,Starter,10,149.0,0.0,227.76,2733.12,Monthly,2026-05-01,Active
2025-10-01,CUST-0107,Starter,11,149.0,0.0,242.9,2914.83,Monthly,2026-05-01,Active
2025-11-01,CUST-0107,Starter,10,149.0,0.0,228.85,2746.26,Monthly,2026-05-01,Active
2025-12-01,CUST-0107,Starter,11,149.0,0.0,244.07,2928.81,Monthly,2026-05-01,Active
2026-01-01,CUST-0107,Starter,10,149.0,0.0,229.95,2759.4,Monthly,2027-05-01,Active
2026-02-01,CUST-0107,Starter,11,149.0,0.0,245.23,2942.79,Monthly,2027-05-01,Active
2026-03-01,CUST-0107,Starter,12,149.0,0.0,260.58,3127.02,Monthly,2027-05-01,Active
2026-04-01,CUST-0107,Starter,11,149.0,0.0,246.4,2956.77,Monthly,2027-05-01,Active
2026-05-01,CUST-0107,Starter,10,149.0,0.0,232.14,2785.68,Monthly,2027-05-01,Active
2026-06-01,CUST-0107,Starter,11,149.0,0.0,247.56,2970.75,Monthly,2027-05-01,Active
2025-06-01,CUST-0108,Professional,122,599.0,0.0,2733.0,32796.0,Monthly,2026-06-01,Active
2025-07-01,CUST-0108,Professional,120,599.0,0.0,2695.72,32348.67,Monthly,2026-06-01,Active
2025-08-01,CUST-0108,Professional,120,599.0,0.0,2702.44,32429.34,Monthly,2026-06-01,Active
2025-09-01,CUST-0108,Professional,133,599.0,0.0,2997.31,35967.75,Monthly,2026-06-01,Active
2025-10-01,CUST-0108,Professional,120,599.0,0.0,2715.89,32590.68,Monthly,2026-06-01,Active
2025-11-01,CUST-0108,Professional,127,599.0,0.0,2878.54,34542.45,Monthly,2026-06-01,Active
2025-12-01,CUST-0108,Professional,125,599.0,0.0,2840.98,34091.82,Monthly,2026-06-01,Active
2026-01-01,CUST-0108,Professional,129,599.0,0.0,2937.52,35250.27,Monthly,2027-06-01,Active
2025-01-01,CUST-0109,Professional,31,599.0,0.0,740.14,8881.65,Monthly,2026-08-01,Active
2025-02-01,CUST-0109,Professional,31,599.0,0.0,741.96,8903.58,Monthly,2026-08-01,Active
2025-03-01,CUST-0109,Professional,30,599.0,0.0,721.41,8656.89,Monthly,2026-08-01,Active
2025-04-01,CUST-0109,Professional,33,599.0,0.0,790.5,9486.0,Monthly,2026-08-01,Active
2025-05-01,CUST-0109,Professional,33,599.0,0.0,792.44,9509.25,Monthly,2026-08-01,Active
2025-06-01,CUST-0109,Professional,36,599.0,0.0,862.02,10344.3,Monthly,2026-08-01,Active
2025-07-01,CUST-0109,Professional,32,599.0,0.0,773.71,9284.49,Monthly,2026-08-01,Active
2025-08-01,CUST-0109,Professional,32,599.0,0.0,775.59,9307.08,Monthly,2026-08-01,Active
2025-09-01,CUST-0109,Professional,33,599.0,0.0,800.19,9602.25,Monthly,2026-08-01,Active
2025-10-01,CUST-0109,Professional,33,599.0,0.0,802.12,9625.5,Monthly,2026-08-01,Active
2025-11-01,CUST-0109,Professional,32,599.0,0.0,781.24,9374.85,Monthly,2026-08-01,Active
2025-12-01,CUST-0109,Professional,34,599.0,0.0,828.88,9946.56,Monthly,2026-08-01,Active
2026-01-01,CUST-0109,Professional,34,599.0,0.0,830.87,9970.47,Monthly,2027-08-01,Active
2026-02-01,CUST-0109,Professional,39,599.0,0.0,947.81,11373.78,Monthly,2027-08-01,Active
2026-03-01,CUST-0109,Professional,35,599.0,0.0,857.9,10294.83,Monthly,2027-08-01,Active
2026-04-01,CUST-0109,Professional,36,599.0,0.0,883.05,10596.6,Monthly,2027-08-01,Active
2026-05-01,CUST-0109,Professional,36,599.0,0.0,885.15,10621.83,Monthly,2027-08-01,Active
2026-06-01,CUST-0109,Professional,37,599.0,0.0,910.46,10925.58,Monthly,2027-08-01,Active
2025-01-01,CUST-0110,Starter,5,149.0,0.1,135.44,1625.29,Annual,2026-09-01,Active
2025-02-01,CUST-0110,Starter,5,149.0,0.1,135.78,1629.31,Annual,2026-09-01,Active
2025-03-01,CUST-0110,Starter,5,149.0,0.1,136.11,1633.34,Annual,2026-09-01,Active
2025-04-01,CUST-0110,Starter,5,149.0,0.1,136.45,1637.36,Annual,2026-09-01,Active
2025-05-01,CUST-0110,Starter,5,149.0,0.1,136.78,1641.38,Annual,2026-09-01,Active
2025-06-01,CUST-0110,Starter,5,149.0,0.1,137.12,1645.41,Annual,2026-09-01,Active
2025-07-01,CUST-0110,Starter,5,149.0,0.1,137.45,1649.43,Annual,2026-09-01,Active
2025-08-01,CUST-0110,Starter,5,149.0,0.1,137.79,1653.45,Annual,2026-09-01,Active
2025-09-01,CUST-0110,Starter,5,149.0,0.1,138.12,1657.48,Annual,2026-09-01,Active
2025-10-01,CUST-0110,Starter,5,149.0,0.1,138.46,1661.5,Annual,2026-09-01,Active
2025-11-01,CUST-0110,Starter,5,149.0,0.1,138.79,1665.52,Annual,2026-09-01,Active
2025-12-01,CUST-0110,Starter,5,149.0,0.1,139.13,1669.55,Annual,2026-09-01,Active
2026-01-01,CUST-0110,Starter,5,149.0,0.1,139.46,1673.57,Annual,2027-09-01,Active
2026-02-01,CUST-0110,Starter,5,149.0,0.1,139.8,1677.59,Annual,2027-09-01,Active
2026-03-01,CUST-0110,Starter,5,149.0,0.1,140.13,1681.61,Annual,2027-09-01,Active
2026-04-01,CUST-0110,Starter,5,149.0,0.1,140.47,1685.64,Annual,2027-09-01,Active
2026-05-01,CUST-0110,Starter,5,149.0,0.1,140.81,1689.66,Annual,2027-09-01,Active
2026-06-01,CUST-0110,Starter,5,149.0,0.1,141.14,1693.68,Annual,2027-09-01,Active
2025-01-01,CUST-0111,Professional,48,599.0,0.1,1011.9,12142.85,Annual,2026-06-01,Active
2025-02-01,CUST-0111,Professional,53,599.0,0.1,1115.37,13384.44,Annual,2026-06-01,Active
2025-03-01,CUST-0111,Professional,58,599.0,0.1,1219.33,14631.97,Annual,2026-06-01,Active
2025-04-01,CUST-0111,Professional,63,599.0,0.1,1323.79,15885.45,Annual,2026-06-01,Active
2025-05-01,CUST-0111,Professional,60,599.0,0.1,1265.98,15191.79,Annual,2026-06-01,Active
2025-06-01,CUST-0111,Professional,58,599.0,0.1,1228.28,14739.3,Annual,2026-06-01,Active
2025-07-01,CUST-0111,Professional,61,599.0,0.1,1292.59,15511.04,Annual,2026-06-01,Active
2025-08-01,CUST-0111,Professional,58,599.0,0.1,1234.24,14810.85,Annual,2026-06-01,Active
2025-09-01,CUST-0111,Professional,57,599.0,0.1,1216.68,14600.12,Annual,2026-06-01,Active
2025-10-01,CUST-0111,Professional,59,599.0,0.1,1260.79,15129.5,Annual,2026-06-01,Active
2025-11-01,CUST-0111,Professional,56,599.0,0.1,1201.9,14422.78,Annual,2026-06-01,Active
2025-12-01,CUST-0111,Professional,63,599.0,0.1,1349.62,16195.41,Annual,2026-06-01,Active
2026-01-01,CUST-0111,Professional,63,599.0,0.1,1352.85,16234.16,Annual,2027-06-01,Active
2026-02-01,CUST-0111,Professional,66,599.0,0.1,1418.45,17021.34,Annual,2027-06-01,Active
2026-03-01,CUST-0111,Professional,68,599.0,0.1,1463.5,17562.01,Annual,2027-06-01,Active
2026-04-01,CUST-0111,Professional,65,599.0,0.1,1404.31,16851.73,Annual,2027-06-01,Active
2026-05-01,CUST-0111,Professional,69,599.0,0.1,1491.39,17896.71,Annual,2027-06-01,Active
2026-06-01,CUST-0111,Professional,62,599.0,0.1,1348.0,16176.02,Annual,2027-06-01,Active
2025-03-01,CUST-0112,Starter,5,149.0,0.1,134.1,1609.2,Annual,2026-03-01,Active
2025-04-01,CUST-0112,Starter,5,149.0,0.1,134.44,1613.22,Annual,2026-03-01,Active
2025-05-01,CUST-0112,Starter,5,149.0,0.1,134.77,1617.25,Annual,2026-03-01,Active
2025-06-01,CUST-0112,Starter,5,149.0,0.1,135.11,1621.27,Annual,2026-03-01,Active
2025-07-01,CUST-0112,Starter,5,149.0,0.1,135.44,1625.29,Annual,2026-03-01,Active
2025-08-01,CUST-0112,Starter,5,149.0,0.1,135.78,1629.31,Annual,2026-03-01,Active
2025-09-01,CUST-0112,Starter,5,149.0,0.1,136.11,1633.34,Annual,2026-03-01,Active
2025-10-01,CUST-0112,Starter,5,149.0,0.1,136.45,1637.36,Annual,2026-03-01,Active
2025-11-01,CUST-0112,Starter,5,149.0,0.1,136.78,1641.38,Annual,2026-03-01,Active
2025-12-01,CUST-0112,Starter,5,149.0,0.1,137.12,1645.41,Annual,2026-03-01,Active
2026-01-01,CUST-0112,Starter,5,149.0,0.1,137.45,1649.43,Annual,2027-03-01,Active
2026-02-01,CUST-0112,Starter,5,149.0,0.1,137.79,1653.45,Annual,2027-03-01,Active
2026-03-01,CUST-0112,Starter,5,149.0,0.1,138.12,1657.48,Annual,2027-03-01,Active
2026-04-01,CUST-0112,Starter,5,149.0,0.1,138.46,1661.5,Annual,2027-03-01,Active
2026-05-01,CUST-0112,Starter,5,149.0,0.1,138.79,1665.52,Annual,2027-03-01,Active
2026-06-01,CUST-0112,Starter,5,149.0,0.1,139.13,1669.55,Annual,2027-03-01,Active
2025-12-01,CUST-0113,Starter,8,149.0,0.0,191.0,2292.0,Monthly,2026-12-01,Active
2026-01-01,CUST-0113,Starter,8,149.0,0.0,191.48,2297.73,Monthly,2027-12-01,Active
2026-02-01,CUST-0113,Starter,9,149.0,0.0,206.02,2472.3,Monthly,2027-12-01,Active
2026-03-01,CUST-0113,Starter,8,149.0,0.0,192.43,2309.19,Monthly,2027-12-01,Active
2026-04-01,CUST-0113,Starter,9,149.0,0.0,207.05,2484.6,Monthly,2027-12-01,Active
2026-05-01,CUST-0113,Starter,9,149.0,0.0,207.56,2490.75,Monthly,2027-12-01,Active
2026-06-01,CUST-0113,Starter,9,149.0,0.0,208.07,2496.9,Monthly,2027-12-01,Active
2025-03-01,CUST-0114,Enterprise,321,2499.0,0.13,8134.5,97614.0,Annual,2026-03-01,Active
2025-04-01,CUST-0114,Enterprise,352,2499.0,0.13,8993.0,107915.96,Annual,2026-03-01,Active
2025-05-01,CUST-0114,Enterprise,323,2499.0,0.13,8229.38,98752.59,Annual,2026-03-01,Active
2025-06-01,CUST-0114,Enterprise,336,2499.0,0.13,8603.09,103237.11,Annual,2026-03-01,Active
2025-07-01,CUST-0114,Enterprise,344,2499.0,0.13,8842.36,106108.3,Annual,2026-03-01,Active
2025-08-01,CUST-0114,Enterprise,341,2499.0,0.13,8782.32,105387.88,Annual,2026-03-01,Active
2025-09-01,CUST-0114,Enterprise,342,2499.0,0.13,8831.38,105976.6,Annual,2026-03-01,Active
2025-10-01,CUST-0114,Enterprise,352,2499.0,0.13,9127.55,109530.66,Annual,2026-03-01,Active
2025-11-01,CUST-0114,Enterprise,332,2499.0,0.13,8599.79,103197.52,Annual,2026-03-01,Active
2025-12-01,CUST-0114,Enterprise,382,2499.0,0.13,9999.71,119996.55,Annual,2026-03-01,Active
2026-01-01,CUST-0114,Enterprise,391,2499.0,0.13,10272.96,123275.52,Annual,2027-03-01,Active
2026-02-01,CUST-0114,Enterprise,375,2499.0,0.13,9854.63,118255.55,Annual,2027-03-01,Active
2026-03-01,CUST-0114,Enterprise,402,2499.0,0.13,10628.64,127543.71,Annual,2027-03-01,Active
2026-04-01,CUST-0114,Enterprise,415,2499.0,0.13,11016.44,132197.34,Annual,2027-03-01,Active
2026-05-01,CUST-0114,Enterprise,436,2499.0,0.13,11629.31,139551.74,Annual,2027-03-01,Active
2026-06-01,CUST-0114,Enterprise,394,2499.0,0.13,10482.18,125786.21,Annual,2027-03-01,Active
2025-09-01,CUST-0115,Starter,14,149.0,0.1,247.5,2970.0,Annual,2026-09-01,Active
2025-10-01,CUST-0115,Starter,14,149.0,0.1,248.12,2977.42,Annual,2026-09-01,Active
2025-11-01,CUST-0115,Starter,13,149.0,0.1,236.07,2832.89,Annual,2026-09-01,Active
2025-12-01,CUST-0115,Starter,13,149.0,0.1,236.66,2839.94,Annual,2026-09-01,Active
2026-01-01,CUST-0115,Starter,14,149.0,0.1,249.97,2999.7,Annual,2027-09-01,Active
2026-02-01,CUST-0115,Starter,14,149.0,0.1,250.59,3007.12,Annual,2027-09-01,Active
2026-03-01,CUST-0115,Starter,14,149.0,0.1,251.21,3014.55,Annual,2027-09-01,Active
2026-04-01,CUST-0115,Starter,15,149.0,0.1,264.65,3175.82,Annual,2027-09-01,Active
2026-05-01,CUST-0115,Starter,15,149.0,0.1,265.3,3183.62,Annual,2027-09-01,Active
2026-06-01,CUST-0115,Starter,13,149.0,0.1,240.19,2882.22,Annual,2027-09-01,Active
2025-01-01,CUST-0116,Professional,51,599.0,0.1,1069.71,12836.5,Annual,2026-07-01,Active
2025-02-01,CUST-0116,Professional,47,599.0,0.1,991.76,11901.09,Annual,2026-07-01,Active
2025-03-01,CUST-0116,Professional,53,599.0,0.1,1115.37,13384.44,Annual,2026-07-01,Active
2025-04-01,CUST-0116,Professional,50,599.0,0.1,1057.37,12688.41,Annual,2026-07-01,Active
2025-05-01,CUST-0116,Professional,51,599.0,0.1,1080.25,12962.97,Annual,2026-07-01,Active
2025-06-01,CUST-0116,Professional,53,599.0,0.1,1123.57,13482.86,Annual,2026-07-01,Active
2025-07-01,CUST-0116,Professional,51,599.0,0.1,1085.52,13026.2,Annual,2026-07-01,Active
2025-08-01,CUST-0116,Professional,54,599.0,0.1,1149.48,13793.79,Annual,2026-07-01,Active
2025-09-01,CUST-0116,Professional,51,599.0,0.1,1090.79,13089.44,Annual,2026-07-01,Active
2025-10-01,CUST-0116,Professional,48,599.0,0.1,1031.79,12381.53,Annual,2026-07-01,Active
2025-11-01,CUST-0116,Professional,52,599.0,0.1,1116.65,13399.78,Annual,2026-07-01,Active
2025-12-01,CUST-0116,Professional,56,599.0,0.1,1201.9,14422.78,Annual,2026-07-01,Active
2026-01-01,CUST-0116,Professional,56,599.0,0.1,1204.78,14457.37,Annual,2027-07-01,Active
2026-02-01,CUST-0116,Professional,60,599.0,0.1,1290.62,15487.5,Annual,2027-07-01,Active
2026-03-01,CUST-0116,Professional,60,599.0,0.1,1293.71,15524.46,Annual,2027-07-01,Active
2026-04-01,CUST-0116,Professional,58,599.0,0.1,1255.11,15061.28,Annual,2027-07-01,Active
2026-05-01,CUST-0116,Professional,63,599.0,0.1,1362.53,16350.39,Annual,2027-07-01,Active
2026-06-01,CUST-0116,Professional,61,599.0,0.1,1323.88,15886.61,Annual,2027-07-01,Active
2025-10-01,CUST-0117,Starter,5,149.0,0.0,149.0,1788.0,Monthly,2026-10-01,Active
2025-11-01,CUST-0117,Starter,5,149.0,0.0,149.37,1792.47,Monthly,2026-10-01,Active
2025-12-01,CUST-0117,Starter,5,149.0,0.0,149.74,1796.94,Monthly,2026-10-01,Active
2026-01-01,CUST-0117,Starter,6,149.0,0.0,164.22,1970.67,Monthly,2027-10-01,Active
2026-02-01,CUST-0117,Starter,6,149.0,0.0,164.63,1975.56,Monthly,2027-10-01,Active
2026-03-01,CUST-0117,Starter,6,149.0,0.0,165.04,1980.45,Monthly,2027-10-01,Active
2026-04-01,CUST-0117,Professional,25,599.0,0.0,607.98,7295.82,Monthly,2027-10-01,Active
2026-05-01,CUST-0117,Professional,25,599.0,0.0,609.48,7313.79,Monthly,2027-10-01,Active
2026-06-01,CUST-0117,Professional,25,599.0,0.0,610.98,7331.76,Monthly,2027-10-01,Active
2025-06-01,CUST-0118,Professional,152,599.0,0.0,3393.0,40716.0,Monthly,2026-06-01,Active
2025-07-01,CUST-0118,Professional,148,599.0,0.0,3313.26,39759.15,Monthly,2026-06-01,Active
2025-08-01,CUST-0118,Professional,159,599.0,0.0,3564.73,42776.82,Monthly,2026-06-01,Active
2025-09-01,CUST-0118,Professional,159,599.0,0.0,3573.6,42883.23,Monthly,2026-06-01,Active
2025-10-01,CUST-0118,Professional,152,599.0,0.0,3426.93,41123.16,Monthly,2026-06-01,Active
2025-11-01,CUST-0118,Professional,162,599.0,0.0,3658.16,43897.95,Monthly,2026-06-01,Active
2025-12-01,CUST-0118,Professional,162,599.0,0.0,3667.19,44006.34,Monthly,2026-06-01,Active
2026-01-01,CUST-0118,Professional,161,599.0,0.0,3653.84,43846.11,Monthly,2027-06-01,Active
2026-02-01,CUST-0118,Professional,172,599.0,0.0,3909.66,46915.92,Monthly,2027-06-01,Active
2026-03-01,CUST-0118,Professional,176,599.0,0.0,4009.22,48110.67,Monthly,2027-06-01,Active
2026-04-01,CUST-0118,Professional,189,599.0,0.0,4312.17,51746.1,Monthly,2027-06-01,Active
2026-05-01,CUST-0118,Professional,190,599.0,0.0,4345.3,52143.57,Monthly,2027-06-01,Active
2026-06-01,CUST-0118,Professional,180,599.0,0.0,4129.27,49551.24,Monthly,2027-06-01,Active
2025-01-01,CUST-0119,Starter,54,149.0,0.1,753.38,9040.55,Annual,2026-12-01,Active
2025-02-01,CUST-0119,Starter,57,149.0,0.1,793.25,9518.96,Annual,2026-12-01,Active
2025-03-01,CUST-0119,Starter,53,149.0,0.1,744.44,8933.3,Annual,2026-12-01,Active
2025-04-01,CUST-0119,Starter,53,149.0,0.1,746.29,8955.47,Annual,2026-12-01,Active
2025-05-01,CUST-0119,Starter,53,149.0,0.1,748.14,8977.63,Annual,2026-12-01,Active
2025-06-01,CUST-0119,Starter,57,149.0,0.1,801.14,9613.67,Annual,2026-12-01,Active
2025-07-01,CUST-0119,Starter,49,149.0,0.1,700.55,8406.59,Annual,2026-12-01,Active
2025-08-01,CUST-0119,Starter,57,149.0,0.1,805.09,9661.03,Annual,2026-12-01,Active
2025-09-01,CUST-0119,Starter,53,149.0,0.1,755.53,9066.3,Annual,2026-12-01,Active
2025-10-01,CUST-0119,Starter,56,149.0,0.1,796.12,9553.41,Annual,2026-12-01,Active
2025-11-01,CUST-0119,Starter,59,149.0,0.1,836.9,10042.78,Annual,2026-12-01,Active
2025-12-01,CUST-0119,Starter,58,149.0,0.1,825.96,9911.48,Annual,2026-12-01,Active
2026-01-01,CUST-0119,Starter,54,149.0,0.1,775.92,9311.08,Annual,2027-12-01,Active
2026-02-01,CUST-0119,Starter,56,149.0,0.1,803.88,9646.61,Annual,2027-12-01,Active
2026-03-01,CUST-0119,Starter,67,149.0,0.1,949.62,11395.49,Annual,2027-12-01,Active
2025-01-01,CUST-0120,Starter,15,149.0,0.0,289.72,3476.67,Monthly,2026-12-01,Active
2025-02-01,CUST-0120,Starter,15,149.0,0.0,290.44,3485.34,Monthly,2026-12-01,Active
2025-03-01,CUST-0120,Starter,14,149.0,0.0,277.06,3324.75,Monthly,2026-12-01,Active
2025-04-01,CUST-0120,Starter,15,149.0,0.0,291.89,3502.68,Monthly,2026-12-01,Active
2025-05-01,CUST-0120,Starter,16,149.0,0.0,306.79,3681.45,Monthly,2026-12-01,Active
2025-06-01,CUST-0120,Starter,16,149.0,0.0,307.54,3690.54,Monthly,2026-12-01,Active
2025-07-01,CUST-0120,Starter,15,149.0,0.0,294.06,3528.69,Monthly,2026-12-01,Active
2025-08-01,CUST-0120,Starter,14,149.0,0.0,280.5,3366.0,Monthly,2026-12-01,Active
2025-09-01,CUST-0120,Starter,14,149.0,0.0,281.19,3374.25,Monthly,2026-12-01,Active
2025-10-01,CUST-0120,Starter,15,149.0,0.0,296.22,3554.7,Monthly,2026-12-01,Active
2025-11-01,CUST-0120,Starter,14,149.0,0.0,282.56,3390.75,Monthly,2026-12-01,Active
2025-12-01,CUST-0120,Starter,17,149.0,0.0,326.51,3918.12,Monthly,2026-12-01,Active
2026-01-01,CUST-0120,Starter,17,149.0,0.0,327.3,3927.63,Monthly,2027-12-01,Active
2026-02-01,CUST-0120,Starter,15,149.0,0.0,299.11,3589.38,Monthly,2027-12-01,Active
2026-03-01,CUST-0120,Starter,16,149.0,0.0,314.36,3772.35,Monthly,2027-12-01,Active
2026-04-01,CUST-0120,Starter,17,149.0,0.0,329.68,3956.16,Monthly,2027-12-01,Active
2026-05-01,CUST-0120,Starter,17,149.0,0.0,330.47,3965.67,Monthly,2027-12-01,Active
2026-06-01,CUST-0120,Starter,16,149.0,0.0,316.63,3799.62,Monthly,2027-12-01,Active
2026-01-01,CUST-0121,Enterprise,291,2499.0,0.25,6315.0,75780.0,Annual,2027-01-01,Active
2026-02-01,CUST-0121,Enterprise,292,2499.0,0.25,6354.1,76249.15,Annual,2027-01-01,Active
2026-03-01,CUST-0121,Enterprise,290,2499.0,0.25,6323.21,75878.51,Annual,2027-01-01,Active
2026-04-01,CUST-0121,Enterprise,315,2499.0,0.25,6924.55,83094.57,Annual,2027-01-01,Active
2026-05-01,CUST-0121,Enterprise,326,2499.0,0.25,7200.04,86400.45,Annual,2027-01-01,Active
2026-06-01,CUST-0121,Enterprise,308,2499.0,0.25,6794.13,81529.54,Annual,2027-01-01,Active
2025-03-01,CUST-0122,Starter,5,149.0,0.0,149.0,1788.0,Monthly,2026-03-01,Active
2025-04-01,CUST-0122,Starter,5,149.0,0.0,149.37,1792.47,Monthly,2026-03-01,Active
2025-05-01,CUST-0122,Starter,5,149.0,0.0,149.74,1796.94,Monthly,2026-03-01,Active
2025-06-01,CUST-0122,Starter,5,149.0,0.0,150.12,1801.41,Monthly,2026-03-01,Active
2025-07-01,CUST-0122,Starter,5,149.0,0.0,150.49,1805.88,Monthly,2026-03-01,Active
2025-08-01,CUST-0122,Starter,5,149.0,0.0,150.86,1810.35,Monthly,2026-03-01,Active
2025-09-01,CUST-0122,Starter,5,149.0,0.0,151.23,1814.82,Monthly,2026-03-01,Active
2025-10-01,CUST-0122,Starter,5,149.0,0.0,151.61,1819.29,Monthly,2026-03-01,Active
2025-11-01,CUST-0122,Starter,5,149.0,0.0,151.98,1823.76,Monthly,2026-03-01,Active
2025-12-01,CUST-0122,Starter,5,149.0,0.0,152.35,1828.23,Monthly,2026-03-01,Active
2026-01-01,CUST-0122,Starter,5,149.0,0.0,152.72,1832.7,Monthly,2027-03-01,Active
2026-02-01,CUST-0122,Starter,5,149.0,0.0,153.1,1837.17,Monthly,2027-03-01,Active
2026-03-01,CUST-0122,Starter,5,149.0,0.0,153.47,1841.64,Monthly,2027-03-01,Active
2026-04-01,CUST-0122,Starter,5,149.0,0.0,153.84,1846.11,Monthly,2027-03-01,Active
2026-05-01,CUST-0122,Starter,5,149.0,0.0,154.21,1850.58,Monthly,2027-03-01,Active
2026-06-01,CUST-0122,Starter,5,149.0,0.0,154.59,1855.05,Monthly,2027-03-01,Active
2025-01-01,CUST-0123,Starter,9,149.0,0.1,185.42,2225.07,Annual,2026-11-01,Active
2025-02-01,CUST-0123,Starter,9,149.0,0.1,185.88,2230.61,Annual,2026-11-01,Active
2025-03-01,CUST-0123,Starter,9,149.0,0.1,186.34,2236.14,Annual,2026-11-01,Active
2025-04-01,CUST-0123,Starter,9,149.0,0.1,186.81,2241.68,Annual,2026-11-01,Active
2025-05-01,CUST-0123,Starter,10,149.0,0.1,200.06,2400.68,Annual,2026-11-01,Active
2025-06-01,CUST-0123,Starter,9,149.0,0.1,187.73,2252.75,Annual,2026-11-01,Active
2025-07-01,CUST-0123,Starter,8,149.0,0.1,175.34,2104.06,Annual,2026-11-01,Active
2025-08-01,CUST-0123,Starter,10,149.0,0.1,201.53,2418.42,Annual,2026-11-01,Active
2025-09-01,CUST-0123,Starter,9,149.0,0.1,189.11,2269.35,Annual,2026-11-01,Active
2025-10-01,CUST-0123,Starter,9,149.0,0.1,189.57,2274.89,Annual,2026-11-01,Active
2025-11-01,CUST-0123,Starter,9,149.0,0.1,190.03,2280.42,Annual,2026-11-01,Active
2025-12-01,CUST-0123,Starter,9,149.0,0.1,190.5,2285.95,Annual,2026-11-01,Active
2026-01-01,CUST-0123,Starter,10,149.0,0.1,204.0,2447.98,Annual,2027-11-01,Active
2026-02-01,CUST-0123,Starter,10,149.0,0.1,204.49,2453.89,Annual,2027-11-01,Active
2026-03-01,CUST-0123,Starter,10,149.0,0.1,204.98,2459.81,Annual,2027-11-01,Active
2026-04-01,CUST-0123,Starter,11,149.0,0.1,218.61,2623.35,Annual,2027-11-01,Active
2026-05-01,CUST-0123,Starter,10,149.0,0.1,205.97,2471.63,Annual,2027-11-01,Active
2026-06-01,CUST-0123,Starter,9,149.0,0.1,193.26,2319.16,Annual,2027-11-01,Active
2025-01-01,CUST-0124,Starter,5,149.0,0.1,134.77,1617.25,Annual,2026-11-01,Active
2025-02-01,CUST-0124,Starter,5,149.0,0.1,135.11,1621.27,Annual,2026-11-01,Active
2025-03-01,CUST-0124,Starter,5,149.0,0.1,135.44,1625.29,Annual,2026-11-01,Active
2025-04-01,CUST-0124,Starter,5,149.0,0.1,135.78,1629.31,Annual,2026-11-01,Active
2025-05-01,CUST-0124,Starter,5,149.0,0.1,136.11,1633.34,Annual,2026-11-01,Active
2025-06-01,CUST-0124,Starter,5,149.0,0.1,136.45,1637.36,Annual,2026-11-01,Active
2025-07-01,CUST-0124,Starter,5,149.0,0.1,136.78,1641.38,Annual,2026-11-01,Active
2025-08-01,CUST-0124,Starter,5,149.0,0.1,137.12,1645.41,Annual,2026-11-01,Active
2025-09-01,CUST-0124,Starter,5,149.0,0.1,137.45,1649.43,Annual,2026-11-01,Active
2025-10-01,CUST-0124,Starter,5,149.0,0.1,137.79,1653.45,Annual,2026-11-01,Active
2025-11-01,CUST-0124,Starter,5,149.0,0.1,138.12,1657.48,Annual,2026-11-01,Active
2025-12-01,CUST-0124,Starter,5,149.0,0.1,138.46,1661.5,Annual,2026-11-01,Active
2026-01-01,CUST-0124,Starter,5,149.0,0.1,138.79,1665.52,Annual,2027-11-01,Active
2026-02-01,CUST-0124,Starter,5,149.0,0.1,139.13,1669.55,Annual,2027-11-01,Active
2026-03-01,CUST-0124,Starter,5,149.0,0.1,139.46,1673.57,Annual,2027-11-01,Active
2026-04-01,CUST-0124,Starter,5,149.0,0.1,139.8,1677.59,Annual,2027-11-01,Active
2026-05-01,CUST-0124,Starter,5,149.0,0.1,140.13,1681.61,Annual,2027-11-01,Active
2026-06-01,CUST-0124,Starter,5,149.0,0.1,140.47,1685.64,Annual,2027-11-01,Active
2025-01-01,CUST-0125,Starter,7,149.0,0.0,179.65,2155.86,Monthly,2026-07-01,Active
2025-02-01,CUST-0125,Starter,7,149.0,0.0,180.1,2161.17,Monthly,2026-07-01,Active
2025-03-01,CUST-0125,Starter,7,149.0,0.0,180.54,2166.48,Monthly,2026-07-01,Active
2025-04-01,CUST-0125,Starter,7,149.0,0.0,180.98,2171.79,Monthly,2026-07-01,Active
2025-05-01,CUST-0125,Starter,7,149.0,0.0,181.42,2177.1,Monthly,2026-07-01,Active
2025-06-01,CUST-0125,Starter,7,149.0,0.0,181.87,2182.41,Monthly,2026-07-01,Active
2025-07-01,CUST-0125,Starter,7,149.0,0.0,182.31,2187.72,Monthly,2026-07-01,Active
2025-08-01,CUST-0125,Starter,7,149.0,0.0,182.75,2193.03,Monthly,2026-07-01,Active
2025-09-01,CUST-0125,Starter,7,149.0,0.0,183.19,2198.34,Monthly,2026-07-01,Active
2025-10-01,CUST-0125,Starter,7,149.0,0.0,183.64,2203.65,Monthly,2026-07-01,Active
2025-02-01,CUST-0126,Professional,46,599.0,0.0,1061.0,12732.0,Monthly,2026-02-01,Active
2025-03-01,CUST-0126,Professional,49,599.0,0.0,1129.82,13557.81,Monthly,2026-02-01,Active
2025-04-01,CUST-0126,Professional,46,599.0,0.0,1066.3,12795.66,Monthly,2026-02-01,Active
2025-05-01,CUST-0126,Professional,47,599.0,0.0,1091.12,13093.47,Monthly,2026-02-01,Active
2025-06-01,CUST-0126,Professional,50,599.0,0.0,1160.49,13925.88,Monthly,2026-02-01,Active
2025-07-01,CUST-0126,Professional,48,599.0,0.0,1118.81,13425.75,Monthly,2026-02-01,Active
2025-08-01,CUST-0126,Professional,50,599.0,0.0,1166.23,13994.82,Monthly,2026-02-01,Active
2025-09-01,CUST-0126,Professional,49,599.0,0.0,1146.72,13760.67,Monthly,2026-02-01,Active
2025-10-01,CUST-0126,Professional,50,599.0,0.0,1171.98,14063.76,Monthly,2026-02-01,Active
2025-11-01,CUST-0126,Professional,48,599.0,0.0,1129.86,13558.35,Monthly,2026-02-01,Active
2025-12-01,CUST-0126,Professional,48,599.0,0.0,1132.62,13591.5,Monthly,2026-02-01,Active
2026-01-01,CUST-0126,Professional,50,599.0,0.0,1180.6,14167.17,Monthly,2027-02-01,Active
2026-02-01,CUST-0126,Professional,51,599.0,0.0,1206.13,14473.56,Monthly,2027-02-01,Active
2026-03-01,CUST-0126,Professional,53,599.0,0.0,1254.49,15053.85,Monthly,2027-02-01,Active
2026-04-01,CUST-0126,Professional,55,599.0,0.0,1303.06,15636.78,Monthly,2027-02-01,Active
2026-05-01,CUST-0126,Professional,58,599.0,0.0,1374.69,16496.25,Monthly,2027-02-01,Active
2026-06-01,CUST-0126,Professional,56,599.0,0.0,1332.24,15986.88,Monthly,2027-02-01,Active
2025-07-01,CUST-0127,Professional,38,599.0,0.0,885.0,10620.0,Monthly,2026-07-01,Active
2025-08-01,CUST-0127,Professional,34,599.0,0.0,798.99,9587.91,Monthly,2026-07-01,Active
2025-09-01,CUST-0127,Professional,33,599.0,0.0,778.87,9346.5,Monthly,2026-07-01,Active
2025-10-01,CUST-0127,Professional,36,599.0,0.0,847.31,10167.69,Monthly,2026-07-01,Active
2025-11-01,CUST-0127,Professional,35,599.0,0.0,827.19,9926.28,Monthly,2026-07-01,Active
2025-12-01,CUST-0127,Professional,36,599.0,0.0,851.51,10218.15,Monthly,2026-07-01,Active
2026-01-01,CUST-0127,Professional,38,599.0,0.0,898.27,10779.3,Monthly,2027-07-01,Active
2026-02-01,CUST-0127,Professional,37,599.0,0.0,878.1,10537.23,Monthly,2027-07-01,Active
2026-03-01,CUST-0127,Professional,40,599.0,0.0,947.58,11370.96,Monthly,2027-07-01,Active
2026-04-01,CUST-0127,Professional,43,599.0,0.0,1017.39,12208.65,Monthly,2027-07-01,Active
2026-05-01,CUST-0127,Professional,42,599.0,0.0,997.32,11967.9,Monthly,2027-07-01,Active
2026-06-01,CUST-0127,Professional,39,599.0,0.0,931.94,11183.31,Monthly,2027-07-01,Active
2025-10-01,CUST-0128,Starter,34,149.0,0.0,555.0,6660.0,Monthly,2026-10-01,Active
2025-11-01,CUST-0128,Starter,36,149.0,0.0,584.46,7013.49,Monthly,2026-10-01,Active
2025-12-01,CUST-0128,Starter,40,149.0,0.0,642.19,7706.34,Monthly,2026-10-01,Active
2026-01-01,CUST-0128,Starter,41,149.0,0.0,657.9,7894.77,Monthly,2027-10-01,Active
2026-02-01,CUST-0128,Starter,39,149.0,0.0,631.25,7575.0,Monthly,2027-10-01,Active
2026-03-01,CUST-0128,Starter,40,149.0,0.0,646.99,7763.85,Monthly,2027-10-01,Active
2026-04-01,CUST-0128,Starter,40,149.0,0.0,648.58,7783.02,Monthly,2027-10-01,Active
2026-05-01,CUST-0128,Starter,40,149.0,0.0,650.18,7802.19,Monthly,2027-10-01,Active
2026-06-01,CUST-0128,Starter,44,149.0,0.0,708.9,8506.8,Monthly,2027-10-01,Active
2026-03-01,CUST-0129,Starter,9,149.0,0.0,205.0,2460.0,Monthly,2027-03-01,Active
2026-04-01,CUST-0129,Starter,9,149.0,0.0,205.51,2466.15,Monthly,2027-03-01,Active
2026-05-01,CUST-0129,Starter,9,149.0,0.0,206.02,2472.3,Monthly,2027-03-01,Active
2026-06-01,CUST-0129,Starter,9,149.0,0.0,206.54,2478.45,Monthly,2027-03-01,Active
2025-01-01,CUST-0130,Starter,8,149.0,0.1,175.77,2109.21,Annual,2026-04-01,Active
2025-02-01,CUST-0130,Starter,8,149.0,0.1,176.2,2114.37,Annual,2026-04-01,Active
2025-03-01,CUST-0130,Starter,9,149.0,0.1,189.57,2274.89,Annual,2026-04-01,Active
2025-04-01,CUST-0130,Starter,8,149.0,0.1,177.06,2124.68,Annual,2026-04-01,Active
2025-05-01,CUST-0130,Starter,9,149.0,0.1,190.5,2285.95,Annual,2026-04-01,Active
2025-06-01,CUST-0130,Starter,8,149.0,0.1,177.92,2135.0,Annual,2026-04-01,Active
2025-07-01,CUST-0130,Starter,8,149.0,0.1,178.35,2140.16,Annual,2026-04-01,Active
2025-08-01,CUST-0130,Starter,8,149.0,0.1,178.78,2145.31,Annual,2026-04-01,Active
2025-09-01,CUST-0130,Starter,9,149.0,0.1,192.34,2308.1,Annual,2026-04-01,Active
2025-10-01,CUST-0130,Starter,8,149.0,0.1,179.64,2155.63,Annual,2026-04-01,Active
2025-11-01,CUST-0130,Starter,8,149.0,0.1,180.07,2160.78,Annual,2026-04-01,Active
2025-12-01,CUST-0130,Starter,8,149.0,0.1,180.5,2165.94,Annual,2026-04-01,Active
2026-01-01,CUST-0130,Starter,8,149.0,0.1,180.92,2171.1,Annual,2027-04-01,Active
2026-02-01,CUST-0130,Starter,8,149.0,0.1,181.35,2176.25,Annual,2027-04-01,Active
2026-03-01,CUST-0130,Starter,8,149.0,0.1,181.78,2181.41,Annual,2027-04-01,Active
2026-04-01,CUST-0130,Starter,8,149.0,0.1,182.21,2186.57,Annual,2027-04-01,Active
2026-05-01,CUST-0130,Starter,9,149.0,0.1,196.03,2352.38,Annual,2027-04-01,Active
2026-06-01,CUST-0130,Starter,9,149.0,0.1,196.49,2357.91,Annual,2027-04-01,Active
2026-02-01,CUST-0131,Professional,25,599.0,0.0,599.0,7188.0,Monthly,2027-02-01,Active
2026-03-01,CUST-0131,Professional,25,599.0,0.0,600.5,7205.97,Monthly,2027-02-01,Active
2026-04-01,CUST-0131,Professional,25,599.0,0.0,601.99,7223.94,Monthly,2027-02-01,Active
2026-05-01,CUST-0131,Professional,25,599.0,0.0,603.49,7241.91,Monthly,2027-02-01,Active
2026-06-01,CUST-0131,Professional,25,599.0,0.0,604.99,7259.88,Monthly,2027-02-01,Active
2025-10-01,CUST-0132,Professional,25,599.0,0.1,539.1,6469.2,Annual,2026-10-01,Active
2025-11-01,CUST-0132,Professional,25,599.0,0.1,540.45,6485.37,Annual,2026-10-01,Active
2025-12-01,CUST-0132,Professional,25,599.0,0.1,541.8,6501.55,Annual,2026-10-01,Active
2026-01-01,CUST-0132,Professional,25,599.0,0.1,543.14,6517.72,Annual,2027-10-01,Active
2026-02-01,CUST-0132,Professional,25,599.0,0.1,544.49,6533.89,Annual,2027-10-01,Active
2026-03-01,CUST-0132,Professional,25,599.0,0.1,545.84,6550.07,Annual,2027-10-01,Active
2026-04-01,CUST-0132,Professional,25,599.0,0.1,547.19,6566.24,Annual,2027-10-01,Active
2026-05-01,CUST-0132,Professional,25,599.0,0.1,548.53,6582.41,Annual,2027-10-01,Active
2026-06-01,CUST-0132,Professional,25,599.0,0.1,549.88,6598.58,Annual,2027-10-01,Active
2026-04-01,CUST-0133,Professional,25,599.0,0.0,599.0,7188.0,Monthly,2027-04-01,Active
2026-05-01,CUST-0133,Professional,25,599.0,0.0,600.5,7205.97,Monthly,2027-04-01,Active
2026-06-01,CUST-0133,Professional,25,599.0,0.0,601.99,7223.94,Monthly,2027-04-01,Active
2026-01-01,CUST-0134,Professional,25,599.0,0.0,599.0,7188.0,Monthly,2027-01-01,Active
2026-02-01,CUST-0134,Professional,25,599.0,0.0,600.5,7205.97,Monthly,2027-01-01,Active
2026-03-01,CUST-0134,Professional,25,599.0,0.0,601.99,7223.94,Monthly,2027-01-01,Active
2026-04-01,CUST-0134,Professional,25,599.0,0.0,603.49,7241.91,Monthly,2027-01-01,Active
2026-05-01,CUST-0134,Professional,25,599.0,0.0,604.99,7259.88,Monthly,2027-01-01,Active
2026-06-01,CUST-0134,Professional,25,599.0,0.0,606.49,7277.85,Monthly,2027-01-01,Active
2025-01-01,CUST-0135,Professional,76,599.0,0.1,1556.64,18679.73,Annual,2026-11-01,Active
2025-02-01,CUST-0135,Professional,81,599.0,0.1,1660.26,19923.11,Annual,2026-11-01,Active
2025-03-01,CUST-0135,Professional,76,599.0,0.1,1564.39,18772.67,Annual,2026-11-01,Active
2025-04-01,CUST-0135,Professional,77,599.0,0.1,1588.31,19059.7,Annual,2026-11-01,Active
2025-05-01,CUST-0135,Professional,81,599.0,0.1,1672.62,20071.42,Annual,2026-11-01,Active
2025-06-01,CUST-0135,Professional,80,599.0,0.1,1656.59,19879.1,Annual,2026-11-01,Active
2025-07-01,CUST-0135,Professional,83,599.0,0.1,1721.25,20655.0,Annual,2026-11-01,Active
2025-08-01,CUST-0135,Professional,80,599.0,0.1,1664.73,19976.79,Annual,2026-11-01,Active
2025-09-01,CUST-0135,Professional,81,599.0,0.1,1689.1,20269.17,Annual,2026-11-01,Active
2025-10-01,CUST-0135,Professional,84,599.0,0.1,1754.25,21051.01,Annual,2026-11-01,Active
2025-11-01,CUST-0135,Professional,84,599.0,0.1,1758.52,21102.23,Annual,2026-11-01,Active
2025-12-01,CUST-0135,Professional,88,599.0,0.1,1844.56,22134.74,Annual,2026-11-01,Active
2026-01-01,CUST-0135,Professional,91,599.0,0.1,1910.51,22926.08,Annual,2027-11-01,Active
2026-02-01,CUST-0135,Professional,90,599.0,0.1,1894.58,22734.95,Annual,2027-11-01,Active
2026-03-01,CUST-0135,Professional,99,599.0,0.1,2084.47,25013.66,Annual,2027-11-01,Active
2026-04-01,CUST-0135,Professional,99,599.0,0.1,2089.48,25073.79,Annual,2027-11-01,Active
2026-05-01,CUST-0135,Professional,91,599.0,0.1,1928.97,23147.59,Annual,2027-11-01,Active
2026-06-01,CUST-0135,Professional,99,599.0,0.1,2099.5,25194.05,Annual,2027-11-01,Active
2025-01-01,CUST-0136,Starter,16,149.0,0.1,274.75,3296.94,Annual,2026-10-01,Active
2025-02-01,CUST-0136,Starter,16,149.0,0.1,275.43,3305.12,Annual,2026-10-01,Active
2025-03-01,CUST-0136,Starter,16,149.0,0.1,276.11,3313.3,Annual,2026-10-01,Active
2025-04-01,CUST-0136,Starter,17,149.0,0.1,289.58,3474.95,Annual,2026-10-01,Active
2025-05-01,CUST-0136,Starter,16,149.0,0.1,277.47,3329.67,Annual,2026-10-01,Active
2025-06-01,CUST-0136,Starter,16,149.0,0.1,278.15,3337.85,Annual,2026-10-01,Active
2025-07-01,CUST-0136,Starter,17,149.0,0.1,291.72,3500.63,Annual,2026-10-01,Active
2025-08-01,CUST-0136,Starter,16,149.0,0.1,279.52,3354.21,Annual,2026-10-01,Active
2025-09-01,CUST-0136,Starter,16,149.0,0.1,280.2,3362.39,Annual,2026-10-01,Active
2025-10-01,CUST-0136,Starter,16,149.0,0.1,280.88,3370.57,Annual,2026-10-01,Active
2025-11-01,CUST-0136,Starter,16,149.0,0.1,281.56,3378.75,Annual,2026-10-01,Active
2025-12-01,CUST-0136,Starter,17,149.0,0.1,295.29,3543.43,Annual,2026-10-01,Active
2026-01-01,CUST-0136,Starter,17,149.0,0.1,296.0,3551.99,Annual,2027-10-01,Active
2026-02-01,CUST-0136,Starter,17,149.0,0.1,296.71,3560.54,Annual,2027-10-01,Active
2026-03-01,CUST-0136,Starter,18,149.0,0.1,310.56,3726.73,Annual,2027-10-01,Active
2026-04-01,CUST-0136,Starter,17,149.0,0.1,298.14,3577.66,Annual,2027-10-01,Active
2026-05-01,CUST-0136,Starter,17,149.0,0.1,298.85,3586.22,Annual,2027-10-01,Active
2026-06-01,CUST-0136,Starter,17,149.0,0.1,299.56,3594.78,Annual,2027-10-01,Active
2025-01-01,CUST-0137,Professional,25,599.0,0.0,610.98,7331.76,Monthly,2026-05-01,Active
2025-02-01,CUST-0137,Professional,25,599.0,0.0,612.48,7349.73,Monthly,2026-05-01,Active
2025-03-01,CUST-0137,Professional,25,599.0,0.0,613.97,7367.7,Monthly,2026-05-01,Active
2025-04-01,CUST-0137,Professional,25,599.0,0.0,615.47,7385.67,Monthly,2026-05-01,Active
2025-05-01,CUST-0137,Professional,25,599.0,0.0,616.97,7403.64,Monthly,2026-05-01,Active
2025-06-01,CUST-0137,Professional,25,599.0,0.0,618.47,7421.61,Monthly,2026-05-01,Active
2025-07-01,CUST-0137,Professional,25,599.0,0.0,619.96,7439.58,Monthly,2026-05-01,Active
2025-08-01,CUST-0137,Professional,25,599.0,0.0,621.46,7457.55,Monthly,2026-05-01,Active
2025-09-01,CUST-0137,Professional,25,599.0,0.0,622.96,7475.52,Monthly,2026-05-01,Active
2025-10-01,CUST-0137,Professional,25,599.0,0.0,624.46,7493.49,Monthly,2026-05-01,Active
2025-11-01,CUST-0137,Professional,25,599.0,0.0,625.95,7511.46,Monthly,2026-05-01,Active
2025-12-01,CUST-0137,Professional,25,599.0,0.0,627.45,7529.43,Monthly,2026-05-01,Active
2026-01-01,CUST-0137,Professional,25,599.0,0.0,628.95,7547.4,Monthly,2027-05-01,Active
2026-02-01,CUST-0137,Professional,25,599.0,0.0,630.45,7565.37,Monthly,2027-05-01,Active
2026-03-01,CUST-0137,Professional,25,599.0,0.0,631.94,7583.34,Monthly,2027-05-01,Active
2026-04-01,CUST-0137,Professional,25,599.0,0.0,633.44,7601.31,Monthly,2027-05-01,Active
2026-05-01,CUST-0137,Professional,25,599.0,0.0,634.94,7619.28,Monthly,2027-05-01,Active
2026-06-01,CUST-0137,Professional,25,599.0,0.0,636.44,7637.25,Monthly,2027-05-01,Active
2025-03-01,CUST-0138,Professional,233,599.0,0.0,5175.0,62100.0,Monthly,2026-03-01,Active
2025-04-01,CUST-0138,Professional,247,599.0,0.0,5496.71,65960.49,Monthly,2026-03-01,Active
2025-05-01,CUST-0138,Professional,261,599.0,0.0,5819.95,69839.46,Monthly,2026-03-01,Active
2025-06-01,CUST-0138,Professional,245,599.0,0.0,5479.79,65757.51,Monthly,2026-03-01,Active
2025-07-01,CUST-0138,Professional,258,599.0,0.0,5782.25,69387.0,Monthly,2026-03-01,Active
2025-08-01,CUST-0138,Professional,268,599.0,0.0,6019.31,72231.75,Monthly,2026-03-01,Active
2025-09-01,CUST-0138,Professional,263,599.0,0.0,5922.52,71070.3,Monthly,2026-03-01,Active
2025-10-01,CUST-0138,Professional,256,599.0,0.0,5780.42,69365.01,Monthly,2026-03-01,Active
2025-11-01,CUST-0138,Professional,275,599.0,0.0,6220.98,74651.76,Monthly,2026-03-01,Active
2025-12-01,CUST-0138,Professional,267,599.0,0.0,6056.27,72675.21,Monthly,2026-03-01,Active
2026-01-01,CUST-0138,Professional,282,599.0,0.0,6409.32,76911.9,Monthly,2027-03-01,Active
2026-02-01,CUST-0138,Professional,302,599.0,0.0,6877.06,82524.69,Monthly,2027-03-01,Active
2026-03-01,CUST-0138,Professional,284,599.0,0.0,6485.91,77830.92,Monthly,2027-03-01,Active
2026-04-01,CUST-0138,Professional,309,599.0,0.0,7069.53,84834.33,Monthly,2027-03-01,Active
2026-05-01,CUST-0138,Professional,330,599.0,0.0,7564.81,90777.78,Monthly,2027-03-01,Active
2026-06-01,CUST-0138,Professional,311,599.0,0.0,7149.41,85792.95,Monthly,2027-03-01,Active
2026-03-01,CUST-0139,Enterprise,100,2499.0,0.0,2499.0,29988.0,Monthly,2027-03-01,Active
2026-04-01,CUST-0139,Enterprise,100,2499.0,0.0,2505.25,30062.97,Monthly,2027-03-01,Active
2026-05-01,CUST-0139,Enterprise,100,2499.0,0.0,2511.49,30137.94,Monthly,2027-03-01,Active
2026-06-01,CUST-0139,Enterprise,100,2499.0,0.0,2517.74,30212.91,Monthly,2027-03-01,Active
2025-01-01,CUST-0140,Professional,85,599.0,0.0,1938.19,23258.28,Monthly,2026-09-01,Active
2025-02-01,CUST-0140,Professional,78,599.0,0.0,1787.06,21444.75,Monthly,2026-09-01,Active
2025-03-01,CUST-0140,Professional,86,599.0,0.0,1970.11,23641.38,Monthly,2026-09-01,Active
2025-04-01,CUST-0140,Professional,84,599.0,0.0,1930.2,23162.37,Monthly,2026-09-01,Active
2025-05-01,CUST-0140,Professional,85,599.0,0.0,1957.38,23488.56,Monthly,2026-09-01,Active
2025-06-01,CUST-0140,Professional,85,599.0,0.0,1962.18,23546.13,Monthly,2026-09-01,Active
2025-07-01,CUST-0140,Professional,92,599.0,0.0,2124.82,25497.9,Monthly,2026-09-01,Active
2025-08-01,CUST-0140,Professional,80,599.0,0.0,1858.75,22304.97,Monthly,2026-09-01,Active
2025-09-01,CUST-0140,Professional,89,599.0,0.0,2067.21,24806.52,Monthly,2026-09-01,Active
2025-10-01,CUST-0140,Professional,81,599.0,0.0,1890.51,22686.09,Monthly,2026-09-01,Active
2025-11-01,CUST-0140,Professional,89,599.0,0.0,2077.24,24926.94,Monthly,2026-09-01,Active
2025-12-01,CUST-0140,Professional,88,599.0,0.0,2059.44,24713.25,Monthly,2026-09-01,Active
2026-01-01,CUST-0140,Professional,98,599.0,0.0,2293.2,27518.4,Monthly,2027-09-01,Active
2026-02-01,CUST-0140,Professional,87,599.0,0.0,2046.43,24557.13,Monthly,2027-09-01,Active
2026-03-01,CUST-0140,Professional,102,599.0,0.0,2396.18,28754.22,Monthly,2027-09-01,Active
2026-04-01,CUST-0140,Professional,101,599.0,0.0,2378.87,28546.47,Monthly,2027-09-01,Active
2026-05-01,CUST-0140,Professional,105,599.0,0.0,2476.95,29723.4,Monthly,2027-09-01,Active
2026-06-01,CUST-0140,Professional,99,599.0,0.0,2343.92,28127.01,Monthly,2027-09-01,Active
2026-04-01,CUST-0141,Professional,76,599.0,0.1,1548.9,18586.8,Annual,2027-04-01,Active
2026-05-01,CUST-0141,Professional,88,599.0,0.1,1790.97,21491.6,Annual,2027-04-01,Active
2026-06-01,CUST-0141,Professional,81,599.0,0.1,1656.14,19873.67,Annual,2027-04-01,Active
2025-01-01,CUST-0142,Starter,5,149.0,0.1,137.45,1649.43,Annual,2026-03-01,Active
2025-02-01,CUST-0142,Starter,5,149.0,0.1,137.79,1653.45,Annual,2026-03-01,Active
2025-03-01,CUST-0142,Starter,5,149.0,0.1,138.12,1657.48,Annual,2026-03-01,Active
2025-04-01,CUST-0142,Starter,5,149.0,0.1,138.46,1661.5,Annual,2026-03-01,Active
2025-05-01,CUST-0142,Starter,5,149.0,0.1,138.79,1665.52,Annual,2026-03-01,Active
2025-06-01,CUST-0142,Starter,6,149.0,0.1,152.2,1826.42,Annual,2026-03-01,Active
2025-07-01,CUST-0142,Starter,5,149.0,0.1,139.46,1673.57,Annual,2026-03-01,Active
2025-08-01,CUST-0142,Starter,5,149.0,0.1,139.8,1677.59,Annual,2026-03-01,Active
2025-09-01,CUST-0142,Starter,5,149.0,0.1,140.13,1681.61,Annual,2026-03-01,Active
2025-10-01,CUST-0142,Starter,5,149.0,0.1,140.47,1685.64,Annual,2026-03-01,Active
2025-11-01,CUST-0142,Starter,5,149.0,0.1,140.81,1689.66,Annual,2026-03-01,Active
2025-12-01,CUST-0142,Starter,5,149.0,0.1,141.14,1693.68,Annual,2026-03-01,Active
2026-01-01,CUST-0142,Starter,5,149.0,0.1,141.48,1697.71,Annual,2027-03-01,Active
2026-02-01,CUST-0142,Starter,5,149.0,0.1,141.81,1701.73,Annual,2027-03-01,Active
2026-03-01,CUST-0142,Starter,5,149.0,0.1,142.15,1705.75,Annual,2027-03-01,Active
2026-04-01,CUST-0142,Starter,6,149.0,0.1,155.87,1870.43,Annual,2027-03-01,Active
2026-05-01,CUST-0142,Starter,5,149.0,0.1,142.82,1713.8,Annual,2027-03-01,Active
2026-06-01,CUST-0142,Starter,5,149.0,0.1,143.15,1717.82,Annual,2027-03-01,Active
2025-09-01,CUST-0143,Enterprise,151,2499.0,0.13,3549.6,42595.2,Annual,2026-09-01,Active
2025-10-01,CUST-0143,Enterprise,154,2499.0,0.13,3639.59,43675.04,Annual,2026-09-01,Active
2025-11-01,CUST-0143,Enterprise,171,2499.0,0.13,4109.44,49313.34,Annual,2026-09-01,Active
2025-12-01,CUST-0143,Enterprise,169,2499.0,0.13,4065.32,48783.88,Annual,2026-09-01,Active
2026-01-01,CUST-0143,Enterprise,167,2499.0,0.13,4020.93,48251.17,Annual,2027-09-01,Active
2026-02-01,CUST-0143,Enterprise,182,2499.0,0.13,4440.49,53285.89,Annual,2027-09-01,Active
2026-03-01,CUST-0143,Enterprise,184,2499.0,0.13,4506.2,54074.45,Annual,2027-09-01,Active
2026-04-01,CUST-0143,Enterprise,191,2499.0,0.13,4709.4,56512.76,Annual,2027-09-01,Active
2026-05-01,CUST-0143,Enterprise,179,2499.0,0.13,4390.86,52690.26,Annual,2027-09-01,Active
2026-06-01,CUST-0143,Enterprise,210,2499.0,0.13,5256.5,63077.98,Annual,2027-09-01,Active
2025-01-01,CUST-0144,Starter,7,149.0,0.0,179.21,2150.55,Monthly,2026-08-01,Active
2025-02-01,CUST-0144,Starter,8,149.0,0.0,193.86,2326.38,Monthly,2026-08-01,Active
2025-03-01,CUST-0144,Starter,8,149.0,0.0,194.34,2332.11,Monthly,2026-08-01,Active
2025-04-01,CUST-0144,Starter,8,149.0,0.0,194.82,2337.84,Monthly,2026-08-01,Active
2025-05-01,CUST-0144,Starter,8,149.0,0.0,195.3,2343.57,Monthly,2026-08-01,Active
2025-06-01,CUST-0144,Starter,8,149.0,0.0,195.77,2349.3,Monthly,2026-08-01,Active
2025-07-01,CUST-0144,Starter,8,149.0,0.0,196.25,2355.03,Monthly,2026-08-01,Active
2025-08-01,CUST-0144,Starter,8,149.0,0.0,196.73,2360.76,Monthly,2026-08-01,Active
2025-09-01,CUST-0144,Starter,8,149.0,0.0,197.21,2366.49,Monthly,2026-08-01,Active
2026-03-01,CUST-0145,Starter,11,149.0,0.1,209.7,2516.4,Annual,2027-03-01,Active
2026-04-01,CUST-0145,Starter,11,149.0,0.1,210.22,2522.69,Annual,2027-03-01,Active
2026-05-01,CUST-0145,Starter,11,149.0,0.1,210.75,2528.98,Annual,2027-03-01,Active
2026-06-01,CUST-0145,Starter,11,149.0,0.1,211.27,2535.27,Annual,2027-03-01,Active
2025-01-01,CUST-0146,Professional,56,599.0,0.0,1297.01,15564.15,Monthly,2026-08-01,Active
2025-02-01,CUST-0146,Professional,62,599.0,0.0,1434.19,17210.34,Monthly,2026-08-01,Active
2025-03-01,CUST-0146,Professional,65,599.0,0.0,1504.88,18058.59,Monthly,2026-08-01,Active
2025-04-01,CUST-0146,Professional,65,599.0,0.0,1508.58,18102.96,Monthly,2026-08-01,Active
2025-05-01,CUST-0146,Professional,66,599.0,0.0,1534.77,18417.27,Monthly,2026-08-01,Active
2025-06-01,CUST-0146,Professional,68,599.0,0.0,1583.62,19003.5,Monthly,2026-08-01,Active
2025-07-01,CUST-0146,Professional,63,599.0,0.0,1474.46,17693.55,Monthly,2026-08-01,Active
2025-08-01,CUST-0146,Professional,65,599.0,0.0,1523.37,18280.44,Monthly,2026-08-01,Active
2025-09-01,CUST-0146,Professional,64,599.0,0.0,1504.35,18052.23,Monthly,2026-08-01,Active
2025-10-01,CUST-0146,Professional,66,599.0,0.0,1553.53,18642.42,Monthly,2026-08-01,Active
2025-11-01,CUST-0146,Professional,66,599.0,0.0,1557.29,18687.45,Monthly,2026-08-01,Active
2025-12-01,CUST-0146,Professional,74,599.0,0.0,1744.08,20928.96,Monthly,2026-08-01,Active
2026-01-01,CUST-0146,Professional,69,599.0,0.0,1633.6,19603.17,Monthly,2027-08-01,Active
2026-02-01,CUST-0146,Enterprise,100,2499.0,0.0,2611.45,31337.46,Monthly,2027-08-01,Active
2026-03-01,CUST-0146,Enterprise,100,2499.0,0.0,2617.7,31412.43,Monthly,2027-08-01,Active
2026-04-01,CUST-0146,Enterprise,100,2499.0,0.0,2623.95,31487.4,Monthly,2027-08-01,Active
2026-05-01,CUST-0146,Enterprise,100,2499.0,0.0,2630.2,31562.37,Monthly,2027-08-01,Active
2026-06-01,CUST-0146,Enterprise,100,2499.0,0.0,2636.44,31637.34,Monthly,2027-08-01,Active
2025-01-01,CUST-0147,Starter,14,149.0,0.1,249.97,2999.7,Annual,2026-09-01,Active
2025-02-01,CUST-0147,Starter,15,149.0,0.1,263.35,3160.22,Annual,2026-09-01,Active
2025-03-01,CUST-0147,Starter,15,149.0,0.1,264.0,3168.02,Annual,2026-09-01,Active
2025-04-01,CUST-0147,Starter,14,149.0,0.1,251.83,3021.98,Annual,2026-09-01,Active
2025-05-01,CUST-0147,Starter,14,149.0,0.1,252.45,3029.4,Annual,2026-09-01,Active
2025-06-01,CUST-0147,Starter,14,149.0,0.1,253.07,3036.82,Annual,2026-09-01,Active
2025-07-01,CUST-0147,Starter,14,149.0,0.1,253.69,3044.25,Annual,2026-09-01,Active
2026-03-01,CUST-0148,Starter,5,149.0,0.1,134.1,1609.2,Annual,2027-03-01,Active
2026-04-01,CUST-0148,Starter,5,149.0,0.1,134.44,1613.22,Annual,2027-03-01,Active
2026-05-01,CUST-0148,Starter,5,149.0,0.1,134.77,1617.25,Annual,2027-03-01,Active
2026-06-01,CUST-0148,Starter,5,149.0,0.1,135.11,1621.27,Annual,2027-03-01,Active
2025-04-01,CUST-0149,Starter,16,149.0,0.1,272.7,3272.4,Annual,2026-04-01,Active
2025-05-01,CUST-0149,Starter,16,149.0,0.1,273.38,3280.58,Annual,2026-04-01,Active
2025-06-01,CUST-0149,Starter,16,149.0,0.1,274.06,3288.76,Annual,2026-04-01,Active
2025-07-01,CUST-0149,Starter,16,149.0,0.1,274.75,3296.94,Annual,2026-04-01,Active
2025-08-01,CUST-0149,Starter,16,149.0,0.1,275.43,3305.12,Annual,2026-04-01,Active
2025-09-01,CUST-0149,Starter,17,149.0,0.1,288.87,3466.39,Annual,2026-04-01,Active
2025-10-01,CUST-0149,Starter,15,149.0,0.1,264.0,3168.02,Annual,2026-04-01,Active
2025-11-01,CUST-0149,Starter,15,149.0,0.1,264.65,3175.82,Annual,2026-04-01,Active
2025-12-01,CUST-0149,Starter,17,149.0,0.1,291.01,3492.07,Annual,2026-04-01,Active
2026-01-01,CUST-0149,Starter,17,149.0,0.1,291.72,3500.63,Annual,2027-04-01,Active
2026-02-01,CUST-0149,Starter,18,149.0,0.1,305.35,3664.17,Annual,2027-04-01,Active
2026-03-01,CUST-0149,Starter,18,149.0,0.1,306.09,3673.11,Annual,2027-04-01,Active
2026-04-01,CUST-0149,Starter,17,149.0,0.1,293.86,3526.31,Annual,2027-04-01,Active
2026-05-01,CUST-0149,Starter,17,149.0,0.1,294.57,3534.87,Annual,2027-04-01,Active
2026-06-01,CUST-0149,Starter,17,149.0,0.1,295.29,3543.43,Annual,2027-04-01,Active
2025-06-01,CUST-0150,Starter,72,149.0,0.0,1087.0,13044.0,Monthly,2026-06-01,Active
2025-07-01,CUST-0150,Starter,72,149.0,0.0,1089.72,13076.61,Monthly,2026-06-01,Active
2025-08-01,CUST-0150,Starter,79,149.0,0.0,1190.92,14291.1,Monthly,2026-06-01,Active
2025-09-01,CUST-0150,Starter,77,149.0,0.0,1165.68,13988.13,Monthly,2026-06-01,Active
2025-10-01,CUST-0150,Starter,76,149.0,0.0,1154.43,13853.16,Monthly,2026-06-01,Active
2025-11-01,CUST-0150,Starter,79,149.0,0.0,1199.81,14397.75,Monthly,2026-06-01,Active
2025-12-01,CUST-0150,Starter,77,149.0,0.0,1174.35,14092.26,Monthly,2026-06-01,Active
2026-01-01,CUST-0150,Starter,88,149.0,0.0,1333.94,16007.31,Monthly,2027-06-01,Active
2026-02-01,CUST-0150,Starter,89,149.0,0.0,1351.5,16218.0,Monthly,2027-06-01,Active
2025-09-01,CUST-0151,Professional,37,599.0,0.1,776.7,9320.4,Annual,2026-09-01,Active
2025-10-01,CUST-0151,Professional,36,599.0,0.1,758.79,9105.51,Annual,2026-09-01,Active
2025-11-01,CUST-0151,Professional,36,599.0,0.1,760.68,9128.21,Annual,2026-09-01,Active
2025-12-01,CUST-0151,Professional,37,599.0,0.1,782.53,9390.3,Annual,2026-09-01,Active
2026-01-01,CUST-0151,Professional,39,599.0,0.1,824.46,9893.56,Annual,2027-09-01,Active
2026-02-01,CUST-0151,Professional,42,599.0,0.1,886.65,10639.76,Annual,2027-09-01,Active
2026-03-01,CUST-0151,Professional,37,599.0,0.1,788.35,9460.21,Annual,2027-09-01,Active
2026-04-01,CUST-0151,Professional,44,599.0,0.1,931.32,11175.81,Annual,2027-09-01,Active
2026-05-01,CUST-0151,Professional,41,599.0,0.1,873.02,10476.22,Annual,2027-09-01,Active
2026-06-01,CUST-0151,Professional,40,599.0,0.1,854.91,10258.95,Annual,2027-09-01,Active
2025-01-01,CUST-0152,Professional,129,599.0,0.0,2923.09,35077.05,Monthly,2026-08-01,Active
2025-02-01,CUST-0152,Professional,130,599.0,0.0,2952.63,35431.62,Monthly,2026-08-01,Active
2025-03-01,CUST-0152,Professional,136,599.0,0.0,3094.22,37130.61,Monthly,2026-08-01,Active
2025-04-01,CUST-0152,Professional,136,599.0,0.0,3101.82,37221.84,Monthly,2026-08-01,Active
2025-05-01,CUST-0152,Professional,142,599.0,0.0,3244.39,38932.71,Monthly,2026-08-01,Active
2025-06-01,CUST-0152,Professional,136,599.0,0.0,3117.02,37404.3,Monthly,2026-08-01,Active
2025-07-01,CUST-0152,Professional,146,599.0,0.0,3350.68,40208.13,Monthly,2026-08-01,Active
2025-08-01,CUST-0152,Professional,145,599.0,0.0,3336.17,40034.04,Monthly,2026-08-01,Active
2025-09-01,CUST-0152,Professional,140,599.0,0.0,3230.69,38768.31,Monthly,2026-08-01,Active
2025-10-01,CUST-0152,Professional,139,599.0,0.0,3215.74,38588.94,Monthly,2026-08-01,Active
2025-11-01,CUST-0152,Professional,134,599.0,0.0,3109.39,37312.65,Monthly,2026-08-01,Active
2025-12-01,CUST-0152,Professional,163,599.0,0.0,3780.4,45364.8,Monthly,2026-08-01,Active
2026-01-01,CUST-0152,Professional,145,599.0,0.0,3376.66,40519.89,Monthly,2027-08-01,Active
2026-02-01,CUST-0152,Professional,170,599.0,0.0,3959.5,47514.06,Monthly,2027-08-01,Active
2026-03-01,CUST-0152,Professional,166,599.0,0.0,3876.8,46521.57,Monthly,2027-08-01,Active
2026-04-01,CUST-0152,Professional,160,599.0,0.0,3747.45,44969.4,Monthly,2027-08-01,Active
2026-05-01,CUST-0152,Professional,165,599.0,0.0,3872.15,46465.77,Monthly,2027-08-01,Active
2026-06-01,CUST-0152,Professional,177,599.0,0.0,4159.86,49918.38,Monthly,2027-08-01,Active
2025-07-01,CUST-0153,Starter,13,149.0,0.0,261.0,3132.0,Monthly,2026-07-01,Active
2025-08-01,CUST-0153,Starter,13,149.0,0.0,261.65,3139.83,Monthly,2026-07-01,Active
2025-09-01,CUST-0153,Starter,13,149.0,0.0,262.3,3147.66,Monthly,2026-07-01,Active
2025-10-01,CUST-0153,Starter,14,149.0,0.0,277.06,3324.75,Monthly,2026-07-01,Active
2025-11-01,CUST-0153,Starter,14,149.0,0.0,277.75,3333.0,Monthly,2026-07-01,Active
2025-12-01,CUST-0153,Starter,13,149.0,0.0,264.26,3171.15,Monthly,2026-07-01,Active
2026-01-01,CUST-0153,Professional,25,599.0,0.0,607.98,7295.82,Monthly,2027-07-01,Active
2026-02-01,CUST-0153,Professional,25,599.0,0.0,609.48,7313.79,Monthly,2027-07-01,Active
2026-03-01,CUST-0153,Professional,25,599.0,0.0,610.98,7331.76,Monthly,2027-07-01,Active
2026-04-01,CUST-0153,Professional,25,599.0,0.0,612.48,7349.73,Monthly,2027-07-01,Active
2026-05-01,CUST-0153,Professional,25,599.0,0.0,613.97,7367.7,Monthly,2027-07-01,Active
2026-06-01,CUST-0153,Professional,25,599.0,0.0,615.47,7385.67,Monthly,2027-07-01,Active
2025-01-01,CUST-0154,Starter,5,149.0,0.0,149.74,1796.94,Monthly,2026-11-01,Active
2025-02-01,CUST-0154,Starter,5,149.0,0.0,150.12,1801.41,Monthly,2026-11-01,Active
2025-03-01,CUST-0154,Starter,5,149.0,0.0,150.49,1805.88,Monthly,2026-11-01,Active
2025-04-01,CUST-0154,Starter,5,149.0,0.0,150.86,1810.35,Monthly,2026-11-01,Active
2025-05-01,CUST-0154,Starter,5,149.0,0.0,151.23,1814.82,Monthly,2026-11-01,Active
2025-06-01,CUST-0154,Starter,5,149.0,0.0,151.61,1819.29,Monthly,2026-11-01,Active
2025-07-01,CUST-0154,Starter,5,149.0,0.0,151.98,1823.76,Monthly,2026-11-01,Active
2025-08-01,CUST-0154,Starter,5,149.0,0.0,152.35,1828.23,Monthly,2026-11-01,Active
2025-09-01,CUST-0154,Starter,5,149.0,0.0,152.72,1832.7,Monthly,2026-11-01,Active
2025-10-01,CUST-0154,Starter,5,149.0,0.0,153.1,1837.17,Monthly,2026-11-01,Active
2025-11-01,CUST-0154,Starter,5,149.0,0.0,153.47,1841.64,Monthly,2026-11-01,Active
2025-12-01,CUST-0154,Starter,5,149.0,0.0,153.84,1846.11,Monthly,2026-11-01,Active
2026-01-01,CUST-0154,Starter,5,149.0,0.0,154.21,1850.58,Monthly,2027-11-01,Active
2026-02-01,CUST-0154,Starter,5,149.0,0.0,154.59,1855.05,Monthly,2027-11-01,Active
2026-03-01,CUST-0154,Starter,5,149.0,0.0,154.96,1859.52,Monthly,2027-11-01,Active
2026-04-01,CUST-0154,Starter,5,149.0,0.0,155.33,1863.99,Monthly,2027-11-01,Active
2026-05-01,CUST-0154,Starter,5,149.0,0.0,155.7,1868.46,Monthly,2027-11-01,Active
2026-06-01,CUST-0154,Starter,5,149.0,0.0,156.08,1872.93,Monthly,2027-11-01,Active
2025-01-01,CUST-0155,Professional,25,599.0,0.22,470.72,5648.69,Annual,2026-10-01,Active
2025-02-01,CUST-0155,Professional,25,599.0,0.22,471.89,5662.71,Annual,2026-10-01,Active
2025-03-01,CUST-0155,Professional,27,599.0,0.22,507.81,6093.71,Annual,2026-10-01,Active
2025-04-01,CUST-0155,Professional,29,599.0,0.22,543.9,6526.77,Annual,2026-10-01,Active
2025-05-01,CUST-0155,Professional,27,599.0,0.22,510.32,6123.8,Annual,2026-10-01,Active
2025-06-01,CUST-0155,Professional,28,599.0,0.22,529.07,6348.89,Annual,2026-10-01,Active
2025-07-01,CUST-0155,Professional,28,599.0,0.22,530.37,6364.45,Annual,2026-10-01,Active
2025-08-01,CUST-0155,Professional,26,599.0,0.22,496.49,5957.87,Annual,2026-10-01,Active
2025-09-01,CUST-0155,Professional,26,599.0,0.22,497.7,5972.41,Annual,2026-10-01,Active
2025-10-01,CUST-0155,Professional,26,599.0,0.22,498.91,5986.94,Annual,2026-10-01,Active
2025-11-01,CUST-0155,Professional,28,599.0,0.22,535.56,6426.69,Annual,2026-10-01,Active
2025-12-01,CUST-0155,Professional,28,599.0,0.22,536.85,6442.25,Annual,2026-10-01,Active
2026-01-01,CUST-0155,Enterprise,100,2499.0,0.25,1944.53,23334.41,Annual,2027-10-01,Active
2026-02-01,CUST-0155,Enterprise,100,2499.0,0.25,1949.22,23390.64,Annual,2027-10-01,Active
2026-03-01,CUST-0155,Enterprise,100,2499.0,0.25,1953.91,23446.87,Annual,2027-10-01,Active
2026-04-01,CUST-0155,Enterprise,100,2499.0,0.25,1958.59,23503.1,Annual,2027-10-01,Active
2026-05-01,CUST-0155,Enterprise,100,2499.0,0.25,1963.28,23559.32,Annual,2027-10-01,Active
2026-06-01,CUST-0155,Enterprise,100,2499.0,0.25,1967.96,23615.55,Annual,2027-10-01,Active
2025-03-01,CUST-0156,Starter,21,149.0,0.1,335.7,4028.4,Annual,2026-03-01,Active
2025-04-01,CUST-0156,Starter,21,149.0,0.1,336.54,4038.47,Annual,2026-03-01,Active
2025-05-01,CUST-0156,Starter,21,149.0,0.1,337.38,4048.54,Annual,2026-03-01,Active
2025-06-01,CUST-0156,Starter,21,149.0,0.1,338.22,4058.61,Annual,2026-03-01,Active
2025-07-01,CUST-0156,Starter,21,149.0,0.1,339.06,4068.68,Annual,2026-03-01,Active
2025-08-01,CUST-0156,Starter,19,149.0,0.1,314.38,3772.57,Annual,2026-03-01,Active
2025-09-01,CUST-0156,Starter,22,149.0,0.1,353.52,4242.29,Annual,2026-03-01,Active
2025-10-01,CUST-0156,Professional,25,599.0,0.1,548.53,6582.41,Annual,2026-03-01,Active
2025-11-01,CUST-0156,Professional,25,599.0,0.1,549.88,6598.58,Annual,2026-03-01,Active
2025-12-01,CUST-0156,Professional,25,599.0,0.1,551.23,6614.76,Annual,2026-03-01,Active
2026-01-01,CUST-0156,Professional,26,599.0,0.1,572.87,6874.47,Annual,2027-03-01,Active
2025-01-01,CUST-0157,Professional,181,599.0,0.1,3655.11,43861.31,Annual,2026-10-01,Active
2025-02-01,CUST-0157,Professional,197,599.0,0.1,3984.15,47809.76,Annual,2026-10-01,Active
2025-03-01,CUST-0157,Professional,192,599.0,0.1,3893.77,46725.26,Annual,2026-10-01,Active
2025-04-01,CUST-0157,Professional,201,599.0,0.1,4084.26,49011.1,Annual,2026-10-01,Active
2025-05-01,CUST-0157,Professional,207,599.0,0.1,4215.2,50582.37,Annual,2026-10-01,Active
2025-06-01,CUST-0157,Professional,225,599.0,0.1,4589.08,55068.98,Annual,2026-10-01,Active
2025-07-01,CUST-0157,Professional,213,599.0,0.1,4357.38,52288.6,Annual,2026-10-01,Active
2025-08-01,CUST-0157,Professional,197,599.0,0.1,4043.32,48519.81,Annual,2026-10-01,Active
2025-09-01,CUST-0157,Professional,205,599.0,0.1,4215.94,50591.22,Annual,2026-10-01,Active
2025-10-01,CUST-0157,Professional,203,599.0,0.1,4185.4,50224.86,Annual,2026-10-01,Active
2025-11-01,CUST-0157,Professional,202,599.0,0.1,4175.12,50101.44,Annual,2026-10-01,Active
2025-12-01,CUST-0157,Professional,221,599.0,0.1,4574.6,54895.16,Annual,2026-10-01,Active
2026-01-01,CUST-0157,Professional,229,599.0,0.1,4749.99,56999.84,Annual,2027-10-01,Active
2026-02-01,CUST-0157,Professional,225,599.0,0.1,4679.06,56148.77,Annual,2027-10-01,Active
2026-03-01,CUST-0157,Professional,236,599.0,0.1,4917.37,59008.42,Annual,2027-10-01,Active
2026-04-01,CUST-0157,Professional,242,599.0,0.1,5053.31,60639.68,Annual,2027-10-01,Active
2026-05-01,CUST-0157,Professional,240,599.0,0.1,5023.91,60286.98,Annual,2027-10-01,Active
2026-06-01,CUST-0157,Professional,236,599.0,0.1,4952.75,59432.94,Annual,2027-10-01,Active
2025-01-01,CUST-0158,Enterprise,261,2499.0,0.13,6597.75,79173.04,Annual,2026-08-01,Active
2025-02-01,CUST-0158,Enterprise,255,2499.0,0.13,6449.8,77397.57,Annual,2026-08-01,Active
2025-03-01,CUST-0158,Enterprise,267,2499.0,0.13,6794.99,81539.85,Annual,2026-08-01,Active
2025-04-01,CUST-0158,Enterprise,272,2499.0,0.13,6949.23,83390.75,Annual,2026-08-01,Active
2025-05-01,CUST-0158,Enterprise,256,2499.0,0.13,6525.03,78300.39,Annual,2026-08-01,Active
2025-06-01,CUST-0158,Enterprise,266,2499.0,0.13,6817.43,81809.14,Annual,2026-08-01,Active
2025-07-01,CUST-0158,Enterprise,275,2499.0,0.13,7083.46,85001.54,Annual,2026-08-01,Active
2025-08-01,CUST-0158,Enterprise,280,2499.0,0.13,7239.59,86875.1,Annual,2026-08-01,Active
2025-09-01,CUST-0158,Enterprise,276,2499.0,0.13,7145.78,85749.33,Annual,2026-08-01,Active
2025-10-01,CUST-0158,Enterprise,260,2499.0,0.13,6716.46,80597.48,Annual,2026-08-01,Active
2025-11-01,CUST-0158,Enterprise,266,2499.0,0.13,6900.57,82806.82,Annual,2026-08-01,Active
2025-12-01,CUST-0158,Enterprise,289,2499.0,0.13,7562.32,90747.82,Annual,2026-08-01,Active
2026-01-01,CUST-0158,Enterprise,276,2499.0,0.13,7214.99,86579.83,Annual,2027-08-01,Active
2026-02-01,CUST-0158,Enterprise,289,2499.0,0.13,7598.68,91184.11,Annual,2027-08-01,Active
2026-03-01,CUST-0158,Enterprise,313,2499.0,0.13,8294.88,99538.56,Annual,2027-08-01,Active
2026-04-01,CUST-0158,Enterprise,345,2499.0,0.13,9220.87,110650.43,Annual,2027-08-01,Active
2026-05-01,CUST-0158,Enterprise,335,2499.0,0.13,8958.96,107507.57,Annual,2027-08-01,Active
2026-06-01,CUST-0158,Enterprise,302,2499.0,0.13,8041.28,96495.41,Annual,2027-08-01,Active
2025-01-01,CUST-0159,Starter,5,149.0,0.1,136.11,1633.34,Annual,2026-07-01,Active
2025-02-01,CUST-0159,Starter,5,149.0,0.1,136.45,1637.36,Annual,2026-07-01,Active
2025-03-01,CUST-0159,Starter,5,149.0,0.1,136.78,1641.38,Annual,2026-07-01,Active
2025-04-01,CUST-0159,Starter,5,149.0,0.1,137.12,1645.41,Annual,2026-07-01,Active
2025-05-01,CUST-0159,Starter,5,149.0,0.1,137.45,1649.43,Annual,2026-07-01,Active
2025-06-01,CUST-0159,Starter,5,149.0,0.1,137.79,1653.45,Annual,2026-07-01,Active
2025-07-01,CUST-0159,Starter,5,149.0,0.1,138.12,1657.48,Annual,2026-07-01,Active
2025-08-01,CUST-0159,Starter,5,149.0,0.1,138.46,1661.5,Annual,2026-07-01,Active
2025-09-01,CUST-0159,Starter,5,149.0,0.1,138.79,1665.52,Annual,2026-07-01,Active
2025-10-01,CUST-0159,Starter,5,149.0,0.1,139.13,1669.55,Annual,2026-07-01,Active
2025-11-01,CUST-0159,Starter,5,149.0,0.1,139.46,1673.57,Annual,2026-07-01,Active
2025-12-01,CUST-0159,Starter,5,149.0,0.1,139.8,1677.59,Annual,2026-07-01,Active
2026-01-01,CUST-0159,Starter,5,149.0,0.1,140.13,1681.61,Annual,2027-07-01,Active
2026-02-01,CUST-0159,Starter,5,149.0,0.1,140.47,1685.64,Annual,2027-07-01,Active
2026-03-01,CUST-0159,Starter,5,149.0,0.1,140.81,1689.66,Annual,2027-07-01,Active
2026-04-01,CUST-0159,Starter,5,149.0,0.1,141.14,1693.68,Annual,2027-07-01,Active
2026-05-01,CUST-0159,Starter,5,149.0,0.1,141.48,1697.71,Annual,2027-07-01,Active
2026-06-01,CUST-0159,Starter,5,149.0,0.1,141.81,1701.73,Annual,2027-07-01,Active
2025-01-01,CUST-0160,Enterprise,100,2499.0,0.0,2536.48,30437.82,Monthly,2026-07-01,Active
2025-02-01,CUST-0160,Enterprise,100,2499.0,0.0,2542.73,30512.79,Monthly,2026-07-01,Active
2025-03-01,CUST-0160,Enterprise,100,2499.0,0.0,2548.98,30587.76,Monthly,2026-07-01,Active
2025-04-01,CUST-0160,Enterprise,100,2499.0,0.0,2555.23,30662.73,Monthly,2026-07-01,Active
2025-05-01,CUST-0160,Enterprise,100,2499.0,0.0,2561.47,30737.7,Monthly,2026-07-01,Active
2025-06-01,CUST-0160,Enterprise,100,2499.0,0.0,2567.72,30812.67,Monthly,2026-07-01,Active
2025-07-01,CUST-0160,Enterprise,100,2499.0,0.0,2573.97,30887.64,Monthly,2026-07-01,Active
2025-08-01,CUST-0160,Enterprise,100,2499.0,0.0,2580.22,30962.61,Monthly,2026-07-01,Active
2025-09-01,CUST-0160,Enterprise,100,2499.0,0.0,2586.46,31037.58,Monthly,2026-07-01,Active
2025-10-01,CUST-0160,Enterprise,100,2499.0,0.0,2592.71,31112.55,Monthly,2026-07-01,Active
2025-11-01,CUST-0160,Enterprise,100,2499.0,0.0,2598.96,31187.52,Monthly,2026-07-01,Active
2025-12-01,CUST-0160,Enterprise,100,2499.0,0.0,2605.21,31262.49,Monthly,2026-07-01,Active
2026-01-01,CUST-0160,Enterprise,100,2499.0,0.0,2611.45,31337.46,Monthly,2027-07-01,Active
2026-02-01,CUST-0160,Enterprise,100,2499.0,0.0,2617.7,31412.43,Monthly,2027-07-01,Active
2026-03-01,CUST-0160,Enterprise,100,2499.0,0.0,2623.95,31487.4,Monthly,2027-07-01,Active
2026-04-01,CUST-0160,Enterprise,100,2499.0,0.0,2630.2,31562.37,Monthly,2027-07-01,Active
2026-05-01,CUST-0160,Enterprise,100,2499.0,0.0,2636.44,31637.34,Monthly,2027-07-01,Active
2026-06-01,CUST-0160,Enterprise,100,2499.0,0.0,2642.69,31712.31,Monthly,2027-07-01,Active
2025-01-01,CUST-0161,Starter,6,149.0,0.0,164.22,1970.67,Monthly,2026-10-01,Active
2025-02-01,CUST-0161,Starter,6,149.0,0.0,164.63,1975.56,Monthly,2026-10-01,Active
2025-03-01,CUST-0161,Starter,7,149.0,0.0,179.21,2150.55,Monthly,2026-10-01,Active
2025-04-01,CUST-0161,Starter,7,149.0,0.0,179.65,2155.86,Monthly,2026-10-01,Active
2025-05-01,CUST-0161,Starter,7,149.0,0.0,180.1,2161.17,Monthly,2026-10-01,Active
2025-06-01,CUST-0161,Starter,7,149.0,0.0,180.54,2166.48,Monthly,2026-10-01,Active
2025-07-01,CUST-0161,Starter,7,149.0,0.0,180.98,2171.79,Monthly,2026-10-01,Active
2025-08-01,CUST-0161,Starter,7,149.0,0.0,181.42,2177.1,Monthly,2026-10-01,Active
2025-09-01,CUST-0161,Starter,7,149.0,0.0,181.87,2182.41,Monthly,2026-10-01,Active
2025-10-01,CUST-0161,Starter,7,149.0,0.0,182.31,2187.72,Monthly,2026-10-01,Active
2025-11-01,CUST-0161,Starter,7,149.0,0.0,182.75,2193.03,Monthly,2026-10-01,Active
2025-12-01,CUST-0161,Starter,7,149.0,0.0,183.19,2198.34,Monthly,2026-10-01,Active
2026-01-01,CUST-0161,Starter,7,149.0,0.0,183.64,2203.65,Monthly,2027-10-01,Active
2026-02-01,CUST-0161,Starter,8,149.0,0.0,198.64,2383.68,Monthly,2027-10-01,Active
2026-03-01,CUST-0161,Starter,7,149.0,0.0,184.52,2214.27,Monthly,2027-10-01,Active
2026-04-01,CUST-0161,Starter,8,149.0,0.0,199.59,2395.14,Monthly,2027-10-01,Active
2026-05-01,CUST-0161,Starter,7,149.0,0.0,185.41,2224.89,Monthly,2027-10-01,Active
2026-06-01,CUST-0161,Starter,8,149.0,0.0,200.55,2406.6,Monthly,2027-10-01,Active
2025-11-01,CUST-0162,Starter,10,149.0,0.0,219.0,2628.0,Monthly,2026-11-01,Active
2025-12-01,CUST-0162,Starter,10,149.0,0.0,219.55,2634.57,Monthly,2026-11-01,Active
2026-01-01,CUST-0162,Starter,11,149.0,0.0,234.16,2809.98,Monthly,2027-11-01,Active
2026-02-01,CUST-0162,Starter,11,149.0,0.0,234.75,2816.97,Monthly,2027-11-01,Active
2026-03-01,CUST-0162,Starter,11,149.0,0.0,235.33,2823.96,Monthly,2027-11-01,Active
2026-04-01,CUST-0162,Starter,11,149.0,0.0,235.91,2830.95,Monthly,2027-11-01,Active
2026-05-01,CUST-0162,Starter,11,149.0,0.0,236.49,2837.94,Monthly,2027-11-01,Active
2026-06-01,CUST-0162,Starter,11,149.0,0.0,237.08,2844.93,Monthly,2027-11-01,Active
2025-07-01,CUST-0163,Starter,12,149.0,0.1,222.3,2667.6,Annual,2026-07-01,Active
2025-08-01,CUST-0163,Starter,13,149.0,0.1,235.49,2825.85,Annual,2026-07-01,Active
2025-09-01,CUST-0163,Starter,12,149.0,0.1,223.41,2680.94,Annual,2026-07-01,Active
2025-10-01,CUST-0163,Starter,12,149.0,0.1,223.97,2687.61,Annual,2026-07-01,Active
2025-11-01,CUST-0163,Starter,12,149.0,0.1,224.52,2694.28,Annual,2026-07-01,Active
2025-12-01,CUST-0163,Starter,12,149.0,0.1,225.08,2700.95,Annual,2026-07-01,Active
2026-01-01,CUST-0163,Starter,14,149.0,0.1,251.21,3014.55,Annual,2027-07-01,Active
2026-02-01,CUST-0163,Starter,14,149.0,0.1,251.83,3021.98,Annual,2027-07-01,Active
2026-03-01,CUST-0163,Starter,13,149.0,0.1,239.6,2875.18,Annual,2027-07-01,Active
2026-04-01,CUST-0163,Starter,14,149.0,0.1,253.07,3036.82,Annual,2027-07-01,Active
2026-05-01,CUST-0163,Starter,14,149.0,0.1,253.69,3044.25,Annual,2027-07-01,Active
2026-06-01,CUST-0163,Starter,14,149.0,0.1,254.31,3051.68,Annual,2027-07-01,Active
2025-05-01,CUST-0164,Professional,49,599.0,0.0,1127.0,13524.0,Monthly,2026-05-01,Active
2025-06-01,CUST-0164,Professional,48,599.0,0.0,1107.76,13293.15,Monthly,2026-05-01,Active
2025-07-01,CUST-0164,Professional,50,599.0,0.0,1154.74,13856.94,Monthly,2026-05-01,Active
2025-08-01,CUST-0164,Professional,51,599.0,0.0,1179.78,14157.39,Monthly,2026-05-01,Active
2025-09-01,CUST-0164,Professional,50,599.0,0.0,1160.49,13925.88,Monthly,2026-05-01,Active
2025-10-01,CUST-0164,Professional,47,599.0,0.0,1096.54,13158.45,Monthly,2026-05-01,Active
2025-11-01,CUST-0164,Professional,53,599.0,0.0,1233.22,14798.7,Monthly,2026-05-01,Active
2025-12-01,CUST-0164,Professional,52,599.0,0.0,1213.88,14566.53,Monthly,2026-05-01,Active
2026-01-01,CUST-0164,Professional,51,599.0,0.0,1194.42,14333.04,Monthly,2027-05-01,Active
2026-02-01,CUST-0164,Professional,55,599.0,0.0,1287.33,15447.93,Monthly,2027-05-01,Active
2026-03-01,CUST-0164,Professional,54,599.0,0.0,1267.92,15215.1,Monthly,2027-05-01,Active
2026-04-01,CUST-0164,Professional,60,599.0,0.0,1406.65,16879.77,Monthly,2027-05-01,Active
2026-05-01,CUST-0164,Professional,55,599.0,0.0,1296.77,15561.24,Monthly,2027-05-01,Active
2026-06-01,CUST-0164,Professional,56,599.0,0.0,1322.63,15871.59,Monthly,2027-05-01,Active
2025-01-01,CUST-0165,Starter,5,149.0,0.1,135.78,1629.31,Annual,2026-08-01,Active
2025-02-01,CUST-0165,Starter,5,149.0,0.1,136.11,1633.34,Annual,2026-08-01,Active
2025-03-01,CUST-0165,Starter,5,149.0,0.1,136.45,1637.36,Annual,2026-08-01,Active
2025-04-01,CUST-0165,Starter,5,149.0,0.1,136.78,1641.38,Annual,2026-08-01,Active
2025-05-01,CUST-0165,Starter,5,149.0,0.1,137.12,1645.41,Annual,2026-08-01,Active
2025-06-01,CUST-0165,Starter,5,149.0,0.1,137.45,1649.43,Annual,2026-08-01,Active
2025-07-01,CUST-0165,Starter,5,149.0,0.1,137.79,1653.45,Annual,2026-08-01,Active
2025-08-01,CUST-0165,Starter,5,149.0,0.1,138.12,1657.48,Annual,2026-08-01,Active
2025-09-01,CUST-0165,Starter,5,149.0,0.1,138.46,1661.5,Annual,2026-08-01,Active
2025-10-01,CUST-0165,Starter,5,149.0,0.1,138.79,1665.52,Annual,2026-08-01,Active
2025-11-01,CUST-0165,Starter,5,149.0,0.1,139.13,1669.55,Annual,2026-08-01,Active
2025-12-01,CUST-0165,Starter,5,149.0,0.1,139.46,1673.57,Annual,2026-08-01,Active
2026-01-01,CUST-0165,Starter,5,149.0,0.1,139.8,1677.59,Annual,2027-08-01,Active
2026-02-01,CUST-0165,Starter,5,149.0,0.1,140.13,1681.61,Annual,2027-08-01,Active
2026-03-01,CUST-0165,Starter,5,149.0,0.1,140.47,1685.64,Annual,2027-08-01,Active
2026-04-01,CUST-0165,Starter,5,149.0,0.1,140.81,1689.66,Annual,2027-08-01,Active
2026-05-01,CUST-0165,Starter,5,149.0,0.1,141.14,1693.68,Annual,2027-08-01,Active
2026-06-01,CUST-0165,Starter,5,149.0,0.1,141.48,1697.71,Annual,2027-08-01,Active
2025-01-01,CUST-0166,Enterprise,157,2499.0,0.13,3767.09,45205.1,Annual,2026-07-01,Active
2025-02-01,CUST-0166,Enterprise,156,2499.0,0.13,3748.93,44987.13,Annual,2026-07-01,Active
2025-03-01,CUST-0166,Enterprise,161,2499.0,0.13,3895.69,46748.23,Annual,2026-07-01,Active
2025-04-01,CUST-0166,Enterprise,160,2499.0,0.13,3877.66,46531.89,Annual,2026-07-01,Active
2025-05-01,CUST-0166,Enterprise,161,2499.0,0.13,3914.78,46977.39,Annual,2026-07-01,Active
2025-06-01,CUST-0166,Enterprise,167,2499.0,0.13,4090.6,49087.21,Annual,2026-07-01,Active
2025-07-01,CUST-0166,Enterprise,161,2499.0,0.13,3933.88,47206.55,Annual,2026-07-01,Active
2025-08-01,CUST-0166,Enterprise,173,2499.0,0.13,4277.59,51331.03,Annual,2026-07-01,Active
2025-09-01,CUST-0166,Enterprise,182,2499.0,0.13,4539.17,54470.02,Annual,2026-07-01,Active
2025-10-01,CUST-0166,Enterprise,175,2499.0,0.13,4354.26,52251.16,Annual,2026-07-01,Active
2025-11-01,CUST-0166,Enterprise,172,2499.0,0.13,4280.61,51367.31,Annual,2026-07-01,Active
2025-12-01,CUST-0166,Enterprise,175,2499.0,0.13,4375.25,52502.97,Annual,2026-07-01,Active
2026-01-01,CUST-0166,Enterprise,177,2499.0,0.13,4442.11,53305.28,Annual,2027-07-01,Active
2026-02-01,CUST-0166,Enterprise,198,2499.0,0.13,5046.01,60552.08,Annual,2027-07-01,Active
2026-03-01,CUST-0166,Enterprise,196,2499.0,0.13,5001.41,60016.95,Annual,2027-07-01,Active
2026-04-01,CUST-0166,Enterprise,188,2499.0,0.13,4786.23,57434.8,Annual,2027-07-01,Active
2026-05-01,CUST-0166,Enterprise,194,2499.0,0.13,4968.32,59619.86,Annual,2027-07-01,Active
2026-06-01,CUST-0166,Enterprise,185,2499.0,0.13,4723.41,56680.9,Annual,2027-07-01,Active
2025-01-01,CUST-0167,Starter,16,149.0,0.1,277.47,3329.67,Annual,2026-06-01,Active
2025-02-01,CUST-0167,Starter,18,149.0,0.1,303.86,3646.3,Annual,2026-06-01,Active
2025-03-01,CUST-0167,Starter,19,149.0,0.1,317.49,3809.84,Annual,2026-06-01,Active
2025-04-01,CUST-0167,Starter,17,149.0,0.1,292.43,3509.19,Annual,2026-06-01,Active
2025-05-01,CUST-0167,Starter,18,149.0,0.1,306.09,3673.11,Annual,2026-06-01,Active
2025-06-01,CUST-0167,Starter,18,149.0,0.1,306.84,3682.04,Annual,2026-06-01,Active
2025-07-01,CUST-0167,Starter,19,149.0,0.1,320.59,3847.1,Annual,2026-06-01,Active
2025-08-01,CUST-0167,Starter,16,149.0,0.1,282.24,3386.93,Annual,2026-06-01,Active
2025-09-01,CUST-0167,Starter,18,149.0,0.1,309.07,3708.86,Annual,2026-06-01,Active
2025-10-01,CUST-0167,Starter,17,149.0,0.1,296.71,3560.54,Annual,2026-06-01,Active
2025-11-01,CUST-0167,Starter,17,149.0,0.1,297.43,3569.1,Annual,2026-06-01,Active
2025-12-01,CUST-0167,Starter,18,149.0,0.1,311.31,3735.67,Annual,2026-06-01,Active
2026-01-01,CUST-0167,Starter,18,149.0,0.1,312.05,3744.6,Annual,2027-06-01,Active
2026-02-01,CUST-0167,Starter,18,149.0,0.1,312.8,3753.54,Annual,2027-06-01,Active
2026-03-01,CUST-0167,Starter,19,149.0,0.1,326.8,3921.61,Annual,2027-06-01,Active
2026-04-01,CUST-0167,Starter,20,149.0,0.1,340.87,4090.45,Annual,2027-06-01,Active
2026-05-01,CUST-0167,Starter,19,149.0,0.1,328.35,3940.25,Annual,2027-06-01,Active
2026-06-01,CUST-0167,Starter,21,149.0,0.1,355.84,4270.1,Annual,2027-06-01,Active
2025-01-01,CUST-0168,Professional,38,599.0,0.0,896.06,10752.75,Monthly,2026-08-01,Active
2025-02-01,CUST-0168,Professional,38,599.0,0.0,898.27,10779.3,Monthly,2026-08-01,Active
2025-03-01,CUST-0168,Professional,42,599.0,0.0,990.03,11880.33,Monthly,2026-08-01,Active
2025-04-01,CUST-0168,Professional,42,599.0,0.0,992.46,11909.52,Monthly,2026-08-01,Active
2025-05-01,CUST-0168,Professional,45,599.0,0.0,1062.38,12748.53,Monthly,2026-08-01,Active
2025-06-01,CUST-0168,Professional,41,599.0,0.0,974.77,11697.3,Monthly,2026-08-01,Active
2025-07-01,CUST-0168,Professional,44,599.0,0.0,1044.97,12539.61,Monthly,2026-08-01,Active
2025-08-01,CUST-0168,Professional,42,599.0,0.0,1002.19,12026.28,Monthly,2026-08-01,Active
2025-09-01,CUST-0168,Professional,38,599.0,0.0,913.76,10965.15,Monthly,2026-08-01,Active
2025-10-01,CUST-0168,Professional,40,599.0,0.0,961.51,11538.18,Monthly,2026-08-01,Active
2025-11-01,CUST-0168,Professional,40,599.0,0.0,963.84,11566.05,Monthly,2026-08-01,Active
2025-12-01,CUST-0168,Professional,39,599.0,0.0,943.28,11319.36,Monthly,2026-08-01,Active
2026-01-01,CUST-0168,Professional,43,599.0,0.0,1037.29,12447.45,Monthly,2027-08-01,Active
2026-02-01,CUST-0168,Professional,47,599.0,0.0,1131.73,13580.82,Monthly,2027-08-01,Active
2026-03-01,CUST-0168,Professional,48,599.0,0.0,1157.49,13889.85,Monthly,2027-08-01,Active
2026-04-01,CUST-0168,Professional,48,599.0,0.0,1160.25,13923.0,Monthly,2027-08-01,Active
2026-05-01,CUST-0168,Professional,49,599.0,0.0,1186.17,14234.01,Monthly,2027-08-01,Active
2026-06-01,CUST-0168,Professional,47,599.0,0.0,1142.56,13710.78,Monthly,2027-08-01,Active
2025-01-01,CUST-0169,Starter,64,149.0,0.1,888.47,10661.62,Annual,2026-08-01,Active
2025-02-01,CUST-0169,Starter,63,149.0,0.1,877.87,10534.48,Annual,2026-08-01,Active
2025-03-01,CUST-0169,Starter,63,149.0,0.1,880.04,10560.43,Annual,2026-08-01,Active
2025-04-01,CUST-0169,Starter,69,149.0,0.1,959.31,11511.72,Annual,2026-08-01,Active
2025-05-01,CUST-0169,Starter,67,149.0,0.1,935.89,11230.73,Annual,2026-08-01,Active
2025-06-01,CUST-0169,Starter,72,149.0,0.1,1002.76,12033.09,Annual,2026-08-01,Active
2025-07-01,CUST-0169,Starter,70,149.0,0.1,979.31,11751.72,Annual,2026-08-01,Active
2025-08-01,CUST-0169,Starter,73,149.0,0.1,1020.63,12247.52,Annual,2026-08-01,Active
2025-09-01,CUST-0169,Starter,69,149.0,0.1,971.07,11652.8,Annual,2026-08-01,Active
2025-10-01,CUST-0169,Starter,69,149.0,0.1,973.42,11681.01,Annual,2026-08-01,Active
2025-11-01,CUST-0169,Starter,72,149.0,0.1,1014.99,12179.84,Annual,2026-08-01,Active
2025-12-01,CUST-0169,Starter,71,149.0,0.1,1004.33,12051.94,Annual,2026-08-01,Active
2026-01-01,CUST-0169,Starter,74,149.0,0.1,1046.15,12553.78,Annual,2027-08-01,Active
2026-02-01,CUST-0169,Starter,71,149.0,0.1,1009.16,12109.88,Annual,2027-08-01,Active
2026-03-01,CUST-0169,Starter,77,149.0,0.1,1090.76,13089.14,Annual,2027-08-01,Active
2026-04-01,CUST-0169,Starter,78,149.0,0.1,1106.6,13279.14,Annual,2027-08-01,Active
2026-05-01,CUST-0169,Starter,75,149.0,0.1,1069.45,12833.34,Annual,2027-08-01,Active
2026-06-01,CUST-0169,Starter,82,149.0,0.1,1165.04,13980.44,Annual,2027-08-01,Active
2025-12-01,CUST-0170,Starter,12,149.0,0.0,247.0,2964.0,Monthly,2026-12-01,Active
2026-01-01,CUST-0170,Starter,13,149.0,0.0,261.65,3139.83,Monthly,2027-12-01,Active
2026-02-01,CUST-0170,Starter,13,149.0,0.0,262.3,3147.66,Monthly,2027-12-01,Active
2026-03-01,CUST-0170,Starter,13,149.0,0.0,262.96,3155.49,Monthly,2027-12-01,Active
2026-04-01,CUST-0170,Starter,13,149.0,0.0,263.61,3163.32,Monthly,2027-12-01,Active
2026-05-01,CUST-0170,Starter,14,149.0,0.0,278.44,3341.25,Monthly,2027-12-01,Active
2026-06-01,CUST-0170,Starter,13,149.0,0.0,264.91,3178.98,Monthly,2027-12-01,Active
2025-01-01,CUST-0171,Professional,25,599.0,0.1,541.8,6501.55,Annual,2026-11-01,Active
2025-02-01,CUST-0171,Professional,25,599.0,0.1,543.14,6517.72,Annual,2026-11-01,Active
2025-03-01,CUST-0171,Professional,25,599.0,0.1,544.49,6533.89,Annual,2026-11-01,Active
2025-04-01,CUST-0171,Professional,25,599.0,0.1,545.84,6550.07,Annual,2026-11-01,Active
2025-05-01,CUST-0171,Professional,25,599.0,0.1,547.19,6566.24,Annual,2026-11-01,Active
2025-06-01,CUST-0171,Professional,25,599.0,0.1,548.53,6582.41,Annual,2026-11-01,Active
2025-07-01,CUST-0171,Professional,25,599.0,0.1,549.88,6598.58,Annual,2026-11-01,Active
2025-08-01,CUST-0171,Professional,25,599.0,0.1,551.23,6614.76,Annual,2026-11-01,Active
2025-09-01,CUST-0171,Professional,25,599.0,0.1,552.58,6630.93,Annual,2026-11-01,Active
2025-10-01,CUST-0171,Professional,25,599.0,0.1,553.93,6647.1,Annual,2026-11-01,Active
2025-11-01,CUST-0171,Professional,25,599.0,0.1,555.27,6663.28,Annual,2026-11-01,Active
2025-12-01,CUST-0171,Professional,25,599.0,0.1,556.62,6679.45,Annual,2026-11-01,Active
2026-01-01,CUST-0171,Professional,25,599.0,0.1,557.97,6695.62,Annual,2027-11-01,Active
2026-02-01,CUST-0171,Professional,25,599.0,0.1,559.32,6711.8,Annual,2027-11-01,Active
2026-03-01,CUST-0171,Professional,26,599.0,0.1,581.26,6975.07,Annual,2027-11-01,Active
2026-04-01,CUST-0171,Professional,25,599.0,0.1,562.01,6744.14,Annual,2027-11-01,Active
2026-05-01,CUST-0171,Professional,27,599.0,0.1,604.74,7256.9,Annual,2027-11-01,Active
2026-06-01,CUST-0171,Professional,26,599.0,0.1,585.45,7025.37,Annual,2027-11-01,Active
2025-01-01,CUST-0172,Starter,5,149.0,0.1,134.77,1617.25,Annual,2026-11-01,Active
2025-02-01,CUST-0172,Starter,5,149.0,0.1,135.11,1621.27,Annual,2026-11-01,Active
2025-03-01,CUST-0172,Starter,5,149.0,0.1,135.44,1625.29,Annual,2026-11-01,Active
2025-04-01,CUST-0172,Starter,5,149.0,0.1,135.78,1629.31,Annual,2026-11-01,Active
2025-05-01,CUST-0172,Starter,5,149.0,0.1,136.11,1633.34,Annual,2026-11-01,Active
2025-06-01,CUST-0172,Starter,5,149.0,0.1,136.45,1637.36,Annual,2026-11-01,Active
2025-07-01,CUST-0172,Starter,5,149.0,0.1,136.78,1641.38,Annual,2026-11-01,Active
2025-08-01,CUST-0172,Starter,5,149.0,0.1,137.12,1645.41,Annual,2026-11-01,Active
2025-09-01,CUST-0172,Starter,5,149.0,0.1,137.45,1649.43,Annual,2026-11-01,Active
2025-10-01,CUST-0172,Starter,5,149.0,0.1,137.79,1653.45,Annual,2026-11-01,Active
2025-11-01,CUST-0172,Starter,5,149.0,0.1,138.12,1657.48,Annual,2026-11-01,Active
2025-12-01,CUST-0172,Starter,5,149.0,0.1,138.46,1661.5,Annual,2026-11-01,Active
2026-01-01,CUST-0172,Starter,5,149.0,0.1,138.79,1665.52,Annual,2027-11-01,Active
2026-02-01,CUST-0172,Starter,5,149.0,0.1,139.13,1669.55,Annual,2027-11-01,Active
2026-03-01,CUST-0172,Starter,5,149.0,0.1,139.46,1673.57,Annual,2027-11-01,Active
2026-04-01,CUST-0172,Starter,5,149.0,0.1,139.8,1677.59,Annual,2027-11-01,Active
2026-05-01,CUST-0172,Starter,5,149.0,0.1,140.13,1681.61,Annual,2027-11-01,Active
2026-06-01,CUST-0172,Starter,5,149.0,0.1,140.47,1685.64,Annual,2027-11-01,Active
2025-02-01,CUST-0173,Professional,25,599.0,0.1,539.1,6469.2,Annual,2026-02-01,Active
2025-03-01,CUST-0173,Professional,25,599.0,0.1,540.45,6485.37,Annual,2026-02-01,Active
2025-04-01,CUST-0173,Professional,25,599.0,0.1,541.8,6501.55,Annual,2026-02-01,Active
2025-05-01,CUST-0173,Professional,25,599.0,0.1,543.14,6517.72,Annual,2026-02-01,Active
2025-06-01,CUST-0173,Professional,25,599.0,0.1,544.49,6533.89,Annual,2026-02-01,Active
2025-07-01,CUST-0173,Professional,25,599.0,0.1,545.84,6550.07,Annual,2026-02-01,Active
2025-08-01,CUST-0173,Professional,25,599.0,0.1,547.19,6566.24,Annual,2026-02-01,Active
2025-09-01,CUST-0174,Starter,5,149.0,0.0,149.0,1788.0,Monthly,2026-09-01,Active
2025-10-01,CUST-0174,Starter,5,149.0,0.0,149.37,1792.47,Monthly,2026-09-01,Active
2025-11-01,CUST-0174,Starter,6,149.0,0.0,163.81,1965.78,Monthly,2026-09-01,Active
2025-12-01,CUST-0174,Starter,6,149.0,0.0,164.22,1970.67,Monthly,2026-09-01,Active
2026-01-01,CUST-0174,Starter,5,149.0,0.0,150.49,1805.88,Monthly,2027-09-01,Active
2026-02-01,CUST-0174,Starter,6,149.0,0.0,165.04,1980.45,Monthly,2027-09-01,Active
2026-03-01,CUST-0174,Professional,25,599.0,0.0,607.98,7295.82,Monthly,2027-09-01,Active
2026-04-01,CUST-0174,Professional,25,599.0,0.0,609.48,7313.79,Monthly,2027-09-01,Active
2026-05-01,CUST-0174,Professional,25,599.0,0.0,610.98,7331.76,Monthly,2027-09-01,Active
2026-06-01,CUST-0174,Professional,25,599.0,0.0,612.48,7349.73,Monthly,2027-09-01,Active
2025-11-01,CUST-0175,Professional,37,599.0,0.0,863.0,10356.0,Monthly,2026-11-01,Active
2025-12-01,CUST-0175,Professional,35,599.0,0.0,821.05,9852.57,Monthly,2026-11-01,Active
2026-01-01,CUST-0175,Professional,39,599.0,0.0,911.53,10938.42,Monthly,2027-11-01,Active
2026-02-01,CUST-0175,Professional,41,599.0,0.0,958.13,11497.59,Monthly,2027-11-01,Active
2026-03-01,CUST-0175,Professional,40,599.0,0.0,938.29,11259.48,Monthly,2027-11-01,Active
2026-04-01,CUST-0175,Professional,41,599.0,0.0,962.89,11554.65,Monthly,2027-11-01,Active
2026-05-01,CUST-0175,Professional,41,599.0,0.0,965.26,11583.18,Monthly,2027-11-01,Active
2026-06-01,CUST-0175,Professional,43,599.0,0.0,1012.41,12148.95,Monthly,2027-11-01,Active
2026-04-01,CUST-0176,Enterprise,159,2499.0,0.13,3765.36,45184.32,Annual,2027-04-01,Active
2026-05-01,CUST-0176,Enterprise,153,2499.0,0.13,3612.55,43350.59,Annual,2027-04-01,Active
2026-06-01,CUST-0176,Enterprise,153,2499.0,0.13,3621.56,43458.69,Annual,2027-04-01,Active
2025-11-01,CUST-0177,Starter,15,149.0,0.1,260.1,3121.2,Annual,2026-11-01,Active
2025-12-01,CUST-0177,Starter,15,149.0,0.1,260.75,3129.0,Annual,2026-11-01,Active
2026-01-01,CUST-0177,Starter,17,149.0,0.1,286.73,3440.72,Annual,2027-11-01,Active
2026-02-01,CUST-0177,Starter,17,149.0,0.1,287.44,3449.28,Annual,2027-11-01,Active
2026-03-01,CUST-0177,Starter,16,149.0,0.1,275.43,3305.12,Annual,2027-11-01,Active
2026-04-01,CUST-0177,Starter,16,149.0,0.1,276.11,3313.3,Annual,2027-11-01,Active
2026-05-01,CUST-0177,Starter,18,149.0,0.1,302.37,3628.42,Annual,2027-11-01,Active
2026-06-01,CUST-0177,Starter,17,149.0,0.1,290.29,3483.51,Annual,2027-11-01,Active
2025-10-01,CUST-0178,Starter,15,149.0,0.1,260.1,3121.2,Annual,2026-10-01,Active
2025-11-01,CUST-0178,Starter,15,149.0,0.1,260.75,3129.0,Annual,2026-10-01,Active
2025-12-01,CUST-0178,Starter,17,149.0,0.1,286.73,3440.72,Annual,2026-10-01,Active
2026-01-01,CUST-0178,Starter,16,149.0,0.1,274.75,3296.94,Annual,2027-10-01,Active
2026-02-01,CUST-0178,Starter,16,149.0,0.1,275.43,3305.12,Annual,2027-10-01,Active
2026-03-01,CUST-0178,Starter,17,149.0,0.1,288.87,3466.39,Annual,2027-10-01,Active
2026-04-01,CUST-0178,Starter,17,149.0,0.1,289.58,3474.95,Annual,2027-10-01,Active
2026-05-01,CUST-0178,Starter,18,149.0,0.1,303.11,3637.36,Annual,2027-10-01,Active
2026-06-01,CUST-0178,Starter,17,149.0,0.1,291.01,3492.07,Annual,2027-10-01,Active
2025-04-01,CUST-0179,Enterprise,239,2499.0,0.13,5922.96,71075.52,Annual,2026-04-01,Active
2025-05-01,CUST-0179,Enterprise,238,2499.0,0.13,5910.73,70928.76,Annual,2026-04-01,Active
2025-06-01,CUST-0179,Enterprise,241,2499.0,0.13,6006.78,72081.41,Annual,2026-04-01,Active
2025-07-01,CUST-0179,Enterprise,236,2499.0,0.13,5885.87,70630.38,Annual,2026-04-01,Active
2025-08-01,CUST-0179,Enterprise,225,2499.0,0.13,5600.83,67210.01,Annual,2026-04-01,Active
2025-09-01,CUST-0179,Enterprise,240,2499.0,0.13,6024.3,72291.65,Annual,2026-04-01,Active
2025-10-01,CUST-0179,Enterprise,229,2499.0,0.13,5738.06,68856.71,Annual,2026-04-01,Active
2025-11-01,CUST-0179,Enterprise,253,2499.0,0.13,6410.8,76929.59,Annual,2026-04-01,Active
2025-12-01,CUST-0179,Enterprise,264,2499.0,0.13,6729.15,80749.85,Annual,2026-04-01,Active
2026-01-01,CUST-0179,Enterprise,258,2499.0,0.13,6580.19,78962.24,Annual,2027-04-01,Active
2026-02-01,CUST-0179,Enterprise,283,2499.0,0.13,7287.38,87448.57,Annual,2027-04-01,Active
2026-03-01,CUST-0179,Enterprise,284,2499.0,0.13,7332.87,87994.4,Annual,2027-04-01,Active
2026-04-01,CUST-0179,Enterprise,270,2499.0,0.13,6961.8,83541.61,Annual,2027-04-01,Active
2026-05-01,CUST-0179,Enterprise,288,2499.0,0.13,7479.94,89759.23,Annual,2027-04-01,Active
2026-06-01,CUST-0179,Enterprise,281,2499.0,0.13,7302.65,87631.79,Annual,2027-04-01,Active
2025-01-01,CUST-0180,Enterprise,132,2499.0,0.13,3075.13,36901.62,Annual,2026-08-01,Active
2025-02-01,CUST-0180,Enterprise,127,2499.0,0.13,2945.85,35350.26,Annual,2026-08-01,Active
2025-03-01,CUST-0180,Enterprise,128,2499.0,0.13,2980.55,35766.63,Annual,2026-08-01,Active
2025-04-01,CUST-0180,Enterprise,134,2499.0,0.13,3152.93,37835.19,Annual,2026-08-01,Active
2025-05-01,CUST-0180,Enterprise,148,2499.0,0.13,3546.74,42560.83,Annual,2026-08-01,Active
2025-06-01,CUST-0180,Enterprise,149,2499.0,0.13,3583.05,42996.62,Annual,2026-08-01,Active
2025-07-01,CUST-0180,Enterprise,139,2499.0,0.13,3314.67,39776.09,Annual,2026-08-01,Active
2025-08-01,CUST-0180,Enterprise,144,2499.0,0.13,3461.63,41539.61,Annual,2026-08-01,Active
2025-09-01,CUST-0180,Enterprise,146,2499.0,0.13,3525.73,42308.75,Annual,2026-08-01,Active
2025-10-01,CUST-0180,Enterprise,145,2499.0,0.13,3506.35,42076.23,Annual,2026-08-01,Active
2025-11-01,CUST-0180,Enterprise,143,2499.0,0.13,3458.86,41506.31,Annual,2026-08-01,Active
2025-12-01,CUST-0180,Enterprise,150,2499.0,0.13,3663.54,43962.42,Annual,2026-08-01,Active
2026-01-01,CUST-0180,Enterprise,149,2499.0,0.13,3644.23,43730.71,Annual,2027-08-01,Active
2026-02-01,CUST-0180,Enterprise,156,2499.0,0.13,3850.25,46203.0,Annual,2027-08-01,Active
2026-03-01,CUST-0180,Enterprise,164,2499.0,0.13,4085.47,49025.64,Annual,2027-08-01,Active
2026-04-01,CUST-0180,Enterprise,168,2499.0,0.13,4208.49,50501.93,Annual,2027-08-01,Active
2026-05-01,CUST-0180,Enterprise,173,2499.0,0.13,4360.44,52325.33,Annual,2027-08-01,Active
2026-06-01,CUST-0180,Enterprise,175,2499.0,0.13,4427.71,53132.5,Annual,2027-08-01,Active
2025-04-01,CUST-0181,Professional,75,599.0,0.0,1699.0,20388.0,Monthly,2026-04-01,Active
2025-05-01,CUST-0181,Professional,73,599.0,0.0,1659.14,19909.65,Monthly,2026-04-01,Active
2025-06-01,CUST-0181,Professional,74,599.0,0.0,1685.38,20224.62,Monthly,2026-04-01,Active
2025-07-01,CUST-0181,Professional,72,599.0,0.0,1645.25,19742.97,Monthly,2026-04-01,Active
2025-08-01,CUST-0181,Professional,69,599.0,0.0,1582.67,18992.04,Monthly,2026-04-01,Active
2025-09-01,CUST-0181,Professional,76,599.0,0.0,1742.51,20910.15,Monthly,2026-04-01,Active
2025-10-01,CUST-0181,Professional,73,599.0,0.0,1679.82,20157.9,Monthly,2026-04-01,Active
2025-11-01,CUST-0181,Professional,77,599.0,0.0,1773.5,21282.03,Monthly,2026-04-01,Active
2025-12-01,CUST-0181,Professional,73,599.0,0.0,1688.1,20257.2,Monthly,2026-04-01,Active
2026-01-01,CUST-0181,Professional,77,599.0,0.0,1782.22,21386.61,Monthly,2027-04-01,Active
2026-02-01,CUST-0181,Professional,80,599.0,0.0,1854.22,22250.7,Monthly,2027-04-01,Active
2026-03-01,CUST-0181,Professional,80,599.0,0.0,1858.75,22304.97,Monthly,2027-04-01,Active
2026-04-01,CUST-0181,Professional,79,599.0,0.0,1840.61,22087.32,Monthly,2027-04-01,Active
2026-05-01,CUST-0181,Professional,87,599.0,0.0,2026.8,24321.57,Monthly,2027-04-01,Active
2025-01-01,CUST-0182,Starter,5,149.0,0.1,135.78,1629.31,Annual,2026-08-01,Active
2025-02-01,CUST-0182,Starter,5,149.0,0.1,136.11,1633.34,Annual,2026-08-01,Active
2025-03-01,CUST-0182,Starter,5,149.0,0.1,136.45,1637.36,Annual,2026-08-01,Active
2025-04-01,CUST-0182,Starter,5,149.0,0.1,136.78,1641.38,Annual,2026-08-01,Active
2025-05-01,CUST-0182,Starter,5,149.0,0.1,137.12,1645.41,Annual,2026-08-01,Active
2025-06-01,CUST-0182,Starter,5,149.0,0.1,137.45,1649.43,Annual,2026-08-01,Active
2025-07-01,CUST-0182,Starter,5,149.0,0.1,137.79,1653.45,Annual,2026-08-01,Active
2025-08-01,CUST-0182,Starter,5,149.0,0.1,138.12,1657.48,Annual,2026-08-01,Active
2025-09-01,CUST-0182,Starter,5,149.0,0.1,138.46,1661.5,Annual,2026-08-01,Active
2025-10-01,CUST-0182,Starter,5,149.0,0.1,138.79,1665.52,Annual,2026-08-01,Active
2025-11-01,CUST-0182,Professional,25,599.0,0.1,559.32,6711.8,Annual,2026-08-01,Active
2025-12-01,CUST-0182,Professional,25,599.0,0.1,560.66,6727.97,Annual,2026-08-01,Active
2026-01-01,CUST-0182,Professional,25,599.0,0.1,562.01,6744.14,Annual,2027-08-01,Active
2026-02-01,CUST-0182,Professional,25,599.0,0.1,563.36,6760.31,Annual,2027-08-01,Active
2026-03-01,CUST-0182,Professional,25,599.0,0.1,564.71,6776.49,Annual,2027-08-01,Active
2026-04-01,CUST-0182,Professional,25,599.0,0.1,566.06,6792.66,Annual,2027-08-01,Active
2026-05-01,CUST-0182,Professional,25,599.0,0.1,567.4,6808.83,Annual,2027-08-01,Active
2026-06-01,CUST-0182,Professional,25,599.0,0.1,568.75,6825.01,Annual,2027-08-01,Active
2025-11-01,CUST-0183,Starter,5,149.0,0.0,149.0,1788.0,Monthly,2026-11-01,Active
2025-12-01,CUST-0183,Starter,5,149.0,0.0,149.37,1792.47,Monthly,2026-11-01,Active
2026-01-01,CUST-0183,Starter,5,149.0,0.0,149.74,1796.94,Monthly,2027-11-01,Active
2026-02-01,CUST-0183,Starter,6,149.0,0.0,164.22,1970.67,Monthly,2027-11-01,Active
2026-03-01,CUST-0183,Starter,6,149.0,0.0,164.63,1975.56,Monthly,2027-11-01,Active
2026-04-01,CUST-0183,Starter,6,149.0,0.0,165.04,1980.45,Monthly,2027-11-01,Active
2026-05-01,CUST-0183,Starter,6,149.0,0.0,165.44,1985.34,Monthly,2027-11-01,Active
2026-06-01,CUST-0183,Starter,6,149.0,0.0,165.85,1990.23,Monthly,2027-11-01,Active
2025-01-01,CUST-0184,Professional,25,599.0,0.0,600.5,7205.97,Monthly,2026-12-01,Active
2025-02-01,CUST-0184,Professional,25,599.0,0.0,601.99,7223.94,Monthly,2026-12-01,Active
2025-03-01,CUST-0184,Professional,25,599.0,0.0,603.49,7241.91,Monthly,2026-12-01,Active
2025-04-01,CUST-0184,Professional,25,599.0,0.0,604.99,7259.88,Monthly,2026-12-01,Active
2025-05-01,CUST-0184,Professional,25,599.0,0.0,606.49,7277.85,Monthly,2026-12-01,Active
2025-06-01,CUST-0184,Professional,25,599.0,0.0,607.98,7295.82,Monthly,2026-12-01,Active
2025-07-01,CUST-0184,Professional,25,599.0,0.0,609.48,7313.79,Monthly,2026-12-01,Active
2025-08-01,CUST-0184,Professional,25,599.0,0.0,610.98,7331.76,Monthly,2026-12-01,Active
2025-09-01,CUST-0184,Professional,25,599.0,0.0,612.48,7349.73,Monthly,2026-12-01,Active
2025-10-01,CUST-0184,Professional,25,599.0,0.0,613.97,7367.7,Monthly,2026-12-01,Active
2025-11-01,CUST-0184,Professional,25,599.0,0.0,615.47,7385.67,Monthly,2026-12-01,Active
2025-12-01,CUST-0184,Professional,25,599.0,0.0,616.97,7403.64,Monthly,2026-12-01,Active
2026-01-01,CUST-0184,Professional,25,599.0,0.0,618.47,7421.61,Monthly,2027-12-01,Active
2026-02-01,CUST-0184,Professional,25,599.0,0.0,619.96,7439.58,Monthly,2027-12-01,Active
2026-03-01,CUST-0184,Professional,25,599.0,0.0,621.46,7457.55,Monthly,2027-12-01,Active
2026-04-01,CUST-0184,Professional,25,599.0,0.0,622.96,7475.52,Monthly,2027-12-01,Active
2026-05-01,CUST-0184,Professional,25,599.0,0.0,624.46,7493.49,Monthly,2027-12-01,Active
2026-06-01,CUST-0184,Professional,25,599.0,0.0,625.95,7511.46,Monthly,2027-12-01,Active
2025-01-01,CUST-0185,Professional,66,599.0,0.0,1538.52,18462.3,Monthly,2026-03-01,Active
2025-02-01,CUST-0185,Professional,67,599.0,0.0,1564.88,18778.59,Monthly,2026-03-01,Active
2025-03-01,CUST-0185,Professional,70,599.0,0.0,1636.67,19640.04,Monthly,2026-03-01,Active
2025-04-01,CUST-0185,Professional,70,599.0,0.0,1640.64,19687.71,Monthly,2026-03-01,Active
2025-05-01,CUST-0185,Professional,70,599.0,0.0,1644.61,19735.38,Monthly,2026-03-01,Active
2025-06-01,CUST-0185,Professional,74,599.0,0.0,1739.89,20878.65,Monthly,2026-03-01,Active
2025-07-01,CUST-0185,Professional,70,599.0,0.0,1652.56,19830.72,Monthly,2026-03-01,Active
2025-08-01,CUST-0185,Professional,68,599.0,0.0,1610.66,19327.95,Monthly,2026-03-01,Active
2025-09-01,CUST-0185,Professional,68,599.0,0.0,1614.52,19374.3,Monthly,2026-03-01,Active
2025-10-01,CUST-0185,Professional,68,599.0,0.0,1618.39,19420.65,Monthly,2026-03-01,Active
2025-11-01,CUST-0185,Professional,70,599.0,0.0,1668.45,20021.4,Monthly,2026-03-01,Active
2025-12-01,CUST-0185,Professional,74,599.0,0.0,1765.04,21180.51,Monthly,2026-03-01,Active
2026-01-01,CUST-0185,Professional,79,599.0,0.0,1885.28,22623.42,Monthly,2027-03-01,Active
2026-02-01,CUST-0185,Professional,76,599.0,0.0,1819.96,21839.49,Monthly,2027-03-01,Active
2026-03-01,CUST-0185,Professional,77,599.0,0.0,1847.58,22170.96,Monthly,2027-03-01,Active
2026-04-01,CUST-0185,Professional,77,599.0,0.0,1851.94,22223.25,Monthly,2027-03-01,Active
2026-05-01,CUST-0185,Professional,79,599.0,0.0,1903.15,22837.86,Monthly,2027-03-01,Active
2026-06-01,CUST-0185,Professional,79,599.0,0.0,1907.62,22891.47,Monthly,2027-03-01,Active
2025-03-01,CUST-0186,Professional,25,599.0,0.1,539.1,6469.2,Annual,2026-03-01,Active
2025-04-01,CUST-0186,Professional,25,599.0,0.1,540.45,6485.37,Annual,2026-03-01,Active
2025-05-01,CUST-0186,Professional,25,599.0,0.1,541.8,6501.55,Annual,2026-03-01,Active
2025-06-01,CUST-0186,Professional,25,599.0,0.1,543.14,6517.72,Annual,2026-03-01,Active
2025-07-01,CUST-0186,Professional,25,599.0,0.1,544.49,6533.89,Annual,2026-03-01,Active
2025-08-01,CUST-0186,Professional,25,599.0,0.1,545.84,6550.07,Annual,2026-03-01,Active
2025-09-01,CUST-0186,Professional,25,599.0,0.1,547.19,6566.24,Annual,2026-03-01,Active
2025-10-01,CUST-0186,Professional,25,599.0,0.1,548.53,6582.41,Annual,2026-03-01,Active
2025-11-01,CUST-0186,Professional,25,599.0,0.1,549.88,6598.58,Annual,2026-03-01,Active
2025-12-01,CUST-0186,Professional,25,599.0,0.1,551.23,6614.76,Annual,2026-03-01,Active
2026-01-01,CUST-0186,Professional,25,599.0,0.1,552.58,6630.93,Annual,2027-03-01,Active
2026-02-01,CUST-0186,Professional,25,599.0,0.1,553.93,6647.1,Annual,2027-03-01,Active
2026-03-01,CUST-0186,Professional,25,599.0,0.1,555.27,6663.28,Annual,2027-03-01,Active
2026-04-01,CUST-0186,Professional,25,599.0,0.1,556.62,6679.45,Annual,2027-03-01,Active
2026-05-01,CUST-0186,Professional,25,599.0,0.1,557.97,6695.62,Annual,2027-03-01,Active
2026-06-01,CUST-0186,Professional,25,599.0,0.1,559.32,6711.8,Annual,2027-03-01,Active
2025-01-01,CUST-0187,Starter,12,149.0,0.1,222.3,2667.6,Annual,2026-01-01,Active
2025-02-01,CUST-0187,Starter,12,149.0,0.1,222.86,2674.27,Annual,2026-01-01,Active
2025-03-01,CUST-0187,Starter,11,149.0,0.1,210.75,2528.98,Annual,2026-01-01,Active
2025-04-01,CUST-0187,Starter,12,149.0,0.1,223.97,2687.61,Annual,2026-01-01,Active
2025-05-01,CUST-0187,Starter,12,149.0,0.1,224.52,2694.28,Annual,2026-01-01,Active
2025-06-01,CUST-0187,Starter,12,149.0,0.1,225.08,2700.95,Annual,2026-01-01,Active
2025-07-01,CUST-0187,Starter,12,149.0,0.1,225.63,2707.61,Annual,2026-01-01,Active
2025-08-01,CUST-0187,Starter,11,149.0,0.1,213.37,2560.44,Annual,2026-01-01,Active
2025-09-01,CUST-0187,Starter,12,149.0,0.1,226.75,2720.95,Annual,2026-01-01,Active
2025-10-01,CUST-0187,Starter,11,149.0,0.1,214.42,2573.02,Annual,2026-01-01,Active
2025-11-01,CUST-0187,Starter,12,149.0,0.1,227.86,2734.29,Annual,2026-01-01,Active
2025-12-01,CUST-0187,Starter,12,149.0,0.1,228.41,2740.96,Annual,2026-01-01,Active
2026-01-01,CUST-0187,Starter,12,149.0,0.1,228.97,2747.63,Annual,2027-01-01,Active
2026-02-01,CUST-0187,Starter,13,149.0,0.1,242.53,2910.41,Annual,2027-01-01,Active
2026-03-01,CUST-0187,Starter,13,149.0,0.1,243.12,2917.46,Annual,2027-01-01,Active
2026-04-01,CUST-0187,Starter,13,149.0,0.1,243.71,2924.51,Annual,2027-01-01,Active
2026-05-01,CUST-0187,Starter,14,149.0,0.1,257.4,3088.8,Annual,2027-01-01,Active
2026-06-01,CUST-0187,Starter,14,149.0,0.1,258.02,3096.23,Annual,2027-01-01,Active
2025-05-01,CUST-0188,Starter,7,149.0,0.1,159.3,1911.6,Annual,2026-05-01,Active
2025-06-01,CUST-0188,Starter,6,149.0,0.1,147.07,1764.8,Annual,2026-05-01,Active
2025-07-01,CUST-0188,Starter,7,149.0,0.1,160.1,1921.16,Annual,2026-05-01,Active
2025-08-01,CUST-0188,Starter,6,149.0,0.1,147.8,1773.6,Annual,2026-05-01,Active
2025-09-01,CUST-0188,Starter,6,149.0,0.1,148.17,1778.0,Annual,2026-05-01,Active
2025-10-01,CUST-0188,Starter,6,149.0,0.1,148.53,1782.4,Annual,2026-05-01,Active
2025-11-01,CUST-0188,Professional,25,599.0,0.1,547.19,6566.24,Annual,2026-05-01,Active
2025-12-01,CUST-0188,Professional,25,599.0,0.1,548.53,6582.41,Annual,2026-05-01,Active
2026-01-01,CUST-0188,Professional,25,599.0,0.1,549.88,6598.58,Annual,2027-05-01,Active
2026-02-01,CUST-0188,Professional,25,599.0,0.1,551.23,6614.76,Annual,2027-05-01,Active
2026-03-01,CUST-0188,Professional,25,599.0,0.1,552.58,6630.93,Annual,2027-05-01,Active
2026-04-01,CUST-0188,Professional,25,599.0,0.1,553.93,6647.1,Annual,2027-05-01,Active
2026-05-01,CUST-0188,Professional,25,599.0,0.1,555.27,6663.28,Annual,2027-05-01,Active
2026-06-01,CUST-0188,Professional,25,599.0,0.1,556.62,6679.45,Annual,2027-05-01,Active
2026-04-01,CUST-0189,Starter,13,149.0,0.0,261.0,3132.0,Monthly,2027-04-01,Active
2026-05-01,CUST-0189,Starter,11,149.0,0.0,233.58,2802.99,Monthly,2027-04-01,Active
2026-06-01,CUST-0189,Starter,12,149.0,0.0,248.23,2978.82,Monthly,2027-04-01,Active
2026-02-01,CUST-0190,Starter,9,149.0,0.1,184.5,2214.0,Annual,2027-02-01,Active
2026-03-01,CUST-0190,Starter,9,149.0,0.1,184.96,2219.53,Annual,2027-02-01,Active
2026-04-01,CUST-0190,Starter,9,149.0,0.1,185.42,2225.07,Annual,2027-02-01,Active
2026-05-01,CUST-0190,Starter,8,149.0,0.1,173.19,2078.27,Annual,2027-02-01,Active
2026-06-01,CUST-0190,Starter,9,149.0,0.1,186.34,2236.14,Annual,2027-02-01,Active
2025-10-01,CUST-0191,Starter,11,149.0,0.0,233.0,2796.0,Monthly,2026-10-01,Active
2025-11-01,CUST-0191,Starter,12,149.0,0.0,247.62,2971.41,Monthly,2026-10-01,Active
2025-12-01,CUST-0191,Starter,12,149.0,0.0,248.23,2978.82,Monthly,2026-10-01,Active
2026-01-01,CUST-0191,Starter,12,149.0,0.0,248.85,2986.23,Monthly,2027-10-01,Active
2026-02-01,CUST-0191,Starter,12,149.0,0.0,249.47,2993.64,Monthly,2027-10-01,Active
2026-03-01,CUST-0191,Starter,12,149.0,0.0,250.09,3001.05,Monthly,2027-10-01,Active
2026-04-01,CUST-0191,Starter,12,149.0,0.0,250.7,3008.46,Monthly,2027-10-01,Active
2026-05-01,CUST-0191,Starter,11,149.0,0.0,237.08,2844.93,Monthly,2027-10-01,Active
2026-06-01,CUST-0191,Starter,11,149.0,0.0,237.66,2851.92,Monthly,2027-10-01,Active
2025-01-01,CUST-0192,Starter,6,149.0,0.1,149.63,1795.61,Annual,2026-05-01,Active
2025-02-01,CUST-0192,Starter,6,149.0,0.1,150.0,1800.01,Annual,2026-05-01,Active
2025-03-01,CUST-0192,Starter,6,149.0,0.1,150.37,1804.41,Annual,2026-05-01,Active
2025-04-01,CUST-0192,Starter,6,149.0,0.1,150.73,1808.81,Annual,2026-05-01,Active
2025-05-01,CUST-0192,Starter,6,149.0,0.1,151.1,1813.21,Annual,2026-05-01,Active
2025-06-01,CUST-0192,Starter,6,149.0,0.1,151.47,1817.61,Annual,2026-05-01,Active
2025-07-01,CUST-0192,Starter,6,149.0,0.1,151.83,1822.01,Annual,2026-05-01,Active
2025-08-01,CUST-0192,Starter,6,149.0,0.1,152.2,1826.42,Annual,2026-05-01,Active
2025-09-01,CUST-0192,Starter,5,149.0,0.1,139.46,1673.57,Annual,2026-05-01,Active
2025-10-01,CUST-0192,Starter,6,149.0,0.1,152.93,1835.22,Annual,2026-05-01,Active
2025-11-01,CUST-0192,Starter,6,149.0,0.1,153.3,1839.62,Annual,2026-05-01,Active
2025-12-01,CUST-0192,Professional,25,599.0,0.1,564.71,6776.49,Annual,2026-05-01,Active
2026-01-01,CUST-0192,Professional,25,599.0,0.1,566.06,6792.66,Annual,2027-05-01,Active
2026-02-01,CUST-0192,Professional,25,599.0,0.1,567.4,6808.83,Annual,2027-05-01,Active
2026-03-01,CUST-0192,Professional,25,599.0,0.1,568.75,6825.01,Annual,2027-05-01,Active
2026-04-01,CUST-0192,Professional,25,599.0,0.1,570.1,6841.18,Annual,2027-05-01,Active
2026-05-01,CUST-0192,Professional,25,599.0,0.1,571.45,6857.35,Annual,2027-05-01,Active
2026-06-01,CUST-0192,Professional,25,599.0,0.1,572.79,6873.53,Annual,2027-05-01,Active
2026-01-01,CUST-0193,Professional,81,599.0,0.1,1647.9,19774.8,Annual,2027-01-01,Active
2026-02-01,CUST-0193,Professional,76,599.0,0.1,1552.77,18633.27,Annual,2027-01-01,Active
2026-03-01,CUST-0193,Professional,80,599.0,0.1,1636.24,19634.89,Annual,2027-01-01,Active
2026-04-01,CUST-0193,Professional,82,599.0,0.1,1680.21,20162.49,Annual,2027-01-01,Active
2026-05-01,CUST-0193,Professional,77,599.0,0.1,1584.39,19012.64,Annual,2027-01-01,Active
2026-06-01,CUST-0193,Professional,90,599.0,0.1,1848.93,22187.11,Annual,2027-01-01,Active
2025-01-01,CUST-0194,Enterprise,330,2499.0,0.0,9701.22,116414.61,Monthly,2026-10-01,Active
2025-02-01,CUST-0194,Enterprise,317,2499.0,0.0,9318.26,111819.12,Monthly,2026-10-01,Active
2025-03-01,CUST-0194,Enterprise,369,2499.0,0.0,10973.48,131681.7,Monthly,2026-10-01,Active
2025-04-01,CUST-0194,Enterprise,351,2499.0,0.0,10434.2,125210.4,Monthly,2026-10-01,Active
2025-05-01,CUST-0194,Enterprise,365,2499.0,0.0,10901.5,130817.94,Monthly,2026-10-01,Active
2025-06-01,CUST-0194,Enterprise,374,2499.0,0.0,11212.86,134554.32,Monthly,2026-10-01,Active
2025-07-01,CUST-0194,Enterprise,374,2499.0,0.0,11240.34,134884.11,Monthly,2026-10-01,Active
2025-08-01,CUST-0194,Enterprise,349,2499.0,0.0,10473.45,125681.4,Monthly,2026-10-01,Active
2025-09-01,CUST-0194,Enterprise,351,2499.0,0.0,10562.7,126752.4,Monthly,2026-10-01,Active
2025-10-01,CUST-0194,Enterprise,363,2499.0,0.0,10971.56,131658.72,Monthly,2026-10-01,Active
2025-11-01,CUST-0194,Enterprise,357,2499.0,0.0,10806.15,129673.74,Monthly,2026-10-01,Active
2025-12-01,CUST-0194,Enterprise,375,2499.0,0.0,11409.84,136918.08,Monthly,2026-10-01,Active
2026-01-01,CUST-0194,Enterprise,406,2499.0,0.0,12434.44,149213.25,Monthly,2027-10-01,Active
2026-02-01,CUST-0194,Enterprise,419,2499.0,0.0,12883.52,154602.24,Monthly,2027-10-01,Active
2026-03-01,CUST-0194,Enterprise,443,2499.0,0.0,13690.11,164281.32,Monthly,2027-10-01,Active
2026-04-01,CUST-0194,Enterprise,423,2499.0,0.0,13075.04,156900.48,Monthly,2027-10-01,Active
2026-05-01,CUST-0194,Enterprise,423,2499.0,0.0,13106.32,157275.84,Monthly,2027-10-01,Active
2026-06-01,CUST-0194,Enterprise,433,2499.0,0.0,13463.1,161557.2,Monthly,2027-10-01,Active
2025-01-01,CUST-0195,Enterprise,156,2499.0,0.13,3767.35,45208.2,Annual,2026-04-01,Active
2025-02-01,CUST-0195,Enterprise,169,2499.0,0.13,4135.94,49631.24,Annual,2026-04-01,Active
2025-03-01,CUST-0195,Enterprise,172,2499.0,0.13,4229.16,50749.91,Annual,2026-04-01,Active
2025-04-01,CUST-0195,Enterprise,170,2499.0,0.13,4183.89,50206.69,Annual,2026-04-01,Active
2025-05-01,CUST-0195,Enterprise,172,2499.0,0.13,4249.74,50996.87,Annual,2026-04-01,Active
2025-06-01,CUST-0195,Enterprise,166,2499.0,0.13,4092.55,49110.54,Annual,2026-04-01,Active
2025-07-01,CUST-0195,Enterprise,170,2499.0,0.13,4214.36,50572.27,Annual,2026-04-01,Active
2025-08-01,CUST-0195,Enterprise,179,2499.0,0.13,4476.95,53723.4,Annual,2026-04-01,Active
2025-09-01,CUST-0195,Enterprise,177,2499.0,0.13,4431.48,53177.76,Annual,2026-04-01,Active
2025-10-01,CUST-0195,Enterprise,174,2499.0,0.13,4357.56,52290.67,Annual,2026-04-01,Active
2025-11-01,CUST-0195,Enterprise,197,2499.0,0.13,5017.76,60213.07,Annual,2026-04-01,Active
2025-12-01,CUST-0195,Enterprise,182,2499.0,0.13,4604.95,55259.44,Annual,2026-04-01,Active
2026-01-01,CUST-0195,Enterprise,194,2499.0,0.13,4956.55,59478.59,Annual,2027-04-01,Active
2026-02-01,CUST-0195,Enterprise,196,2499.0,0.13,5025.23,60302.74,Annual,2027-04-01,Active
2026-03-01,CUST-0195,Enterprise,193,2499.0,0.13,4951.57,59418.89,Annual,2027-04-01,Active
2026-04-01,CUST-0195,Enterprise,208,2499.0,0.13,5392.1,64705.24,Annual,2027-04-01,Active
2026-05-01,CUST-0195,Enterprise,213,2499.0,0.13,5548.1,66577.18,Annual,2027-04-01,Active
2026-06-01,CUST-0195,Enterprise,225,2499.0,0.13,5905.83,70869.96,Annual,2027-04-01,Active
2025-01-01,CUST-0196,Professional,74,599.0,0.1,1509.3,18111.6,Annual,2026-01-01,Active
2025-02-01,CUST-0196,Professional,72,599.0,0.1,1473.37,17680.49,Annual,2026-01-01,Active
2025-03-01,CUST-0196,Professional,79,599.0,0.1,1616.34,19396.1,Annual,2026-01-01,Active
2025-04-01,CUST-0196,Professional,77,599.0,0.1,1580.47,18965.58,Annual,2026-01-01,Active
2025-05-01,CUST-0196,Professional,77,599.0,0.1,1584.39,19012.64,Annual,2026-01-01,Active
2025-06-01,CUST-0196,Professional,75,599.0,0.1,1548.21,18578.57,Annual,2026-01-01,Active
2025-07-01,CUST-0196,Professional,83,599.0,0.1,1712.81,20553.75,Annual,2026-01-01,Active
2025-08-01,CUST-0196,Professional,78,599.0,0.1,1616.3,19395.59,Annual,2026-01-01,Active
2025-09-01,CUST-0196,Professional,81,599.0,0.1,1680.86,20170.3,Annual,2026-01-01,Active
2025-10-01,CUST-0196,Professional,72,599.0,0.1,1502.77,18033.22,Annual,2026-01-01,Active
2025-11-01,CUST-0196,Professional,81,599.0,0.1,1689.1,20269.17,Annual,2026-01-01,Active
2025-12-01,CUST-0196,Professional,90,599.0,0.1,1876.32,22515.81,Annual,2026-01-01,Active
2026-01-01,CUST-0196,Professional,82,599.0,0.1,1717.73,20612.77,Annual,2027-01-01,Active
2026-02-01,CUST-0196,Professional,87,599.0,0.1,1824.12,21889.41,Annual,2027-01-01,Active
2026-03-01,CUST-0196,Professional,84,599.0,0.1,1767.06,21204.67,Annual,2027-01-01,Active
2026-04-01,CUST-0196,Professional,93,599.0,0.1,1956.21,23474.48,Annual,2027-01-01,Active
2026-05-01,CUST-0196,Professional,91,599.0,0.1,1919.74,23036.83,Annual,2027-01-01,Active
2026-06-01,CUST-0196,Professional,86,599.0,0.1,1821.14,21853.72,Annual,2027-01-01,Active
2025-01-01,CUST-0197,Enterprise,151,2499.0,0.13,3558.47,42701.69,Annual,2026-12-01,Active
2025-02-01,CUST-0197,Enterprise,143,2499.0,0.13,3350.51,40206.11,Annual,2026-12-01,Active
2025-03-01,CUST-0197,Enterprise,153,2499.0,0.13,3630.57,43566.8,Annual,2026-12-01,Active
2025-04-01,CUST-0197,Enterprise,154,2499.0,0.13,3666.82,44001.78,Annual,2026-12-01,Active
2025-05-01,CUST-0197,Enterprise,157,2499.0,0.13,3757.81,45093.75,Annual,2026-12-01,Active
2025-06-01,CUST-0197,Enterprise,154,2499.0,0.13,3684.97,44219.61,Annual,2026-12-01,Active
2025-07-01,CUST-0197,Enterprise,153,2499.0,0.13,3666.6,43999.22,Annual,2026-12-01,Active
2025-08-01,CUST-0197,Enterprise,158,2499.0,0.13,3813.16,45757.89,Annual,2026-12-01,Active
2025-09-01,CUST-0197,Enterprise,155,2499.0,0.13,3739.77,44877.28,Annual,2026-12-01,Active
2025-10-01,CUST-0197,Enterprise,157,2499.0,0.13,3804.21,45650.47,Annual,2026-12-01,Active
2025-11-01,CUST-0197,Enterprise,168,2499.0,0.13,4118.31,49419.75,Annual,2026-12-01,Active
2025-12-01,CUST-0197,Enterprise,175,2499.0,0.13,4322.79,51873.44,Annual,2026-12-01,Active
2026-01-01,CUST-0197,Enterprise,173,2499.0,0.13,4277.59,51331.03,Annual,2027-12-01,Active
2026-02-01,CUST-0197,Enterprise,183,2499.0,0.13,4567.08,54804.99,Annual,2027-12-01,Active
2026-03-01,CUST-0197,Enterprise,174,2499.0,0.13,4326.28,51915.38,Annual,2027-12-01,Active
2026-04-01,CUST-0197,Enterprise,189,2499.0,0.13,4757.44,57089.26,Annual,2027-12-01,Active
2026-05-01,CUST-0197,Enterprise,188,2499.0,0.13,4740.76,56889.1,Annual,2027-12-01,Active
2026-06-01,CUST-0197,Enterprise,199,2499.0,0.13,5062.15,60745.77,Annual,2027-12-01,Active
2025-11-01,CUST-0198,Starter,9,149.0,0.0,205.0,2460.0,Monthly,2026-11-01,Active
2025-12-01,CUST-0198,Starter,9,149.0,0.0,205.51,2466.15,Monthly,2026-11-01,Active
2026-01-01,CUST-0198,Starter,10,149.0,0.0,220.09,2641.14,Monthly,2027-11-01,Active
2026-02-01,CUST-0198,Starter,10,149.0,0.0,220.64,2647.71,Monthly,2027-11-01,Active
2026-03-01,CUST-0198,Starter,9,149.0,0.0,207.05,2484.6,Monthly,2027-11-01,Active
2026-04-01,CUST-0198,Starter,10,149.0,0.0,221.74,2660.85,Monthly,2027-11-01,Active
2026-05-01,CUST-0198,Starter,11,149.0,0.0,236.49,2837.94,Monthly,2027-11-01,Active
2026-06-01,CUST-0198,Starter,10,149.0,0.0,222.83,2673.99,Monthly,2027-11-01,Active
2025-01-01,CUST-0199,Professional,50,599.0,0.0,1151.87,13822.47,Monthly,2026-12-01,Active
2025-02-01,CUST-0199,Professional,49,599.0,0.0,1132.63,13591.62,Monthly,2026-12-01,Active
2025-03-01,CUST-0199,Professional,55,599.0,0.0,1268.44,15221.31,Monthly,2026-12-01,Active
2025-04-01,CUST-0199,Professional,56,599.0,0.0,1293.81,15525.72,Monthly,2026-12-01,Active
2025-05-01,CUST-0199,Professional,55,599.0,0.0,1274.74,15296.85,Monthly,2026-12-01,Active
2025-06-01,CUST-0199,Professional,53,599.0,0.0,1233.22,14798.7,Monthly,2026-12-01,Active
2025-07-01,CUST-0199,Professional,55,599.0,0.0,1281.03,15372.39,Monthly,2026-12-01,Active
2025-08-01,CUST-0199,Professional,56,599.0,0.0,1306.62,15679.44,Monthly,2026-12-01,Active
2025-09-01,CUST-0199,Professional,60,599.0,0.0,1399.8,16797.63,Monthly,2026-12-01,Active
2025-10-01,CUST-0199,Professional,56,599.0,0.0,1313.02,15756.3,Monthly,2026-12-01,Active
2025-11-01,CUST-0199,Professional,60,599.0,0.0,1406.65,16879.77,Monthly,2026-12-01,Active
2025-12-01,CUST-0199,Professional,59,599.0,0.0,1387.41,16648.92,Monthly,2026-12-01,Active
2026-01-01,CUST-0199,Professional,64,599.0,0.0,1504.35,18052.23,Monthly,2027-12-01,Active
2026-02-01,CUST-0199,Professional,64,599.0,0.0,1507.99,18095.94,Monthly,2027-12-01,Active
2026-03-01,CUST-0199,Professional,66,599.0,0.0,1557.29,18687.45,Monthly,2027-12-01,Active
2026-04-01,CUST-0199,Professional,68,599.0,0.0,1606.8,19281.6,Monthly,2027-12-01,Active
2026-05-01,CUST-0199,Professional,65,599.0,0.0,1541.86,18502.29,Monthly,2027-12-01,Active
2026-06-01,CUST-0199,Professional,63,599.0,0.0,1499.57,17994.9,Monthly,2027-12-01,Active
2025-02-01,CUST-0200,Professional,25,599.0,0.0,599.0,7188.0,Monthly,2026-02-01,Active
2025-03-01,CUST-0200,Professional,25,599.0,0.0,600.5,7205.97,Monthly,2026-02-01,Active
2025-04-01,CUST-0200,Professional,25,599.0,0.0,601.99,7223.94,Monthly,2026-02-01,Active
2025-05-01,CUST-0200,Professional,25,599.0,0.0,603.49,7241.91,Monthly,2026-02-01,Active
2025-06-01,CUST-0200,Professional,25,599.0,0.0,604.99,7259.88,Monthly,2026-02-01,Active
2025-07-01,CUST-0200,Professional,25,599.0,0.0,606.49,7277.85,Monthly,2026-02-01,Active
2025-08-01,CUST-0200,Professional,25,599.0,0.0,607.98,7295.82,Monthly,2026-02-01,Active
2025-09-01,CUST-0200,Enterprise,100,2499.0,0.0,2542.73,30512.79,Monthly,2026-02-01,Active
2025-10-01,CUST-0200,Enterprise,100,2499.0,0.0,2548.98,30587.76,Monthly,2026-02-01,Active
2025-11-01,CUST-0200,Enterprise,100,2499.0,0.0,2555.23,30662.73,Monthly,2026-02-01,Active
2025-12-01,CUST-0200,Enterprise,100,2499.0,0.0,2561.47,30737.7,Monthly,2026-02-01,Active
2026-01-01,CUST-0200,Enterprise,100,2499.0,0.0,2567.72,30812.67,Monthly,2027-02-01,Active
2026-02-01,CUST-0200,Enterprise,100,2499.0,0.0,2573.97,30887.64,Monthly,2027-02-01,Active
2026-03-01,CUST-0200,Enterprise,100,2499.0,0.0,2580.22,30962.61,Monthly,2027-02-01,Active
2026-04-01,CUST-0200,Enterprise,100,2499.0,0.0,2586.46,31037.58,Monthly,2027-02-01,Active
2026-05-01,CUST-0200,Enterprise,100,2499.0,0.0,2592.71,31112.55,Monthly,2027-02-01,Active
2026-06-01,CUST-0200,Enterprise,100,2499.0,0.0,2598.96,31187.52,Monthly,2027-02-01,Active
2025-01-01,CUST-0201,Professional,25,599.0,0.1,541.8,6501.55,Annual,2026-11-01,Active
2025-02-01,CUST-0201,Professional,25,599.0,0.1,543.14,6517.72,Annual,2026-11-01,Active
2025-03-01,CUST-0201,Professional,25,599.0,0.1,544.49,6533.89,Annual,2026-11-01,Active
2025-04-01,CUST-0201,Professional,25,599.0,0.1,545.84,6550.07,Annual,2026-11-01,Active
2025-05-01,CUST-0201,Professional,25,599.0,0.1,547.19,6566.24,Annual,2026-11-01,Active
2025-06-01,CUST-0201,Professional,25,599.0,0.1,548.53,6582.41,Annual,2026-11-01,Active
2025-07-01,CUST-0201,Professional,25,599.0,0.1,549.88,6598.58,Annual,2026-11-01,Active
2025-08-01,CUST-0201,Professional,25,599.0,0.1,551.23,6614.76,Annual,2026-11-01,Active
2025-09-01,CUST-0201,Professional,25,599.0,0.1,552.58,6630.93,Annual,2026-11-01,Active
2025-10-01,CUST-0201,Professional,25,599.0,0.1,553.93,6647.1,Annual,2026-11-01,Active
2025-11-01,CUST-0201,Professional,25,599.0,0.1,555.27,6663.28,Annual,2026-11-01,Active
2025-12-01,CUST-0201,Professional,25,599.0,0.1,556.62,6679.45,Annual,2026-11-01,Active
2026-01-01,CUST-0201,Professional,25,599.0,0.1,557.97,6695.62,Annual,2027-11-01,Active
2026-02-01,CUST-0201,Professional,25,599.0,0.1,559.32,6711.8,Annual,2027-11-01,Active
2026-03-01,CUST-0201,Professional,25,599.0,0.1,560.66,6727.97,Annual,2027-11-01,Active
2026-04-01,CUST-0201,Professional,25,599.0,0.1,562.01,6744.14,Annual,2027-11-01,Active
2026-05-01,CUST-0201,Professional,25,599.0,0.1,563.36,6760.31,Annual,2027-11-01,Active
2026-06-01,CUST-0201,Professional,25,599.0,0.1,564.71,6776.49,Annual,2027-11-01,Active
2025-09-01,CUST-0202,Professional,67,599.0,0.0,1523.0,18276.0,Monthly,2026-09-01,Active
2025-10-01,CUST-0202,Professional,69,599.0,0.0,1570.92,18851.01,Monthly,2026-09-01,Active
2025-11-01,CUST-0202,Professional,68,599.0,0.0,1552.72,18632.7,Monthly,2026-09-01,Active
2025-12-01,CUST-0202,Professional,73,599.0,0.0,1667.41,20008.95,Monthly,2026-09-01,Active
2026-01-01,CUST-0202,Professional,74,599.0,0.0,1693.77,20325.24,Monthly,2027-09-01,Active
2026-02-01,CUST-0202,Professional,76,599.0,0.0,1742.51,20910.15,Monthly,2027-09-01,Active
2026-03-01,CUST-0202,Professional,80,599.0,0.0,1836.13,22033.62,Monthly,2027-09-01,Active
2026-04-01,CUST-0202,Enterprise,100,2499.0,0.0,2542.73,30512.79,Monthly,2027-09-01,Active
2025-06-01,CUST-0203,Enterprise,121,2499.0,0.13,2740.5,32886.0,Annual,2026-06-01,Active
2025-07-01,CUST-0203,Enterprise,128,2499.0,0.13,2936.61,35239.36,Annual,2026-06-01,Active
2025-08-01,CUST-0203,Enterprise,129,2499.0,0.13,2971.04,35652.5,Annual,2026-06-01,Active
2025-09-01,CUST-0203,Enterprise,121,2499.0,0.13,2761.05,33132.65,Annual,2026-06-01,Active
2025-10-01,CUST-0203,Enterprise,133,2499.0,0.13,3094.78,37137.38,Annual,2026-06-01,Active
2025-11-01,CUST-0203,Enterprise,125,2499.0,0.13,2883.98,34607.82,Annual,2026-06-01,Active
2025-12-01,CUST-0203,Enterprise,136,2499.0,0.13,3192.23,38306.71,Annual,2026-06-01,Active
2026-01-01,CUST-0203,Enterprise,129,2499.0,0.13,3007.99,36095.93,Annual,2027-06-01,Active
2026-02-01,CUST-0203,Enterprise,131,2499.0,0.13,3070.4,36844.85,Annual,2027-06-01,Active
2026-03-01,CUST-0203,Enterprise,136,2499.0,0.13,3215.81,38589.76,Annual,2027-06-01,Active
2026-04-01,CUST-0203,Enterprise,147,2499.0,0.13,3527.76,42333.16,Annual,2027-06-01,Active
2026-05-01,CUST-0203,Enterprise,149,2499.0,0.13,3591.79,43101.49,Annual,2027-06-01,Active
2026-06-01,CUST-0203,Enterprise,149,2499.0,0.13,3600.53,43206.36,Annual,2027-06-01,Active
2025-01-01,CUST-0204,Starter,11,149.0,0.1,210.22,2522.69,Annual,2026-12-01,Active
2025-02-01,CUST-0204,Starter,13,149.0,0.1,236.07,2832.89,Annual,2026-12-01,Active
2025-03-01,CUST-0204,Starter,11,149.0,0.1,211.27,2535.27,Annual,2026-12-01,Active
2025-04-01,CUST-0204,Starter,12,149.0,0.1,224.52,2694.28,Annual,2026-12-01,Active
2025-05-01,CUST-0204,Starter,12,149.0,0.1,225.08,2700.95,Annual,2026-12-01,Active
2025-06-01,CUST-0204,Starter,12,149.0,0.1,225.63,2707.61,Annual,2026-12-01,Active
2025-07-01,CUST-0204,Starter,13,149.0,0.1,239.01,2868.13,Annual,2026-12-01,Active
2025-08-01,CUST-0204,Starter,13,149.0,0.1,239.6,2875.18,Annual,2026-12-01,Active
2025-09-01,CUST-0204,Starter,12,149.0,0.1,227.3,2727.62,Annual,2026-12-01,Active
2025-10-01,CUST-0204,Starter,12,149.0,0.1,227.86,2734.29,Annual,2026-12-01,Active
2025-11-01,CUST-0204,Starter,12,149.0,0.1,228.41,2740.96,Annual,2026-12-01,Active
2025-12-01,CUST-0204,Starter,12,149.0,0.1,228.97,2747.63,Annual,2026-12-01,Active
2026-01-01,CUST-0204,Starter,12,149.0,0.1,229.52,2754.3,Annual,2027-12-01,Active
2026-02-01,CUST-0204,Starter,13,149.0,0.1,243.12,2917.46,Annual,2027-12-01,Active
2026-03-01,CUST-0204,Starter,13,149.0,0.1,243.71,2924.51,Annual,2027-12-01,Active
2026-04-01,CUST-0204,Starter,13,149.0,0.1,244.3,2931.55,Annual,2027-12-01,Active
2026-05-01,CUST-0204,Starter,12,149.0,0.1,231.75,2780.97,Annual,2027-12-01,Active
2026-06-01,CUST-0204,Starter,13,149.0,0.1,245.47,2945.65,Annual,2027-12-01,Active
2025-08-01,CUST-0205,Professional,25,599.0,0.1,539.1,6469.2,Annual,2026-08-01,Active
2025-09-01,CUST-0205,Professional,25,599.0,0.1,540.45,6485.37,Annual,2026-08-01,Active
2025-10-01,CUST-0205,Professional,25,599.0,0.1,541.8,6501.55,Annual,2026-08-01,Active
2025-11-01,CUST-0205,Professional,25,599.0,0.1,543.14,6517.72,Annual,2026-08-01,Active
2025-12-01,CUST-0205,Professional,25,599.0,0.1,544.49,6533.89,Annual,2026-08-01,Active
2026-01-01,CUST-0205,Professional,25,599.0,0.1,545.84,6550.07,Annual,2027-08-01,Active
2026-02-01,CUST-0205,Professional,25,599.0,0.1,547.19,6566.24,Annual,2027-08-01,Active
2026-03-01,CUST-0205,Professional,25,599.0,0.1,548.53,6582.41,Annual,2027-08-01,Active
2026-04-01,CUST-0205,Professional,25,599.0,0.1,549.88,6598.58,Annual,2027-08-01,Active
2026-05-01,CUST-0205,Professional,25,599.0,0.1,551.23,6614.76,Annual,2027-08-01,Active
2026-06-01,CUST-0205,Professional,25,599.0,0.1,552.58,6630.93,Annual,2027-08-01,Active
2025-09-01,CUST-0206,Enterprise,100,2499.0,0.0,2499.0,29988.0,Monthly,2026-09-01,Active
2025-10-01,CUST-0206,Enterprise,100,2499.0,0.0,2505.25,30062.97,Monthly,2026-09-01,Active
2025-11-01,CUST-0206,Enterprise,100,2499.0,0.0,2511.49,30137.94,Monthly,2026-09-01,Active
2025-12-01,CUST-0206,Enterprise,100,2499.0,0.0,2517.74,30212.91,Monthly,2026-09-01,Active
2026-01-01,CUST-0206,Enterprise,100,2499.0,0.0,2523.99,30287.88,Monthly,2027-09-01,Active
2026-02-01,CUST-0206,Enterprise,100,2499.0,0.0,2530.24,30362.85,Monthly,2027-09-01,Active
2026-03-01,CUST-0206,Enterprise,100,2499.0,0.0,2536.48,30437.82,Monthly,2027-09-01,Active
2026-04-01,CUST-0206,Enterprise,100,2499.0,0.0,2542.73,30512.79,Monthly,2027-09-01,Active
2026-05-01,CUST-0206,Enterprise,100,2499.0,0.0,2548.98,30587.76,Monthly,2027-09-01,Active
2026-06-01,CUST-0206,Enterprise,100,2499.0,0.0,2555.23,30662.73,Monthly,2027-09-01,Active
2026-02-01,CUST-0207,Professional,35,599.0,0.1,737.1,8845.2,Annual,2027-02-01,Active
2026-03-01,CUST-0207,Professional,37,599.0,0.1,778.64,9343.7,Annual,2027-02-01,Active
2026-04-01,CUST-0207,Professional,37,599.0,0.1,780.58,9367.0,Annual,2027-02-01,Active
2026-05-01,CUST-0207,Professional,38,599.0,0.1,802.47,9629.68,Annual,2027-02-01,Active
2026-06-01,CUST-0207,Professional,35,599.0,0.1,744.47,8933.65,Annual,2027-02-01,Active
2025-08-01,CUST-0208,Starter,5,149.0,0.1,134.1,1609.2,Annual,2026-08-01,Active
2025-09-01,CUST-0208,Starter,5,149.0,0.1,134.44,1613.22,Annual,2026-08-01,Active
2025-10-01,CUST-0208,Starter,5,149.0,0.1,134.77,1617.25,Annual,2026-08-01,Active
2025-11-01,CUST-0208,Starter,5,149.0,0.1,135.11,1621.27,Annual,2026-08-01,Active
2025-12-01,CUST-0208,Starter,5,149.0,0.1,135.44,1625.29,Annual,2026-08-01,Active
2026-01-01,CUST-0208,Starter,5,149.0,0.1,135.78,1629.31,Annual,2027-08-01,Active
2026-02-01,CUST-0208,Starter,5,149.0,0.1,136.11,1633.34,Annual,2027-08-01,Active
2026-03-01,CUST-0208,Starter,5,149.0,0.1,136.45,1637.36,Annual,2027-08-01,Active
2026-04-01,CUST-0208,Starter,5,149.0,0.1,136.78,1641.38,Annual,2027-08-01,Active
2026-05-01,CUST-0208,Starter,5,149.0,0.1,137.12,1645.41,Annual,2027-08-01,Active
2026-06-01,CUST-0208,Starter,5,149.0,0.1,137.45,1649.43,Annual,2027-08-01,Active
2025-01-01,CUST-0209,Starter,8,149.0,0.1,174.91,2098.9,Annual,2026-06-01,Active
2025-02-01,CUST-0209,Starter,8,149.0,0.1,175.34,2104.06,Annual,2026-06-01,Active
2025-03-01,CUST-0209,Starter,9,149.0,0.1,188.65,2263.82,Annual,2026-06-01,Active
2025-04-01,CUST-0209,Starter,8,149.0,0.1,176.2,2114.37,Annual,2026-06-01,Active
2025-05-01,CUST-0209,Starter,8,149.0,0.1,176.63,2119.53,Annual,2026-06-01,Active
2025-06-01,CUST-0209,Starter,8,149.0,0.1,177.06,2124.68,Annual,2026-06-01,Active
2025-07-01,CUST-0209,Starter,8,149.0,0.1,177.49,2129.84,Annual,2026-06-01,Active
2025-08-01,CUST-0209,Starter,8,149.0,0.1,177.92,2135.0,Annual,2026-06-01,Active
2025-09-01,CUST-0209,Starter,8,149.0,0.1,178.35,2140.16,Annual,2026-06-01,Active
2025-10-01,CUST-0209,Starter,8,149.0,0.1,178.78,2145.31,Annual,2026-06-01,Active
2025-11-01,CUST-0209,Starter,7,149.0,0.1,166.07,1992.84,Annual,2026-06-01,Active
2025-12-01,CUST-0209,Starter,8,149.0,0.1,179.64,2155.63,Annual,2026-06-01,Active
2026-01-01,CUST-0209,Starter,9,149.0,0.1,193.26,2319.16,Annual,2027-06-01,Active
2026-02-01,CUST-0209,Starter,9,149.0,0.1,193.72,2324.7,Annual,2027-06-01,Active
2026-03-01,CUST-0209,Starter,9,149.0,0.1,194.19,2330.24,Annual,2027-06-01,Active
2026-04-01,CUST-0209,Starter,9,149.0,0.1,194.65,2335.77,Annual,2027-06-01,Active
2026-05-01,CUST-0209,Starter,9,149.0,0.1,195.11,2341.31,Annual,2027-06-01,Active
2026-06-01,CUST-0209,Starter,9,149.0,0.1,195.57,2346.84,Annual,2027-06-01,Active
2025-01-01,CUST-0210,Professional,103,599.0,0.1,2104.34,25252.02,Annual,2026-09-01,Active
2025-02-01,CUST-0210,Professional,107,599.0,0.1,2189.73,26276.81,Annual,2026-09-01,Active
2025-03-01,CUST-0210,Professional,112,599.0,0.1,2295.63,27547.51,Annual,2026-09-01,Active
2025-04-01,CUST-0210,Professional,104,599.0,0.1,2140.11,25681.29,Annual,2026-09-01,Active
2025-05-01,CUST-0210,Professional,115,599.0,0.1,2367.52,28410.26,Annual,2026-09-01,Active
2025-06-01,CUST-0210,Professional,113,599.0,0.1,2332.83,27994.0,Annual,2026-09-01,Active
2025-07-01,CUST-0210,Professional,119,599.0,0.1,2460.31,29523.69,Annual,2026-09-01,Active
2025-08-01,CUST-0210,Professional,107,599.0,0.1,2222.17,26666.09,Annual,2026-09-01,Active
2025-09-01,CUST-0210,Professional,112,599.0,0.1,2329.55,27954.61,Annual,2026-09-01,Active
2025-10-01,CUST-0210,Professional,115,599.0,0.1,2396.54,28758.43,Annual,2026-09-01,Active
2025-11-01,CUST-0210,Professional,116,599.0,0.1,2422.83,29073.98,Annual,2026-09-01,Active
2025-12-01,CUST-0210,Professional,128,599.0,0.1,2675.19,32102.33,Annual,2026-09-01,Active
2026-01-01,CUST-0210,Professional,125,599.0,0.1,2619.86,31438.37,Annual,2027-09-01,Active
2026-02-01,CUST-0210,Professional,132,599.0,0.1,2770.65,33247.83,Annual,2027-09-01,Active
2026-03-01,CUST-0210,Professional,122,599.0,0.1,2570.39,30844.64,Annual,2027-09-01,Active
2026-04-01,CUST-0210,Professional,138,599.0,0.1,2908.38,34900.61,Annual,2027-09-01,Active
2026-05-01,CUST-0210,Professional,142,599.0,0.1,2998.49,35981.82,Annual,2027-09-01,Active
2026-06-01,CUST-0210,Professional,143,599.0,0.1,3026.46,36317.57,Annual,2027-09-01,Active
2025-01-01,CUST-0211,Professional,25,599.0,0.0,607.98,7295.82,Monthly,2026-07-01,Active
2025-02-01,CUST-0211,Professional,25,599.0,0.0,609.48,7313.79,Monthly,2026-07-01,Active
2025-03-01,CUST-0211,Professional,25,599.0,0.0,610.98,7331.76,Monthly,2026-07-01,Active
2025-04-01,CUST-0211,Professional,25,599.0,0.0,612.48,7349.73,Monthly,2026-07-01,Active
2025-05-01,CUST-0211,Professional,25,599.0,0.0,613.97,7367.7,Monthly,2026-07-01,Active
2025-06-01,CUST-0211,Professional,25,599.0,0.0,615.47,7385.67,Monthly,2026-07-01,Active
2025-07-01,CUST-0211,Professional,25,599.0,0.0,616.97,7403.64,Monthly,2026-07-01,Active
2025-01-01,CUST-0212,Starter,6,149.0,0.0,166.26,1995.12,Monthly,2026-05-01,Active
2025-02-01,CUST-0212,Starter,6,149.0,0.0,166.67,2000.01,Monthly,2026-05-01,Active
2025-03-01,CUST-0212,Starter,6,149.0,0.0,167.07,2004.9,Monthly,2026-05-01,Active
2025-04-01,CUST-0212,Starter,6,149.0,0.0,167.48,2009.79,Monthly,2026-05-01,Active
2025-05-01,CUST-0212,Starter,6,149.0,0.0,167.89,2014.68,Monthly,2026-05-01,Active
2025-06-01,CUST-0212,Starter,6,149.0,0.0,168.3,2019.57,Monthly,2026-05-01,Active
2025-07-01,CUST-0212,Starter,6,149.0,0.0,168.7,2024.46,Monthly,2026-05-01,Active
2025-08-01,CUST-0212,Starter,6,149.0,0.0,169.11,2029.35,Monthly,2026-05-01,Active
2025-09-01,CUST-0212,Starter,6,149.0,0.0,169.52,2034.24,Monthly,2026-05-01,Active
2025-10-01,CUST-0212,Starter,6,149.0,0.0,169.93,2039.13,Monthly,2026-05-01,Active
2025-11-01,CUST-0212,Starter,6,149.0,0.0,170.33,2044.02,Monthly,2026-05-01,Active
2025-12-01,CUST-0212,Starter,6,149.0,0.0,170.74,2048.91,Monthly,2026-05-01,Active
2026-01-01,CUST-0212,Starter,7,149.0,0.0,185.85,2230.2,Monthly,2027-05-01,Active
2026-02-01,CUST-0212,Starter,7,149.0,0.0,186.29,2235.51,Monthly,2027-05-01,Active
2026-03-01,CUST-0212,Starter,7,149.0,0.0,186.73,2240.82,Monthly,2027-05-01,Active
2026-04-01,CUST-0212,Starter,6,149.0,0.0,172.37,2068.47,Monthly,2027-05-01,Active
2026-05-01,CUST-0212,Starter,6,149.0,0.0,172.78,2073.36,Monthly,2027-05-01,Active
2026-06-01,CUST-0212,Starter,7,149.0,0.0,188.06,2256.75,Monthly,2027-05-01,Active
2025-01-01,CUST-0213,Enterprise,277,2499.0,0.13,7121.52,85458.19,Annual,2026-03-01,Active
2025-02-01,CUST-0213,Enterprise,297,2499.0,0.13,7693.12,92317.42,Annual,2026-03-01,Active
2025-03-01,CUST-0213,Enterprise,297,2499.0,0.13,7711.84,92542.04,Annual,2026-03-01,Active
2025-04-01,CUST-0213,Enterprise,298,2499.0,0.13,7758.4,93100.81,Annual,2026-03-01,Active
2025-05-01,CUST-0213,Enterprise,329,2499.0,0.13,8642.52,103710.23,Annual,2026-03-01,Active
2025-06-01,CUST-0213,Enterprise,298,2499.0,0.13,7795.97,93551.67,Annual,2026-03-01,Active
2025-07-01,CUST-0213,Enterprise,319,2499.0,0.13,8403.78,100845.39,Annual,2026-03-01,Active
2025-08-01,CUST-0213,Enterprise,300,2499.0,0.13,7889.78,94677.31,Annual,2026-03-01,Active
2025-09-01,CUST-0213,Enterprise,316,2499.0,0.13,8359.63,100315.61,Annual,2026-03-01,Active
2025-10-01,CUST-0213,Enterprise,316,2499.0,0.13,8379.63,100555.6,Annual,2026-03-01,Active
2025-11-01,CUST-0213,Enterprise,310,2499.0,0.13,8229.72,98756.66,Annual,2026-03-01,Active
2025-12-01,CUST-0213,Enterprise,342,2499.0,0.13,9157.67,109891.99,Annual,2026-03-01,Active
2026-01-01,CUST-0213,Enterprise,354,2499.0,0.13,9520.86,114250.3,Annual,2027-03-01,Active
2026-02-01,CUST-0213,Enterprise,340,2499.0,0.13,9144.13,109729.54,Annual,2027-03-01,Active
2026-03-01,CUST-0213,Enterprise,359,2499.0,0.13,9708.92,116507.06,Annual,2027-03-01,Active
2026-04-01,CUST-0213,Enterprise,368,2499.0,0.13,9989.72,119876.65,Annual,2027-03-01,Active
2026-05-01,CUST-0213,Enterprise,365,2499.0,0.13,9927.06,119124.68,Annual,2027-03-01,Active
2026-06-01,CUST-0213,Enterprise,360,2499.0,0.13,9806.41,117676.89,Annual,2027-03-01,Active
2025-11-01,CUST-0214,Starter,15,149.0,0.1,260.1,3121.2,Annual,2026-11-01,Active
2025-12-01,CUST-0214,Starter,16,149.0,0.1,273.38,3280.58,Annual,2026-11-01,Active
2026-01-01,CUST-0214,Starter,15,149.0,0.1,261.4,3136.81,Annual,2027-11-01,Active
2026-02-01,CUST-0214,Starter,16,149.0,0.1,274.75,3296.94,Annual,2027-11-01,Active
2026-03-01,CUST-0214,Starter,16,149.0,0.1,275.43,3305.12,Annual,2027-11-01,Active
2026-04-01,CUST-0214,Starter,16,149.0,0.1,276.11,3313.3,Annual,2027-11-01,Active
2026-05-01,CUST-0214,Starter,15,149.0,0.1,264.0,3168.02,Annual,2027-11-01,Active
2026-06-01,CUST-0214,Starter,16,149.0,0.1,277.47,3329.67,Annual,2027-11-01,Active
2025-01-01,CUST-0215,Professional,291,599.0,0.1,5878.47,70541.68,Annual,2026-08-01,Active
2025-02-01,CUST-0215,Professional,294,599.0,0.1,5953.28,71439.35,Annual,2026-08-01,Active
2025-03-01,CUST-0215,Professional,290,599.0,0.1,5887.36,70648.28,Annual,2026-08-01,Active
2025-04-01,CUST-0215,Professional,327,599.0,0.1,6649.07,79788.89,Annual,2026-08-01,Active
2025-05-01,CUST-0215,Professional,298,599.0,0.1,6078.25,72939.01,Annual,2026-08-01,Active
2025-06-01,CUST-0215,Professional,333,599.0,0.1,6803.44,81641.25,Annual,2026-08-01,Active
2025-07-01,CUST-0215,Professional,309,599.0,0.1,6331.76,75981.16,Annual,2026-08-01,Active
2025-08-01,CUST-0215,Professional,308,599.0,0.1,6326.78,75921.3,Annual,2026-08-01,Active
2025-09-01,CUST-0215,Professional,324,599.0,0.1,6669.23,80030.73,Annual,2026-08-01,Active
2025-10-01,CUST-0215,Professional,292,599.0,0.1,6029.6,72355.19,Annual,2026-08-01,Active
2025-11-01,CUST-0215,Professional,303,599.0,0.1,6270.13,75241.58,Annual,2026-08-01,Active
2025-12-01,CUST-0215,Professional,321,599.0,0.1,6655.9,79870.75,Annual,2026-08-01,Active
2026-01-01,CUST-0215,Professional,356,599.0,0.1,7394.35,88732.18,Annual,2027-08-01,Active
2026-02-01,CUST-0215,Professional,374,599.0,0.1,7784.52,93414.22,Annual,2027-08-01,Active
2026-03-01,CUST-0215,Professional,371,599.0,0.1,7740.92,92891.04,Annual,2027-08-01,Active
2026-04-01,CUST-0215,Professional,365,599.0,0.1,7634.66,91615.86,Annual,2027-08-01,Active
2026-05-01,CUST-0215,Professional,427,599.0,0.1,8944.88,107338.58,Annual,2027-08-01,Active
2026-06-01,CUST-0215,Professional,388,599.0,0.1,8151.46,97817.49,Annual,2027-08-01,Active
2025-01-01,CUST-0216,Enterprise,100,2499.0,0.13,2174.13,26089.56,Annual,2026-01-01,Active
2025-02-01,CUST-0216,Enterprise,100,2499.0,0.13,2179.57,26154.78,Annual,2026-01-01,Active
2025-03-01,CUST-0216,Enterprise,100,2499.0,0.13,2185.0,26220.01,Annual,2026-01-01,Active
2025-04-01,CUST-0216,Enterprise,100,2499.0,0.13,2190.44,26285.23,Annual,2026-01-01,Active
2025-05-01,CUST-0216,Enterprise,100,2499.0,0.13,2195.87,26350.46,Annual,2026-01-01,Active
2025-06-01,CUST-0216,Enterprise,100,2499.0,0.13,2201.31,26415.68,Annual,2026-01-01,Active
2025-07-01,CUST-0216,Enterprise,100,2499.0,0.13,2206.74,26480.9,Annual,2026-01-01,Active
2025-08-01,CUST-0216,Enterprise,100,2499.0,0.13,2212.18,26546.13,Annual,2026-01-01,Active
2025-09-01,CUST-0216,Enterprise,100,2499.0,0.13,2217.61,26611.35,Annual,2026-01-01,Active
2025-10-01,CUST-0216,Enterprise,100,2499.0,0.13,2223.05,26676.58,Annual,2026-01-01,Active
2025-11-01,CUST-0216,Enterprise,100,2499.0,0.13,2228.48,26741.8,Annual,2026-01-01,Active
2025-12-01,CUST-0216,Enterprise,100,2499.0,0.13,2233.92,26807.02,Annual,2026-01-01,Active
2026-01-01,CUST-0216,Enterprise,100,2499.0,0.13,2239.35,26872.25,Annual,2027-01-01,Active
2026-02-01,CUST-0216,Enterprise,100,2499.0,0.13,2244.79,26937.47,Annual,2027-01-01,Active
2026-03-01,CUST-0216,Enterprise,100,2499.0,0.13,2250.22,27002.69,Annual,2027-01-01,Active
2026-04-01,CUST-0216,Enterprise,100,2499.0,0.13,2255.66,27067.92,Annual,2027-01-01,Active
2026-05-01,CUST-0216,Enterprise,100,2499.0,0.13,2261.1,27133.14,Annual,2027-01-01,Active
2026-06-01,CUST-0216,Enterprise,100,2499.0,0.13,2266.53,27198.37,Annual,2027-01-01,Active
2026-03-01,CUST-0217,Starter,5,149.0,0.1,134.1,1609.2,Annual,2027-03-01,Active
2026-04-01,CUST-0217,Starter,5,149.0,0.1,134.44,1613.22,Annual,2027-03-01,Active
2026-05-01,CUST-0217,Starter,5,149.0,0.1,134.77,1617.25,Annual,2027-03-01,Active
2026-06-01,CUST-0217,Starter,5,149.0,0.1,135.11,1621.27,Annual,2027-03-01,Active
2025-10-01,CUST-0218,Enterprise,157,2499.0,0.13,3711.42,44537.04,Annual,2026-10-01,Active
2025-11-01,CUST-0218,Enterprise,147,2499.0,0.13,3450.32,41403.89,Annual,2026-10-01,Active
2025-12-01,CUST-0218,Enterprise,153,2499.0,0.13,3621.56,43458.69,Annual,2026-10-01,Active
2026-01-01,CUST-0218,Enterprise,177,2499.0,0.13,4282.7,51392.41,Annual,2027-10-01,Active
2026-02-01,CUST-0218,Enterprise,163,2499.0,0.13,3911.97,46943.67,Annual,2027-10-01,Active
2026-03-01,CUST-0218,Enterprise,167,2499.0,0.13,4030.88,48370.61,Annual,2027-10-01,Active
2026-04-01,CUST-0218,Enterprise,183,2499.0,0.13,4478.83,53745.96,Annual,2027-10-01,Active
2026-05-01,CUST-0218,Enterprise,182,2499.0,0.13,4462.42,53549.03,Annual,2027-10-01,Active
2026-06-01,CUST-0218,Enterprise,184,2499.0,0.13,4528.4,54340.83,Annual,2027-10-01,Active
2025-12-01,CUST-0219,Enterprise,193,2499.0,0.13,4682.34,56188.08,Annual,2026-12-01,Active
2026-01-01,CUST-0219,Enterprise,192,2499.0,0.13,4667.01,56004.1,Annual,2027-12-01,Active
2026-02-01,CUST-0219,Enterprise,186,2499.0,0.13,4516.02,54192.21,Annual,2027-12-01,Active
2026-03-01,CUST-0219,Enterprise,180,2499.0,0.13,4364.22,52370.62,Annual,2027-12-01,Active
2026-04-01,CUST-0219,Enterprise,211,2499.0,0.13,5219.48,62633.74,Annual,2027-12-01,Active
2026-05-01,CUST-0219,Enterprise,220,2499.0,0.13,5478.16,65737.94,Annual,2027-12-01,Active
2026-06-01,CUST-0219,Enterprise,221,2499.0,0.13,5519.06,66228.75,Annual,2027-12-01,Active
2025-10-01,CUST-0220,Professional,54,599.0,0.1,1113.3,13359.6,Annual,2026-10-01,Active
2025-11-01,CUST-0220,Professional,55,599.0,0.1,1135.93,13631.19,Annual,2026-10-01,Active
2025-12-01,CUST-0220,Professional,64,599.0,0.1,1317.86,15814.28,Annual,2026-10-01,Active
2026-01-01,CUST-0220,Professional,66,599.0,0.1,1361.03,16332.38,Annual,2027-10-01,Active
2026-02-01,CUST-0220,Professional,64,599.0,0.1,1324.41,15892.96,Annual,2027-10-01,Active
2026-03-01,CUST-0220,Professional,74,599.0,0.1,1528.17,18337.99,Annual,2027-10-01,Active
2026-04-01,CUST-0220,Professional,68,599.0,0.1,1411.36,16936.29,Annual,2027-10-01,Active
2026-05-01,CUST-0220,Professional,69,599.0,0.1,1434.98,17219.76,Annual,2027-10-01,Active
2026-06-01,CUST-0220,Professional,71,599.0,0.1,1478.9,17746.78,Annual,2027-10-01,Active
2025-06-01,CUST-0221,Starter,11,149.0,0.1,209.7,2516.4,Annual,2026-06-01,Active
2025-07-01,CUST-0221,Starter,12,149.0,0.1,222.86,2674.27,Annual,2026-06-01,Active
2025-08-01,CUST-0221,Starter,12,149.0,0.1,223.41,2680.94,Annual,2026-06-01,Active
2025-09-01,CUST-0221,Starter,11,149.0,0.1,211.27,2535.27,Annual,2026-06-01,Active
2025-10-01,CUST-0221,Starter,11,149.0,0.1,211.8,2541.56,Annual,2026-06-01,Active
2025-11-01,CUST-0221,Starter,12,149.0,0.1,225.08,2700.95,Annual,2026-06-01,Active
2025-12-01,CUST-0221,Starter,12,149.0,0.1,225.63,2707.61,Annual,2026-06-01,Active
2026-01-01,CUST-0221,Starter,13,149.0,0.1,239.01,2868.13,Annual,2027-06-01,Active
2026-02-01,CUST-0221,Starter,13,149.0,0.1,239.6,2875.18,Annual,2027-06-01,Active
2026-03-01,CUST-0221,Starter,13,149.0,0.1,240.19,2882.22,Annual,2027-06-01,Active
2026-04-01,CUST-0221,Starter,14,149.0,0.1,253.69,3044.25,Annual,2027-06-01,Active
2026-05-01,CUST-0221,Starter,13,149.0,0.1,241.36,2896.32,Annual,2027-06-01,Active
2026-06-01,CUST-0221,Starter,13,149.0,0.1,241.95,2903.36,Annual,2027-06-01,Active
2026-04-01,CUST-0222,Enterprise,122,2499.0,0.25,2385.75,28629.0,Annual,2027-04-01,Active
2026-05-01,CUST-0222,Enterprise,133,2499.0,0.25,2648.1,31777.24,Annual,2027-04-01,Active
2026-06-01,CUST-0222,Enterprise,131,2499.0,0.25,2607.97,31295.7,Annual,2027-04-01,Active
2025-04-01,CUST-0223,Enterprise,196,2499.0,0.13,4763.25,57159.0,Annual,2026-04-01,Active
2025-05-01,CUST-0223,Enterprise,208,2499.0,0.13,5099.61,61195.29,Annual,2026-04-01,Active
2025-06-01,CUST-0223,Enterprise,218,2499.0,0.13,5383.37,64600.48,Annual,2026-04-01,Active
2025-07-01,CUST-0223,Enterprise,194,2499.0,0.13,4744.63,56935.56,Annual,2026-04-01,Active
2025-08-01,CUST-0223,Enterprise,206,2499.0,0.13,5083.28,60999.35,Annual,2026-04-01,Active
2025-09-01,CUST-0223,Enterprise,206,2499.0,0.13,5095.86,61150.34,Annual,2026-04-01,Active
2025-10-01,CUST-0223,Enterprise,188,2499.0,0.13,4615.7,55388.43,Annual,2026-04-01,Active
2025-11-01,CUST-0223,Enterprise,210,2499.0,0.13,5230.79,62769.53,Annual,2026-04-01,Active
2025-12-01,CUST-0223,Enterprise,231,2499.0,0.13,5821.34,69856.13,Annual,2026-04-01,Active
2026-01-01,CUST-0223,Enterprise,213,2499.0,0.13,5339.23,64070.75,Annual,2027-04-01,Active
2026-02-01,CUST-0223,Enterprise,230,2499.0,0.13,5822.24,69866.83,Annual,2027-04-01,Active
2026-03-01,CUST-0223,Enterprise,242,2499.0,0.13,6168.98,74027.72,Annual,2027-04-01,Active
2026-04-01,CUST-0223,Enterprise,251,2499.0,0.13,6434.0,77207.98,Annual,2027-04-01,Active
2026-05-01,CUST-0223,Enterprise,244,2499.0,0.13,6254.69,75056.27,Annual,2027-04-01,Active
2026-06-01,CUST-0223,Enterprise,236,2499.0,0.13,6046.52,72558.26,Annual,2027-04-01,Active
2025-01-01,CUST-0224,Starter,8,149.0,0.0,191.48,2297.73,Monthly,2026-12-01,Active
2025-02-01,CUST-0224,Starter,7,149.0,0.0,177.88,2134.62,Monthly,2026-12-01,Active
2025-03-01,CUST-0224,Starter,7,149.0,0.0,178.33,2139.93,Monthly,2026-12-01,Active
2025-04-01,CUST-0224,Starter,8,149.0,0.0,192.91,2314.92,Monthly,2026-12-01,Active
2025-05-01,CUST-0224,Starter,8,149.0,0.0,193.39,2320.65,Monthly,2026-12-01,Active
2025-06-01,CUST-0224,Starter,8,149.0,0.0,193.86,2326.38,Monthly,2026-12-01,Active
2025-07-01,CUST-0224,Starter,8,149.0,0.0,194.34,2332.11,Monthly,2026-12-01,Active
2025-08-01,CUST-0224,Starter,7,149.0,0.0,180.54,2166.48,Monthly,2026-12-01,Active
2025-09-01,CUST-0224,Starter,8,149.0,0.0,195.3,2343.57,Monthly,2026-12-01,Active
2025-10-01,CUST-0224,Starter,8,149.0,0.0,195.77,2349.3,Monthly,2026-12-01,Active
2025-11-01,CUST-0224,Starter,9,149.0,0.0,210.64,2527.65,Monthly,2026-12-01,Active
2025-12-01,CUST-0224,Starter,9,149.0,0.0,211.15,2533.8,Monthly,2026-12-01,Active
2026-01-01,CUST-0224,Starter,8,149.0,0.0,197.21,2366.49,Monthly,2027-12-01,Active
2026-02-01,CUST-0224,Starter,8,149.0,0.0,197.68,2372.22,Monthly,2027-12-01,Active
2026-03-01,CUST-0224,Starter,8,149.0,0.0,198.16,2377.95,Monthly,2027-12-01,Active
2026-04-01,CUST-0224,Starter,9,149.0,0.0,213.2,2558.4,Monthly,2027-12-01,Active
2026-05-01,CUST-0224,Starter,9,149.0,0.0,213.71,2564.55,Monthly,2027-12-01,Active
2026-06-01,CUST-0224,Starter,9,149.0,0.0,214.22,2570.7,Monthly,2027-12-01,Active
2025-01-01,CUST-0225,Enterprise,100,2499.0,0.13,2195.87,26350.46,Annual,2026-09-01,Active
2025-02-01,CUST-0225,Enterprise,100,2499.0,0.13,2201.31,26415.68,Annual,2026-09-01,Active
2025-03-01,CUST-0225,Enterprise,100,2499.0,0.13,2206.74,26480.9,Annual,2026-09-01,Active
2025-04-01,CUST-0225,Enterprise,100,2499.0,0.13,2212.18,26546.13,Annual,2026-09-01,Active
2025-05-01,CUST-0225,Enterprise,100,2499.0,0.13,2217.61,26611.35,Annual,2026-09-01,Active
2025-06-01,CUST-0225,Enterprise,100,2499.0,0.13,2223.05,26676.58,Annual,2026-09-01,Active
2025-07-01,CUST-0225,Enterprise,100,2499.0,0.13,2228.48,26741.8,Annual,2026-09-01,Active
2025-08-01,CUST-0225,Enterprise,100,2499.0,0.13,2233.92,26807.02,Annual,2026-09-01,Active
2025-09-01,CUST-0225,Enterprise,100,2499.0,0.13,2239.35,26872.25,Annual,2026-09-01,Active
2025-10-01,CUST-0225,Enterprise,100,2499.0,0.13,2244.79,26937.47,Annual,2026-09-01,Active
2025-11-01,CUST-0225,Enterprise,100,2499.0,0.13,2250.22,27002.69,Annual,2026-09-01,Active
2025-12-01,CUST-0225,Enterprise,100,2499.0,0.13,2255.66,27067.92,Annual,2026-09-01,Active
2026-01-01,CUST-0225,Enterprise,100,2499.0,0.13,2261.1,27133.14,Annual,2027-09-01,Active
2026-02-01,CUST-0225,Enterprise,100,2499.0,0.13,2266.53,27198.37,Annual,2027-09-01,Active
2026-03-01,CUST-0225,Enterprise,100,2499.0,0.13,2271.97,27263.59,Annual,2027-09-01,Active
2026-04-01,CUST-0225,Enterprise,100,2499.0,0.13,2277.4,27328.81,Annual,2027-09-01,Active
2026-05-01,CUST-0225,Enterprise,100,2499.0,0.13,2282.84,27394.04,Annual,2027-09-01,Active
2026-06-01,CUST-0225,Enterprise,100,2499.0,0.13,2288.27,27459.26,Annual,2027-09-01,Active
2025-01-01,CUST-0226,Starter,12,149.0,0.0,251.94,3023.28,Monthly,2026-05-01,Active
2025-02-01,CUST-0226,Starter,13,149.0,0.0,266.87,3202.47,Monthly,2026-05-01,Active
2025-03-01,CUST-0226,Starter,13,149.0,0.0,267.52,3210.3,Monthly,2026-05-01,Active
2025-04-01,CUST-0226,Starter,13,149.0,0.0,268.18,3218.13,Monthly,2026-05-01,Active
2025-05-01,CUST-0226,Starter,14,149.0,0.0,283.25,3399.0,Monthly,2026-05-01,Active
2025-06-01,CUST-0226,Starter,12,149.0,0.0,255.03,3060.33,Monthly,2026-05-01,Active
2025-07-01,CUST-0226,Starter,12,149.0,0.0,255.64,3067.74,Monthly,2026-05-01,Active
2025-08-01,CUST-0226,Starter,12,149.0,0.0,256.26,3075.15,Monthly,2026-05-01,Active
2025-09-01,CUST-0226,Starter,13,149.0,0.0,271.44,3257.28,Monthly,2026-05-01,Active
2025-10-01,CUST-0226,Starter,12,149.0,0.0,257.5,3089.97,Monthly,2026-05-01,Active
2025-11-01,CUST-0226,Starter,13,149.0,0.0,272.75,3272.94,Monthly,2026-05-01,Active
2025-12-01,CUST-0226,Starter,13,149.0,0.0,273.4,3280.77,Monthly,2026-05-01,Active
2026-01-01,CUST-0226,Starter,13,149.0,0.0,274.05,3288.6,Monthly,2027-05-01,Active
2026-02-01,CUST-0226,Starter,14,149.0,0.0,289.44,3473.25,Monthly,2027-05-01,Active
2026-03-01,CUST-0226,Starter,13,149.0,0.0,275.35,3304.26,Monthly,2027-05-01,Active
2026-04-01,CUST-0226,Starter,13,149.0,0.0,276.01,3312.09,Monthly,2027-05-01,Active
2026-05-01,CUST-0226,Starter,13,149.0,0.0,276.66,3319.92,Monthly,2027-05-01,Active
2026-06-01,CUST-0226,Starter,14,149.0,0.0,292.19,3506.25,Monthly,2027-05-01,Active
2025-01-01,CUST-0227,Enterprise,237,2499.0,0.13,5869.02,70428.24,Annual,2026-01-01,Active
2025-02-01,CUST-0227,Enterprise,233,2499.0,0.13,5775.54,69306.51,Annual,2026-01-01,Active
2025-03-01,CUST-0227,Enterprise,254,2499.0,0.13,6359.15,76309.77,Annual,2026-01-01,Active
2025-04-01,CUST-0227,Enterprise,246,2499.0,0.13,6157.59,73891.06,Annual,2026-01-01,Active
2025-05-01,CUST-0227,Enterprise,257,2499.0,0.13,6472.5,77670.05,Annual,2026-01-01,Active
2025-06-01,CUST-0227,Enterprise,272,2499.0,0.13,6898.13,82777.59,Annual,2026-01-01,Active
2025-07-01,CUST-0227,Enterprise,239,2499.0,0.13,6011.8,72141.65,Annual,2026-01-01,Active
2025-08-01,CUST-0227,Enterprise,239,2499.0,0.13,6026.61,72319.34,Annual,2026-01-01,Active
2025-09-01,CUST-0227,Enterprise,275,2499.0,0.13,7031.76,84381.09,Annual,2026-01-01,Active
2025-10-01,CUST-0227,Enterprise,264,2499.0,0.13,6745.65,80947.77,Annual,2026-01-01,Active
2025-11-01,CUST-0227,Enterprise,271,2499.0,0.13,6955.65,83467.8,Annual,2026-01-01,Active
2025-12-01,CUST-0227,Enterprise,284,2499.0,0.13,7332.87,87994.4,Annual,2026-01-01,Active
2026-01-01,CUST-0227,Enterprise,289,2499.0,0.13,7489.6,89875.25,Annual,2027-01-01,Active
2026-02-01,CUST-0227,Enterprise,296,2499.0,0.13,7702.71,92432.5,Annual,2027-01-01,Active
2026-03-01,CUST-0227,Enterprise,307,2499.0,0.13,8028.41,96340.95,Annual,2027-01-01,Active
2026-04-01,CUST-0227,Enterprise,329,2499.0,0.13,8663.39,103960.74,Annual,2027-01-01,Active
2026-05-01,CUST-0227,Enterprise,309,2499.0,0.13,8123.29,97479.53,Annual,2027-01-01,Active
2026-06-01,CUST-0227,Enterprise,309,2499.0,0.13,8142.82,97713.86,Annual,2027-01-01,Active
2025-01-01,CUST-0228,Enterprise,227,2499.0,0.0,6548.63,78583.56,Monthly,2026-06-01,Active
2025-02-01,CUST-0228,Enterprise,259,2499.0,0.0,7576.56,90918.72,Monthly,2026-06-01,Active
2025-03-01,CUST-0228,Enterprise,254,2499.0,0.0,7436.64,89239.71,Monthly,2026-06-01,Active
2025-04-01,CUST-0228,Enterprise,284,2499.0,0.0,8408.07,100896.9,Monthly,2026-06-01,Active
2025-05-01,CUST-0228,Enterprise,256,2499.0,0.0,7536.71,90440.55,Monthly,2026-06-01,Active
2025-06-01,CUST-0228,Enterprise,251,2499.0,0.0,7395.4,88744.8,Monthly,2026-06-01,Active
2025-07-01,CUST-0228,Enterprise,274,2499.0,0.0,8149.52,97794.27,Monthly,2026-06-01,Active
2025-08-01,CUST-0228,Enterprise,280,2499.0,0.0,8361.76,100341.18,Monthly,2026-06-01,Active
2025-09-01,CUST-0228,Enterprise,270,2499.0,0.0,8060.34,96724.05,Monthly,2026-06-01,Active
2025-10-01,CUST-0228,Enterprise,288,2499.0,0.0,8660.08,103920.96,Monthly,2026-06-01,Active
2025-11-01,CUST-0228,Enterprise,282,2499.0,0.0,8486.99,101843.91,Monthly,2026-06-01,Active
2025-12-01,CUST-0228,Enterprise,295,2499.0,0.0,8928.48,107141.76,Monthly,2026-06-01,Active
2026-01-01,CUST-0228,Enterprise,300,2499.0,0.0,9112.2,109346.43,Monthly,2027-06-01,Active
2026-02-01,CUST-0228,Enterprise,322,2499.0,0.0,9850.05,118200.6,Monthly,2027-06-01,Active
2026-03-01,CUST-0228,Enterprise,329,2499.0,0.0,10101.9,121222.74,Monthly,2027-06-01,Active
2026-04-01,CUST-0228,Enterprise,321,2499.0,0.0,9864.25,118371.0,Monthly,2027-06-01,Active
2026-05-01,CUST-0228,Enterprise,316,2499.0,0.0,9723.71,116684.55,Monthly,2027-06-01,Active
2026-06-01,CUST-0228,Enterprise,340,2499.0,0.0,10535.34,126424.08,Monthly,2027-06-01,Active
2025-05-01,CUST-0229,Starter,15,149.0,0.0,289.0,3468.0,Monthly,2026-05-01,Active
2025-06-01,CUST-0229,Starter,14,149.0,0.0,275.69,3308.25,Monthly,2026-05-01,Active
2025-07-01,CUST-0229,Starter,14,149.0,0.0,276.37,3316.5,Monthly,2026-05-01,Active
2025-08-01,CUST-0229,Starter,14,149.0,0.0,277.06,3324.75,Monthly,2026-05-01,Active
2025-09-01,CUST-0229,Starter,13,149.0,0.0,263.61,3163.32,Monthly,2026-05-01,Active
2025-10-01,CUST-0229,Starter,13,149.0,0.0,264.26,3171.15,Monthly,2026-05-01,Active
2025-11-01,CUST-0229,Starter,15,149.0,0.0,293.33,3520.02,Monthly,2026-05-01,Active
2025-12-01,CUST-0229,Starter,15,149.0,0.0,294.06,3528.69,Monthly,2026-05-01,Active
2026-01-01,CUST-0229,Starter,14,149.0,0.0,280.5,3366.0,Monthly,2027-05-01,Active
2026-02-01,CUST-0229,Starter,15,149.0,0.0,295.5,3546.03,Monthly,2027-05-01,Active
2026-03-01,CUST-0229,Starter,14,149.0,0.0,281.88,3382.5,Monthly,2027-05-01,Active
2026-04-01,CUST-0229,Starter,15,149.0,0.0,296.95,3563.37,Monthly,2027-05-01,Active
2026-05-01,CUST-0229,Starter,16,149.0,0.0,312.09,3745.08,Monthly,2027-05-01,Active
2026-06-01,CUST-0229,Starter,15,149.0,0.0,298.39,3580.71,Monthly,2027-05-01,Active
2025-01-01,CUST-0230,Enterprise,259,2499.0,0.13,6591.61,79099.29,Annual,2026-05-01,Active
2025-02-01,CUST-0230,Enterprise,275,2499.0,0.13,7048.99,84587.91,Annual,2026-05-01,Active
2025-03-01,CUST-0230,Enterprise,298,2499.0,0.13,7702.04,92424.54,Annual,2026-05-01,Active
2025-04-01,CUST-0230,Enterprise,302,2499.0,0.13,7831.68,93980.12,Annual,2026-05-01,Active
2025-05-01,CUST-0230,Enterprise,335,2499.0,0.13,8767.44,105209.31,Annual,2026-05-01,Active
2025-06-01,CUST-0230,Enterprise,295,2499.0,0.13,7674.86,92098.34,Annual,2026-05-01,Active
2025-07-01,CUST-0230,Enterprise,281,2499.0,0.13,7302.65,87631.79,Annual,2026-05-01,Active
2025-08-01,CUST-0230,Enterprise,297,2499.0,0.13,7767.99,93215.89,Annual,2026-05-01,Active
2025-09-01,CUST-0230,Enterprise,304,2499.0,0.13,7983.05,95796.6,Annual,2026-05-01,Active
2025-10-01,CUST-0230,Enterprise,308,2499.0,0.13,8114.71,97376.46,Annual,2026-05-01,Active
2025-11-01,CUST-0230,Enterprise,316,2499.0,0.13,8359.63,100315.61,Annual,2026-05-01,Active
2025-12-01,CUST-0230,Enterprise,308,2499.0,0.13,8153.62,97843.5,Annual,2026-05-01,Active
2026-01-01,CUST-0230,Enterprise,332,2499.0,0.13,8852.73,106232.74,Annual,2027-05-01,Active
2026-02-01,CUST-0230,Enterprise,361,2499.0,0.13,9697.0,116363.98,Annual,2027-05-01,Active
2026-03-01,CUST-0230,Enterprise,340,2499.0,0.13,9122.51,109470.13,Annual,2027-05-01,Active
2026-04-01,CUST-0230,Enterprise,339,2499.0,0.13,9115.61,109387.29,Annual,2027-05-01,Active
2026-05-01,CUST-0230,Enterprise,361,2499.0,0.13,9766.1,117193.18,Annual,2027-05-01,Active
2026-06-01,CUST-0230,Enterprise,378,2499.0,0.13,10276.28,123315.32,Annual,2027-05-01,Active
2025-04-01,CUST-0231,Starter,7,149.0,0.0,177.0,2124.0,Monthly,2026-04-01,Active
2025-05-01,CUST-0231,Starter,7,149.0,0.0,177.44,2129.31,Monthly,2026-04-01,Active
2025-06-01,CUST-0231,Starter,8,149.0,0.0,191.95,2303.46,Monthly,2026-04-01,Active
2025-07-01,CUST-0231,Starter,8,149.0,0.0,192.43,2309.19,Monthly,2026-04-01,Active
2025-08-01,CUST-0231,Starter,8,149.0,0.0,192.91,2314.92,Monthly,2026-04-01,Active
2025-09-01,CUST-0231,Starter,8,149.0,0.0,193.39,2320.65,Monthly,2026-04-01,Active
2025-10-01,CUST-0231,Starter,8,149.0,0.0,193.86,2326.38,Monthly,2026-04-01,Active
2025-11-01,CUST-0231,Starter,7,149.0,0.0,180.1,2161.17,Monthly,2026-04-01,Active
2025-12-01,CUST-0231,Starter,8,149.0,0.0,194.82,2337.84,Monthly,2026-04-01,Active
2026-01-01,CUST-0231,Starter,8,149.0,0.0,195.3,2343.57,Monthly,2027-04-01,Active
2026-02-01,CUST-0231,Starter,8,149.0,0.0,195.77,2349.3,Monthly,2027-04-01,Active
2026-03-01,CUST-0231,Starter,8,149.0,0.0,196.25,2355.03,Monthly,2027-04-01,Active
2026-04-01,CUST-0231,Starter,8,149.0,0.0,196.73,2360.76,Monthly,2027-04-01,Active
2026-05-01,CUST-0231,Starter,8,149.0,0.0,197.21,2366.49,Monthly,2027-04-01,Active
2026-06-01,CUST-0231,Starter,8,149.0,0.0,197.68,2372.22,Monthly,2027-04-01,Active
2025-02-01,CUST-0232,Starter,17,149.0,0.1,285.3,3423.6,Annual,2026-02-01,Active
2025-03-01,CUST-0232,Starter,16,149.0,0.1,273.38,3280.58,Annual,2026-02-01,Active
2025-04-01,CUST-0232,Starter,17,149.0,0.1,286.73,3440.72,Annual,2026-02-01,Active
2025-05-01,CUST-0232,Starter,17,149.0,0.1,287.44,3449.28,Annual,2026-02-01,Active
2025-06-01,CUST-0232,Starter,16,149.0,0.1,275.43,3305.12,Annual,2026-02-01,Active
2025-07-01,CUST-0232,Starter,16,149.0,0.1,276.11,3313.3,Annual,2026-02-01,Active
2025-08-01,CUST-0232,Starter,16,149.0,0.1,276.79,3321.49,Annual,2026-02-01,Active
2025-09-01,CUST-0232,Starter,15,149.0,0.1,264.65,3175.82,Annual,2026-02-01,Active
2025-10-01,CUST-0232,Starter,16,149.0,0.1,278.15,3337.85,Annual,2026-02-01,Active
2025-11-01,CUST-0232,Starter,16,149.0,0.1,278.84,3346.03,Annual,2026-02-01,Active
2025-12-01,CUST-0232,Starter,16,149.0,0.1,279.52,3354.21,Annual,2026-02-01,Active
2026-01-01,CUST-0232,Professional,25,599.0,0.1,553.93,6647.1,Annual,2027-02-01,Active
2026-02-01,CUST-0232,Professional,25,599.0,0.1,555.27,6663.28,Annual,2027-02-01,Active
2026-03-01,CUST-0232,Professional,25,599.0,0.1,556.62,6679.45,Annual,2027-02-01,Active
2026-04-01,CUST-0232,Professional,25,599.0,0.1,557.97,6695.62,Annual,2027-02-01,Active
2026-05-01,CUST-0232,Professional,25,599.0,0.1,559.32,6711.8,Annual,2027-02-01,Active
2026-06-01,CUST-0232,Professional,25,599.0,0.1,560.66,6727.97,Annual,2027-02-01,Active
2025-05-01,CUST-0233,Professional,239,599.0,0.1,4776.3,57315.6,Annual,2026-05-01,Active
2025-06-01,CUST-0233,Professional,243,599.0,0.1,4867.64,58411.67,Annual,2026-05-01,Active
2025-07-01,CUST-0233,Professional,256,599.0,0.1,5138.46,61661.57,Annual,2026-05-01,Active
2025-08-01,CUST-0233,Professional,242,599.0,0.1,4871.97,58463.61,Annual,2026-05-01,Active
2025-09-01,CUST-0233,Professional,226,599.0,0.1,4564.09,54769.07,Annual,2026-05-01,Active
2025-10-01,CUST-0233,Professional,276,599.0,0.1,5577.76,66933.14,Annual,2026-05-01,Active
2025-11-01,CUST-0233,Professional,266,599.0,0.1,5390.56,64686.76,Annual,2026-05-01,Active
2025-12-01,CUST-0233,Professional,271,599.0,0.1,5504.57,66054.88,Annual,2026-05-01,Active
2026-01-01,CUST-0233,Professional,275,599.0,0.1,5598.88,67186.58,Annual,2027-05-01,Active
2026-02-01,CUST-0233,Professional,269,599.0,0.1,5491.13,65893.58,Annual,2027-05-01,Active
2026-03-01,CUST-0233,Professional,289,599.0,0.1,5910.46,70925.49,Annual,2027-05-01,Active
2026-04-01,CUST-0233,Professional,290,599.0,0.1,5945.22,71342.61,Annual,2027-05-01,Active
2026-05-01,CUST-0233,Professional,281,599.0,0.1,5776.14,69313.64,Annual,2027-05-01,Active
2026-06-01,CUST-0233,Professional,282,599.0,0.1,5810.6,69727.2,Annual,2027-05-01,Active
2025-07-01,CUST-0234,Starter,17,149.0,0.1,285.3,3423.6,Annual,2026-07-01,Active
2025-08-01,CUST-0234,Starter,17,149.0,0.1,286.01,3432.16,Annual,2026-07-01,Active
2025-09-01,CUST-0234,Starter,16,149.0,0.1,274.06,3288.76,Annual,2026-07-01,Active
2025-10-01,CUST-0234,Starter,16,149.0,0.1,274.75,3296.94,Annual,2026-07-01,Active
2025-11-01,CUST-0234,Starter,17,149.0,0.1,288.15,3457.84,Annual,2026-07-01,Active
2025-12-01,CUST-0234,Starter,18,149.0,0.1,301.62,3619.49,Annual,2026-07-01,Active
2026-01-01,CUST-0234,Starter,18,149.0,0.1,302.37,3628.42,Annual,2027-07-01,Active
2026-02-01,CUST-0234,Starter,18,149.0,0.1,303.11,3637.36,Annual,2027-07-01,Active
2026-03-01,CUST-0234,Starter,18,149.0,0.1,303.86,3646.3,Annual,2027-07-01,Active
2026-04-01,CUST-0234,Starter,18,149.0,0.1,304.6,3655.23,Annual,2027-07-01,Active
2026-05-01,CUST-0234,Starter,18,149.0,0.1,305.35,3664.17,Annual,2027-07-01,Active
2026-06-01,CUST-0234,Starter,20,149.0,0.1,331.99,3983.82,Annual,2027-07-01,Active
2025-01-01,CUST-0235,Starter,9,149.0,0.1,188.65,2263.82,Annual,2026-04-01,Active
2025-02-01,CUST-0235,Starter,10,149.0,0.1,202.03,2424.33,Annual,2026-04-01,Active
2025-03-01,CUST-0235,Starter,9,149.0,0.1,189.57,2274.89,Annual,2026-04-01,Active
2025-04-01,CUST-0235,Starter,9,149.0,0.1,190.03,2280.42,Annual,2026-04-01,Active
2025-05-01,CUST-0235,Starter,9,149.0,0.1,190.5,2285.95,Annual,2026-04-01,Active
2025-06-01,CUST-0235,Starter,9,149.0,0.1,190.96,2291.49,Annual,2026-04-01,Active
2025-07-01,CUST-0235,Starter,9,149.0,0.1,191.42,2297.03,Annual,2026-04-01,Active
2025-08-01,CUST-0235,Starter,10,149.0,0.1,204.98,2459.81,Annual,2026-04-01,Active
2025-09-01,CUST-0235,Starter,10,149.0,0.1,205.48,2465.72,Annual,2026-04-01,Active
2025-10-01,CUST-0235,Starter,9,149.0,0.1,192.8,2313.63,Annual,2026-04-01,Active
2025-11-01,CUST-0235,Starter,9,149.0,0.1,193.26,2319.16,Annual,2026-04-01,Active
2025-12-01,CUST-0235,Starter,10,149.0,0.1,206.96,2483.46,Annual,2026-04-01,Active
2026-01-01,CUST-0235,Starter,10,149.0,0.1,207.45,2489.37,Annual,2027-04-01,Active
2026-02-01,CUST-0235,Starter,10,149.0,0.1,207.94,2495.29,Annual,2027-04-01,Active
2026-03-01,CUST-0235,Starter,10,149.0,0.1,208.43,2501.2,Annual,2027-04-01,Active
2026-04-01,CUST-0235,Starter,10,149.0,0.1,208.93,2507.11,Annual,2027-04-01,Active
2026-05-01,CUST-0235,Starter,10,149.0,0.1,209.42,2513.02,Annual,2027-04-01,Active
2026-06-01,CUST-0235,Starter,10,149.0,0.1,209.91,2518.94,Annual,2027-04-01,Active
2025-12-01,CUST-0236,Starter,15,149.0,0.0,289.0,3468.0,Monthly,2026-12-01,Active
2026-01-01,CUST-0236,Starter,15,149.0,0.0,289.72,3476.67,Monthly,2027-12-01,Active
2026-02-01,CUST-0236,Starter,15,149.0,0.0,290.44,3485.34,Monthly,2027-12-01,Active
2026-03-01,CUST-0236,Starter,17,149.0,0.0,319.38,3832.53,Monthly,2027-12-01,Active
2026-04-01,CUST-0236,Starter,16,149.0,0.0,306.03,3672.36,Monthly,2027-12-01,Active
2026-05-01,CUST-0236,Starter,16,149.0,0.0,306.79,3681.45,Monthly,2027-12-01,Active
2026-06-01,CUST-0236,Starter,15,149.0,0.0,293.33,3520.02,Monthly,2027-12-01,Active
2026-02-01,CUST-0237,Professional,30,599.0,0.0,709.0,8508.0,Monthly,2027-02-01,Active
2026-03-01,CUST-0237,Professional,30,599.0,0.0,710.77,8529.27,Monthly,2027-02-01,Active
2026-04-01,CUST-0237,Professional,30,599.0,0.0,712.54,8550.54,Monthly,2027-02-01,Active
2026-05-01,CUST-0237,Professional,32,599.0,0.0,758.65,9103.77,Monthly,2027-02-01,Active
2026-06-01,CUST-0237,Professional,31,599.0,0.0,738.31,8859.72,Monthly,2027-02-01,Active
2025-11-01,CUST-0238,Starter,69,149.0,0.1,940.5,11286.0,Annual,2026-11-01,Active
2025-12-01,CUST-0238,Starter,76,149.0,0.1,1031.27,12375.26,Annual,2026-11-01,Active
2026-01-01,CUST-0238,Starter,85,149.0,0.1,1147.81,13773.73,Annual,2027-11-01,Active
2026-02-01,CUST-0238,Starter,85,149.0,0.1,1150.67,13807.99,Annual,2027-11-01,Active
2026-03-01,CUST-0238,Starter,89,149.0,0.1,1204.42,14453.1,Annual,2027-11-01,Active
2026-04-01,CUST-0238,Starter,81,149.0,0.1,1105.35,13264.16,Annual,2027-11-01,Active
2026-05-01,CUST-0238,Starter,87,149.0,0.1,1184.81,14217.71,Annual,2027-11-01,Active
2026-06-01,CUST-0238,Starter,83,149.0,0.1,1136.45,13637.35,Annual,2027-11-01,Active
2025-01-01,CUST-0239,Starter,15,149.0,0.0,289.0,3468.0,Monthly,2026-01-01,Active
2025-02-01,CUST-0239,Starter,15,149.0,0.0,289.72,3476.67,Monthly,2026-01-01,Active
2025-03-01,CUST-0239,Starter,16,149.0,0.0,304.51,3654.18,Monthly,2026-01-01,Active
2025-04-01,CUST-0239,Starter,16,149.0,0.0,305.27,3663.27,Monthly,2026-01-01,Active
2025-05-01,CUST-0239,Starter,16,149.0,0.0,306.03,3672.36,Monthly,2026-01-01,Active
2025-06-01,CUST-0239,Starter,17,149.0,0.0,320.96,3851.55,Monthly,2026-01-01,Active
2025-07-01,CUST-0239,Starter,16,149.0,0.0,307.54,3690.54,Monthly,2026-01-01,Active
2025-08-01,CUST-0239,Starter,15,149.0,0.0,294.06,3528.69,Monthly,2026-01-01,Active
2025-09-01,CUST-0239,Starter,17,149.0,0.0,323.34,3880.08,Monthly,2026-01-01,Active
2025-10-01,CUST-0239,Starter,15,149.0,0.0,295.5,3546.03,Monthly,2026-01-01,Active
2025-11-01,CUST-0239,Starter,17,149.0,0.0,324.92,3899.1,Monthly,2026-01-01,Active
2025-12-01,CUST-0239,Professional,25,599.0,0.0,615.47,7385.67,Monthly,2026-01-01,Active
2026-01-01,CUST-0239,Professional,25,599.0,0.0,616.97,7403.64,Monthly,2027-01-01,Active
2026-02-01,CUST-0239,Professional,25,599.0,0.0,618.47,7421.61,Monthly,2027-01-01,Active
2026-03-01,CUST-0239,Professional,25,599.0,0.0,619.96,7439.58,Monthly,2027-01-01,Active
2026-04-01,CUST-0239,Professional,25,599.0,0.0,621.46,7457.55,Monthly,2027-01-01,Active
2026-05-01,CUST-0239,Professional,25,599.0,0.0,622.96,7475.52,Monthly,2027-01-01,Active
2026-06-01,CUST-0239,Professional,25,599.0,0.0,624.46,7493.49,Monthly,2027-01-01,Active
2025-05-01,CUST-0240,Professional,31,599.0,0.1,657.9,7894.8,Annual,2026-05-01,Active
2025-06-01,CUST-0240,Professional,34,599.0,0.1,719.09,8629.12,Annual,2026-05-01,Active
2025-07-01,CUST-0240,Professional,31,599.0,0.1,661.19,7934.27,Annual,2026-05-01,Active
2025-08-01,CUST-0240,Professional,32,599.0,0.1,682.78,8193.39,Annual,2026-05-01,Active
2025-09-01,CUST-0240,Professional,32,599.0,0.1,684.48,8213.72,Annual,2026-05-01,Active
2025-10-01,CUST-0240,Professional,30,599.0,0.1,646.08,7752.91,Annual,2026-05-01,Active
2025-11-01,CUST-0240,Professional,32,599.0,0.1,687.87,8254.39,Annual,2026-05-01,Active
2025-12-01,CUST-0240,Professional,36,599.0,0.1,770.15,9241.75,Annual,2026-05-01,Active
2026-01-01,CUST-0240,Professional,34,599.0,0.1,731.65,8779.75,Annual,2027-05-01,Active
2026-02-01,CUST-0240,Professional,35,599.0,0.1,753.68,9044.22,Annual,2027-05-01,Active
2026-03-01,CUST-0240,Professional,36,599.0,0.1,775.82,9309.87,Annual,2027-05-01,Active
2026-04-01,CUST-0240,Professional,35,599.0,0.1,757.37,9088.44,Annual,2027-05-01,Active
2026-05-01,CUST-0240,Professional,37,599.0,0.1,800.0,9600.01,Annual,2027-05-01,Active
2026-06-01,CUST-0240,Professional,39,599.0,0.1,842.83,10113.96,Annual,2027-05-01,Active
2026-02-01,CUST-0241,Enterprise,133,2499.0,0.13,3064.14,36769.68,Annual,2027-02-01,Active
2026-03-01,CUST-0241,Enterprise,145,2499.0,0.13,3396.25,40754.99,Annual,2027-02-01,Active
2026-04-01,CUST-0241,Enterprise,163,2499.0,0.13,3892.61,46711.27,Annual,2027-02-01,Active
2026-05-01,CUST-0241,Enterprise,156,2499.0,0.13,3712.08,44545.0,Annual,2027-02-01,Active
2026-06-01,CUST-0241,Enterprise,152,2499.0,0.13,3612.34,43348.03,Annual,2027-02-01,Active
2025-01-01,CUST-0242,Starter,9,149.0,0.1,184.5,2214.0,Annual,2026-01-01,Active
2025-02-01,CUST-0242,Starter,10,149.0,0.1,197.59,2371.11,Annual,2026-01-01,Active
2025-03-01,CUST-0242,Starter,10,149.0,0.1,198.09,2377.03,Annual,2026-01-01,Active
2025-04-01,CUST-0242,Starter,9,149.0,0.1,185.88,2230.61,Annual,2026-01-01,Active
2025-05-01,CUST-0242,Starter,10,149.0,0.1,199.07,2388.85,Annual,2026-01-01,Active
2025-06-01,CUST-0242,Starter,10,149.0,0.1,199.56,2394.76,Annual,2026-01-01,Active
2025-07-01,CUST-0242,Starter,9,149.0,0.1,187.27,2247.21,Annual,2026-01-01,Active
2025-08-01,CUST-0242,Starter,10,149.0,0.1,200.55,2406.59,Annual,2026-01-01,Active
2025-09-01,CUST-0242,Starter,9,149.0,0.1,188.19,2258.28,Annual,2026-01-01,Active
2025-10-01,CUST-0242,Starter,10,149.0,0.1,201.53,2418.42,Annual,2026-01-01,Active
2025-11-01,CUST-0242,Starter,9,149.0,0.1,189.11,2269.35,Annual,2026-01-01,Active
2025-12-01,CUST-0242,Starter,10,149.0,0.1,202.52,2430.24,Annual,2026-01-01,Active
2026-01-01,CUST-0242,Starter,11,149.0,0.1,215.99,2591.89,Annual,2027-01-01,Active
2026-02-01,CUST-0242,Starter,10,149.0,0.1,203.51,2442.07,Annual,2027-01-01,Active
2026-03-01,CUST-0242,Starter,11,149.0,0.1,217.04,2604.47,Annual,2027-01-01,Active
2026-04-01,CUST-0242,Starter,11,149.0,0.1,217.56,2610.77,Annual,2027-01-01,Active
2026-05-01,CUST-0242,Starter,11,149.0,0.1,218.09,2617.06,Annual,2027-01-01,Active
2026-06-01,CUST-0242,Starter,11,149.0,0.1,218.61,2623.35,Annual,2027-01-01,Active
2025-04-01,CUST-0243,Enterprise,135,2499.0,0.0,3584.0,43008.0,Monthly,2026-04-01,Active
2025-05-01,CUST-0243,Enterprise,143,2499.0,0.0,3841.58,46098.96,Monthly,2026-04-01,Active
2025-06-01,CUST-0243,Enterprise,138,2499.0,0.0,3695.38,44344.62,Monthly,2026-04-01,Active
2025-07-01,CUST-0243,Enterprise,144,2499.0,0.0,3891.97,46703.67,Monthly,2026-04-01,Active
2025-08-01,CUST-0243,Enterprise,134,2499.0,0.0,3588.53,43062.36,Monthly,2026-04-01,Active
2025-09-01,CUST-0243,Enterprise,130,2499.0,0.0,3471.86,41662.35,Monthly,2026-04-01,Active
2025-10-01,CUST-0243,Enterprise,138,2499.0,0.0,3732.15,44785.86,Monthly,2026-04-01,Active
2025-11-01,CUST-0243,Enterprise,145,2499.0,0.0,3962.15,47545.74,Monthly,2026-04-01,Active
2025-12-01,CUST-0243,Enterprise,152,2499.0,0.0,4193.22,50318.64,Monthly,2026-04-01,Active
2026-01-01,CUST-0243,Enterprise,151,2499.0,0.0,4171.8,50061.6,Monthly,2027-04-01,Active
2026-02-01,CUST-0243,Enterprise,156,2499.0,0.0,4340.88,52090.5,Monthly,2027-04-01,Active
2026-03-01,CUST-0243,Enterprise,149,2499.0,0.0,4128.49,49541.94,Monthly,2027-04-01,Active
2026-04-01,CUST-0243,Enterprise,167,2499.0,0.0,4713.28,56559.36,Monthly,2027-04-01,Active
2026-05-01,CUST-0243,Enterprise,176,2499.0,0.0,5012.79,60153.45,Monthly,2027-04-01,Active
2026-06-01,CUST-0243,Enterprise,171,2499.0,0.0,4864.5,58374.0,Monthly,2027-04-01,Active
2025-01-01,CUST-0244,Professional,25,599.0,0.0,609.48,7313.79,Monthly,2026-06-01,Active
2025-02-01,CUST-0244,Professional,25,599.0,0.0,610.98,7331.76,Monthly,2026-06-01,Active
2025-03-01,CUST-0244,Professional,25,599.0,0.0,612.48,7349.73,Monthly,2026-06-01,Active
2025-04-01,CUST-0244,Professional,25,599.0,0.0,613.97,7367.7,Monthly,2026-06-01,Active
2026-02-01,CUST-0245,Professional,25,599.0,0.1,539.1,6469.2,Annual,2027-02-01,Active
2026-03-01,CUST-0245,Professional,25,599.0,0.1,540.45,6485.37,Annual,2027-02-01,Active
2026-04-01,CUST-0245,Professional,25,599.0,0.1,541.8,6501.55,Annual,2027-02-01,Active
2026-05-01,CUST-0245,Professional,25,599.0,0.1,543.14,6517.72,Annual,2027-02-01,Active
2026-06-01,CUST-0245,Professional,25,599.0,0.1,544.49,6533.89,Annual,2027-02-01,Active
2025-01-01,CUST-0246,Starter,10,149.0,0.1,202.03,2424.33,Annual,2026-03-01,Active
2025-02-01,CUST-0246,Starter,11,149.0,0.1,215.47,2585.6,Annual,2026-03-01,Active
2025-03-01,CUST-0246,Starter,11,149.0,0.1,215.99,2591.89,Annual,2026-03-01,Active
2025-04-01,CUST-0246,Starter,11,149.0,0.1,216.52,2598.18,Annual,2026-03-01,Active
2025-05-01,CUST-0246,Starter,12,149.0,0.1,230.08,2760.97,Annual,2026-03-01,Active
2025-06-01,CUST-0246,Starter,12,149.0,0.1,230.64,2767.64,Annual,2026-03-01,Active
2025-07-01,CUST-0246,Starter,11,149.0,0.1,218.09,2617.06,Annual,2026-03-01,Active
2025-08-01,CUST-0246,Starter,12,149.0,0.1,231.75,2780.97,Annual,2026-03-01,Active
2025-09-01,CUST-0246,Starter,12,149.0,0.1,232.3,2787.64,Annual,2026-03-01,Active
2025-10-01,CUST-0246,Starter,11,149.0,0.1,219.66,2635.93,Annual,2026-03-01,Active
2025-11-01,CUST-0246,Starter,12,149.0,0.1,233.42,2800.98,Annual,2026-03-01,Active
2025-12-01,CUST-0246,Starter,12,149.0,0.1,233.97,2807.65,Annual,2026-03-01,Active
2026-01-01,CUST-0246,Starter,12,149.0,0.1,234.53,2814.32,Annual,2027-03-01,Active
2026-02-01,CUST-0246,Starter,12,149.0,0.1,235.08,2820.99,Annual,2027-03-01,Active
2026-03-01,CUST-0246,Professional,25,599.0,0.1,571.45,6857.35,Annual,2027-03-01,Active
2026-04-01,CUST-0246,Professional,25,599.0,0.1,572.79,6873.53,Annual,2027-03-01,Active
2026-05-01,CUST-0246,Professional,25,599.0,0.1,574.14,6889.7,Annual,2027-03-01,Active
2026-06-01,CUST-0246,Professional,25,599.0,0.1,575.49,6905.87,Annual,2027-03-01,Active
2025-01-01,CUST-0247,Enterprise,183,2499.0,0.12,4563.79,54765.43,Monthly,2026-04-01,Active
2025-02-01,CUST-0247,Enterprise,171,2499.0,0.12,4239.4,50872.8,Monthly,2026-04-01,Active
2025-03-01,CUST-0247,Enterprise,170,2499.0,0.12,4221.71,50660.52,Monthly,2026-04-01,Active
2025-04-01,CUST-0247,Enterprise,167,2499.0,0.12,4147.69,49772.24,Monthly,2026-04-01,Active
2025-05-01,CUST-0247,Enterprise,184,2499.0,0.12,4636.59,55639.03,Monthly,2026-04-01,Active
2025-06-01,CUST-0247,Enterprise,177,2499.0,0.12,4450.17,53402.03,Monthly,2026-04-01,Active
2025-07-01,CUST-0247,Enterprise,187,2499.0,0.12,4743.95,56927.38,Monthly,2026-04-01,Active
2025-08-01,CUST-0247,Enterprise,186,2499.0,0.12,4727.01,56724.1,Monthly,2026-04-01,Active
2025-09-01,CUST-0247,Enterprise,177,2499.0,0.12,4482.42,53789.0,Monthly,2026-04-01,Active
2025-10-01,CUST-0247,Enterprise,179,2499.0,0.12,4550.18,54602.17,Monthly,2026-04-01,Active
2025-11-01,CUST-0247,Enterprise,188,2499.0,0.12,4818.25,57818.98,Monthly,2026-04-01,Active
2025-12-01,CUST-0247,Enterprise,188,2499.0,0.12,4829.75,57956.98,Monthly,2026-04-01,Active
2026-01-01,CUST-0247,Enterprise,208,2499.0,0.12,5415.49,64985.9,Monthly,2027-04-01,Active
2026-02-01,CUST-0247,Enterprise,232,2499.0,0.12,6119.08,73429.01,Monthly,2027-04-01,Active
2026-03-01,CUST-0247,Enterprise,221,2499.0,0.12,5816.25,69795.0,Monthly,2027-04-01,Active
2026-04-01,CUST-0247,Enterprise,224,2499.0,0.12,5916.75,71001.0,Monthly,2027-04-01,Active
2026-05-01,CUST-0247,Enterprise,217,2499.0,0.12,5727.81,68733.72,Monthly,2027-04-01,Active
2026-06-01,CUST-0247,Enterprise,216,2499.0,0.12,5712.23,68546.81,Monthly,2027-04-01,Active
2025-04-01,CUST-0248,Starter,54,149.0,0.1,751.5,9018.0,Annual,2026-04-01,Active
2025-05-01,CUST-0248,Starter,59,149.0,0.1,816.54,9798.43,Annual,2026-04-01,Active
2025-06-01,CUST-0248,Starter,59,149.0,0.1,818.57,9822.87,Annual,2026-04-01,Active
2025-07-01,CUST-0248,Starter,59,149.0,0.1,820.61,9847.31,Annual,2026-04-01,Active
2025-08-01,CUST-0248,Starter,59,149.0,0.1,822.64,9871.74,Annual,2026-04-01,Active
2025-09-01,CUST-0248,Starter,54,149.0,0.1,760.89,9130.72,Annual,2026-04-01,Active
2025-10-01,CUST-0248,Starter,59,149.0,0.1,826.72,9920.61,Annual,2026-04-01,Active
2025-11-01,CUST-0248,Starter,64,149.0,0.1,892.86,10714.28,Annual,2026-04-01,Active
2025-12-01,CUST-0248,Starter,66,149.0,0.1,920.75,11049.05,Annual,2026-04-01,Active
2026-01-01,CUST-0248,Starter,67,149.0,0.1,935.89,11230.73,Annual,2027-04-01,Active
2026-02-01,CUST-0248,Starter,65,149.0,0.1,912.35,10948.23,Annual,2027-04-01,Active
2026-03-01,CUST-0248,Starter,62,149.0,0.1,875.74,10508.86,Annual,2027-04-01,Active
2026-04-01,CUST-0248,Starter,65,149.0,0.1,916.8,11001.64,Annual,2027-04-01,Active
2026-05-01,CUST-0248,Starter,64,149.0,0.1,906.02,10872.22,Annual,2027-04-01,Active
2026-06-01,CUST-0248,Starter,69,149.0,0.1,973.42,11681.01,Annual,2027-04-01,Active
2025-01-01,CUST-0249,Professional,36,599.0,0.1,758.79,9105.51,Annual,2026-12-01,Active
2025-02-01,CUST-0249,Professional,34,599.0,0.1,720.89,8650.64,Annual,2026-12-01,Active
2025-03-01,CUST-0249,Professional,37,599.0,0.1,782.53,9390.3,Annual,2026-12-01,Active
2025-04-01,CUST-0249,Professional,38,599.0,0.1,804.47,9653.58,Annual,2026-12-01,Active
2025-05-01,CUST-0249,Professional,35,599.0,0.1,746.31,8955.76,Annual,2026-12-01,Active
2025-06-01,CUST-0249,Professional,36,599.0,0.1,768.25,9219.04,Annual,2026-12-01,Active
2025-07-01,CUST-0249,Professional,37,599.0,0.1,790.29,9483.51,Annual,2026-12-01,Active
2025-08-01,CUST-0249,Professional,38,599.0,0.1,812.43,9749.16,Annual,2026-12-01,Active
2025-09-01,CUST-0249,Professional,37,599.0,0.1,794.18,9530.11,Annual,2026-12-01,Active
2025-10-01,CUST-0249,Professional,38,599.0,0.1,816.41,9796.95,Annual,2026-12-01,Active
2025-11-01,CUST-0249,Professional,39,599.0,0.1,838.75,10064.98,Annual,2026-12-01,Active
2025-12-01,CUST-0249,Professional,38,599.0,0.1,820.39,9844.74,Annual,2026-12-01,Active
2026-01-01,CUST-0249,Professional,41,599.0,0.1,883.72,10604.6,Annual,2027-12-01,Active
2026-02-01,CUST-0249,Professional,40,599.0,0.1,865.36,10384.36,Annual,2027-12-01,Active
2026-03-01,CUST-0249,Professional,44,599.0,0.1,949.62,11395.49,Annual,2027-12-01,Active
2026-04-01,CUST-0249,Professional,42,599.0,0.1,910.73,10928.74,Annual,2027-12-01,Active
2026-05-01,CUST-0249,Professional,44,599.0,0.1,954.2,11450.4,Annual,2027-12-01,Active
2026-06-01,CUST-0249,Professional,43,599.0,0.1,935.8,11229.57,Annual,2027-12-01,Active
2025-01-01,CUST-0250,Starter,16,149.0,0.1,279.52,3354.21,Annual,2026-03-01,Active
2025-02-01,CUST-0250,Starter,16,149.0,0.1,280.2,3362.39,Annual,2026-03-01,Active
2025-03-01,CUST-0250,Starter,16,149.0,0.1,280.88,3370.57,Annual,2026-03-01,Active
2025-04-01,CUST-0250,Starter,17,149.0,0.1,294.57,3534.87,Annual,2026-03-01,Active
2025-05-01,CUST-0250,Starter,16,149.0,0.1,282.24,3386.93,Annual,2026-03-01,Active
2025-06-01,CUST-0250,Starter,16,149.0,0.1,282.93,3395.12,Annual,2026-03-01,Active
2025-07-01,CUST-0250,Starter,16,149.0,0.1,283.61,3403.3,Annual,2026-03-01,Active
2025-08-01,CUST-0250,Starter,17,149.0,0.1,297.43,3569.1,Annual,2026-03-01,Active
2025-09-01,CUST-0250,Starter,16,149.0,0.1,284.97,3419.66,Annual,2026-03-01,Active
2025-10-01,CUST-0250,Starter,16,149.0,0.1,285.65,3427.84,Annual,2026-03-01,Active
2025-11-01,CUST-0250,Starter,15,149.0,0.1,273.11,3277.26,Annual,2026-03-01,Active
2025-12-01,CUST-0250,Starter,17,149.0,0.1,300.28,3603.34,Annual,2026-03-01,Active
2026-01-01,CUST-0250,Starter,16,149.0,0.1,287.7,3452.38,Annual,2027-03-01,Active
2026-02-01,CUST-0250,Starter,18,149.0,0.1,315.03,3780.35,Annual,2027-03-01,Active
2026-03-01,CUST-0250,Starter,16,149.0,0.1,289.06,3468.74,Annual,2027-03-01,Active
2026-04-01,CUST-0250,Starter,18,149.0,0.1,316.52,3798.23,Annual,2027-03-01,Active
2026-05-01,CUST-0250,Starter,18,149.0,0.1,317.26,3807.16,Annual,2027-03-01,Active
2026-06-01,CUST-0250,Starter,16,149.0,0.1,291.11,3493.29,Annual,2027-03-01,Active
2025-01-01,CUST-0251,Enterprise,100,2499.0,0.13,2185.0,26220.01,Annual,2026-11-01,Active
2025-02-01,CUST-0251,Enterprise,100,2499.0,0.13,2190.44,26285.23,Annual,2026-11-01,Active
2025-03-01,CUST-0251,Enterprise,100,2499.0,0.13,2195.87,26350.46,Annual,2026-11-01,Active
2025-04-01,CUST-0251,Enterprise,100,2499.0,0.13,2201.31,26415.68,Annual,2026-11-01,Active
2025-05-01,CUST-0251,Enterprise,100,2499.0,0.13,2206.74,26480.9,Annual,2026-11-01,Active
2025-06-01,CUST-0251,Enterprise,100,2499.0,0.13,2212.18,26546.13,Annual,2026-11-01,Active
2025-07-01,CUST-0251,Enterprise,100,2499.0,0.13,2217.61,26611.35,Annual,2026-11-01,Active
2025-08-01,CUST-0251,Enterprise,100,2499.0,0.13,2223.05,26676.58,Annual,2026-11-01,Active
2025-09-01,CUST-0251,Enterprise,100,2499.0,0.13,2228.48,26741.8,Annual,2026-11-01,Active
2025-10-01,CUST-0251,Enterprise,100,2499.0,0.13,2233.92,26807.02,Annual,2026-11-01,Active
2025-11-01,CUST-0251,Enterprise,100,2499.0,0.13,2239.35,26872.25,Annual,2026-11-01,Active
2025-12-01,CUST-0251,Enterprise,100,2499.0,0.13,2244.79,26937.47,Annual,2026-11-01,Active
2026-01-01,CUST-0251,Enterprise,100,2499.0,0.13,2250.22,27002.69,Annual,2027-11-01,Active
2026-02-01,CUST-0251,Enterprise,100,2499.0,0.13,2255.66,27067.92,Annual,2027-11-01,Active
2026-03-01,CUST-0251,Enterprise,100,2499.0,0.13,2261.1,27133.14,Annual,2027-11-01,Active
2026-04-01,CUST-0251,Enterprise,100,2499.0,0.13,2266.53,27198.37,Annual,2027-11-01,Active
2026-05-01,CUST-0251,Enterprise,100,2499.0,0.13,2271.97,27263.59,Annual,2027-11-01,Active
2026-06-01,CUST-0251,Enterprise,100,2499.0,0.13,2277.4,27328.81,Annual,2027-11-01,Active
2025-01-01,CUST-0252,Professional,25,599.0,0.1,551.23,6614.76,Annual,2026-04-01,Active
2025-02-01,CUST-0252,Professional,25,599.0,0.1,552.58,6630.93,Annual,2026-04-01,Active
2025-03-01,CUST-0252,Professional,25,599.0,0.1,553.93,6647.1,Annual,2026-04-01,Active
2025-04-01,CUST-0252,Professional,25,599.0,0.1,555.27,6663.28,Annual,2026-04-01,Active
2025-05-01,CUST-0252,Professional,25,599.0,0.1,556.62,6679.45,Annual,2026-04-01,Active
2025-06-01,CUST-0252,Professional,25,599.0,0.1,557.97,6695.62,Annual,2026-04-01,Active
2025-07-01,CUST-0252,Professional,27,599.0,0.1,600.4,7204.82,Annual,2026-04-01,Active
2025-08-01,CUST-0252,Professional,26,599.0,0.1,581.26,6975.07,Annual,2026-04-01,Active
2025-09-01,CUST-0252,Professional,25,599.0,0.1,562.01,6744.14,Annual,2026-04-01,Active
2025-10-01,CUST-0252,Professional,25,599.0,0.1,563.36,6760.31,Annual,2026-04-01,Active
2025-11-01,CUST-0252,Professional,25,599.0,0.1,564.71,6776.49,Annual,2026-04-01,Active
2025-12-01,CUST-0252,Professional,25,599.0,0.1,566.06,6792.66,Annual,2026-04-01,Active
2026-01-01,CUST-0252,Professional,28,599.0,0.1,629.92,7559.06,Annual,2027-04-01,Active
2026-02-01,CUST-0252,Professional,27,599.0,0.1,610.53,7326.34,Annual,2027-04-01,Active
2026-03-01,CUST-0252,Professional,26,599.0,0.1,591.04,7092.44,Annual,2027-04-01,Active
2026-04-01,CUST-0252,Professional,28,599.0,0.1,634.41,7612.92,Annual,2027-04-01,Active
2026-05-01,CUST-0252,Professional,30,599.0,0.1,677.98,8135.78,Annual,2027-04-01,Active
2026-06-01,CUST-0252,Professional,29,599.0,0.1,658.49,7901.87,Annual,2027-04-01,Active
2025-05-01,CUST-0253,Starter,51,149.0,0.0,793.0,9516.0,Monthly,2026-05-01,Active
2025-06-01,CUST-0253,Starter,47,149.0,0.0,738.84,8866.11,Monthly,2026-05-01,Active
2025-07-01,CUST-0253,Starter,50,149.0,0.0,782.89,9394.74,Monthly,2026-05-01,Active
2025-08-01,CUST-0253,Starter,49,149.0,0.0,770.74,9248.85,Monthly,2026-05-01,Active
2025-09-01,CUST-0253,Starter,46,149.0,0.0,730.23,8762.76,Monthly,2026-05-01,Active
2025-10-01,CUST-0253,Starter,51,149.0,0.0,802.91,9634.95,Monthly,2026-05-01,Active
2025-11-01,CUST-0253,Starter,50,149.0,0.0,790.68,9488.22,Monthly,2026-05-01,Active
2025-12-01,CUST-0253,Starter,52,149.0,0.0,821.12,9853.47,Monthly,2026-05-01,Active
2026-01-01,CUST-0253,Starter,55,149.0,0.0,865.98,10391.76,Monthly,2027-05-01,Active
2026-02-01,CUST-0253,Starter,58,149.0,0.0,911.05,10932.57,Monthly,2027-05-01,Active
2026-03-01,CUST-0253,Professional,59,599.0,0.0,1380.67,16568.1,Monthly,2027-05-01,Active
2026-04-01,CUST-0253,Professional,52,599.0,0.0,1225.81,14709.69,Monthly,2027-05-01,Active
2026-05-01,CUST-0253,Professional,53,599.0,0.0,1251.45,15017.4,Monthly,2027-05-01,Active
2026-06-01,CUST-0253,Professional,59,599.0,0.0,1390.78,16689.33,Monthly,2027-05-01,Active
2025-05-01,CUST-0254,Professional,25,599.0,0.1,539.1,6469.2,Annual,2026-05-01,Active
2025-06-01,CUST-0254,Professional,25,599.0,0.1,540.45,6485.37,Annual,2026-05-01,Active
2025-07-01,CUST-0254,Professional,25,599.0,0.1,541.8,6501.55,Annual,2026-05-01,Active
2025-08-01,CUST-0254,Professional,25,599.0,0.1,543.14,6517.72,Annual,2026-05-01,Active
2025-09-01,CUST-0254,Professional,25,599.0,0.1,544.49,6533.89,Annual,2026-05-01,Active
2025-10-01,CUST-0254,Professional,25,599.0,0.1,545.84,6550.07,Annual,2026-05-01,Active
2025-11-01,CUST-0254,Professional,25,599.0,0.1,547.19,6566.24,Annual,2026-05-01,Active
2025-12-01,CUST-0254,Professional,25,599.0,0.1,548.53,6582.41,Annual,2026-05-01,Active
2026-01-01,CUST-0254,Professional,25,599.0,0.1,549.88,6598.58,Annual,2027-05-01,Active
2026-02-01,CUST-0254,Professional,25,599.0,0.1,551.23,6614.76,Annual,2027-05-01,Active
2026-03-01,CUST-0254,Professional,25,599.0,0.1,552.58,6630.93,Annual,2027-05-01,Active
2026-04-01,CUST-0254,Professional,25,599.0,0.1,553.93,6647.1,Annual,2027-05-01,Active
2026-05-01,CUST-0254,Professional,25,599.0,0.1,555.27,6663.28,Annual,2027-05-01,Active
2026-06-01,CUST-0254,Professional,25,599.0,0.1,556.62,6679.45,Annual,2027-05-01,Active
2025-01-01,CUST-0255,Starter,16,149.0,0.1,274.75,3296.94,Annual,2026-10-01,Active
2025-02-01,CUST-0255,Starter,17,149.0,0.1,288.15,3457.84,Annual,2026-10-01,Active
2025-03-01,CUST-0255,Starter,18,149.0,0.1,301.62,3619.49,Annual,2026-10-01,Active
2025-04-01,CUST-0255,Starter,18,149.0,0.1,302.37,3628.42,Annual,2026-10-01,Active
2025-05-01,CUST-0255,Starter,18,149.0,0.1,303.11,3637.36,Annual,2026-10-01,Active
2025-06-01,CUST-0255,Starter,17,149.0,0.1,291.01,3492.07,Annual,2026-10-01,Active
2025-07-01,CUST-0255,Starter,17,149.0,0.1,291.72,3500.63,Annual,2026-10-01,Active
2025-08-01,CUST-0255,Starter,18,149.0,0.1,305.35,3664.17,Annual,2026-10-01,Active
2025-09-01,CUST-0255,Starter,17,149.0,0.1,293.15,3517.75,Annual,2026-10-01,Active
2025-10-01,CUST-0255,Starter,17,149.0,0.1,293.86,3526.31,Annual,2026-10-01,Active
2025-11-01,CUST-0255,Starter,18,149.0,0.1,307.58,3690.98,Annual,2026-10-01,Active
2025-12-01,CUST-0255,Starter,17,149.0,0.1,295.29,3543.43,Annual,2026-10-01,Active
2026-01-01,CUST-0255,Starter,19,149.0,0.1,322.14,3865.73,Annual,2027-10-01,Active
2026-02-01,CUST-0255,Starter,20,149.0,0.1,336.02,4032.29,Annual,2027-10-01,Active
2026-03-01,CUST-0255,Starter,18,149.0,0.1,310.56,3726.73,Annual,2027-10-01,Active
2026-04-01,CUST-0255,Starter,17,149.0,0.1,298.14,3577.66,Annual,2027-10-01,Active
2026-05-01,CUST-0255,Starter,19,149.0,0.1,325.25,3902.99,Annual,2027-10-01,Active
2026-06-01,CUST-0255,Starter,19,149.0,0.1,326.03,3912.3,Annual,2027-10-01,Active
2026-02-01,CUST-0256,Starter,16,149.0,0.1,272.7,3272.4,Annual,2027-02-01,Active
2026-03-01,CUST-0256,Starter,16,149.0,0.1,273.38,3280.58,Annual,2027-02-01,Active
2026-04-01,CUST-0256,Starter,17,149.0,0.1,286.73,3440.72,Annual,2027-02-01,Active
2026-05-01,CUST-0256,Starter,16,149.0,0.1,274.75,3296.94,Annual,2027-02-01,Active
2026-06-01,CUST-0256,Starter,16,149.0,0.1,275.43,3305.12,Annual,2027-02-01,Active
2025-08-01,CUST-0257,Starter,14,149.0,0.1,247.5,2970.0,Annual,2026-08-01,Active
2025-09-01,CUST-0257,Starter,15,149.0,0.1,260.75,3129.0,Annual,2026-08-01,Active
2025-10-01,CUST-0257,Starter,14,149.0,0.1,248.74,2984.85,Annual,2026-08-01,Active
2025-11-01,CUST-0257,Starter,15,149.0,0.1,262.05,3144.61,Annual,2026-08-01,Active
2025-12-01,CUST-0257,Starter,16,149.0,0.1,275.43,3305.12,Annual,2026-08-01,Active
2026-01-01,CUST-0257,Starter,18,149.0,0.1,301.62,3619.49,Annual,2027-08-01,Active
2026-02-01,CUST-0257,Starter,16,149.0,0.1,276.79,3321.49,Annual,2027-08-01,Active
2026-03-01,CUST-0257,Starter,16,149.0,0.1,277.47,3329.67,Annual,2027-08-01,Active
2026-04-01,CUST-0257,Starter,18,149.0,0.1,303.86,3646.3,Annual,2027-08-01,Active
2026-05-01,CUST-0257,Starter,17,149.0,0.1,291.72,3500.63,Annual,2027-08-01,Active
2026-06-01,CUST-0257,Starter,16,149.0,0.1,279.52,3354.21,Annual,2027-08-01,Active
2025-10-01,CUST-0258,Professional,64,599.0,0.1,1311.3,15735.6,Annual,2026-10-01,Active
2025-11-01,CUST-0258,Professional,68,599.0,0.1,1393.98,16727.72,Annual,2026-10-01,Active
2025-12-01,CUST-0258,Professional,66,599.0,0.1,1357.65,16291.85,Annual,2026-10-01,Active
2026-01-01,CUST-0258,Professional,69,599.0,0.1,1420.88,17050.53,Annual,2027-10-01,Active
2026-02-01,CUST-0258,Professional,68,599.0,0.1,1404.4,16852.86,Annual,2027-10-01,Active
2026-03-01,CUST-0258,Professional,72,599.0,0.1,1488.07,17856.85,Annual,2027-10-01,Active
2026-04-01,CUST-0258,Professional,75,599.0,0.1,1552.04,18624.44,Annual,2027-10-01,Active
2026-05-01,CUST-0258,Professional,77,599.0,0.1,1596.15,19153.83,Annual,2027-10-01,Active
2026-06-01,CUST-0258,Professional,77,599.0,0.1,1600.07,19200.89,Annual,2027-10-01,Active
2025-04-01,CUST-0259,Enterprise,314,2499.0,0.13,7945.71,95348.52,Annual,2026-04-01,Active
2025-05-01,CUST-0259,Enterprise,287,2499.0,0.13,7235.56,86826.77,Annual,2026-04-01,Active
2025-06-01,CUST-0259,Enterprise,303,2499.0,0.13,7687.29,92247.42,Annual,2026-04-01,Active
2025-07-01,CUST-0259,Enterprise,309,2499.0,0.13,7869.44,94433.3,Annual,2026-04-01,Active
2025-08-01,CUST-0259,Enterprise,301,2499.0,0.13,7671.05,92052.61,Annual,2026-04-01,Active
2025-09-01,CUST-0259,Enterprise,312,2499.0,0.13,7990.42,95885.01,Annual,2026-04-01,Active
2025-10-01,CUST-0259,Enterprise,324,2499.0,0.13,8338.64,100063.69,Annual,2026-04-01,Active
2025-11-01,CUST-0259,Enterprise,333,2499.0,0.13,8606.16,103273.89,Annual,2026-04-01,Active
2025-12-01,CUST-0259,Enterprise,341,2499.0,0.13,8847.38,106168.54,Annual,2026-04-01,Active
2026-01-01,CUST-0259,Enterprise,365,2499.0,0.13,9530.91,114370.88,Annual,2027-04-01,Active
2026-02-01,CUST-0259,Enterprise,334,2499.0,0.13,8697.24,104366.85,Annual,2027-04-01,Active
2026-03-01,CUST-0259,Enterprise,380,2499.0,0.13,9993.19,119918.25,Annual,2027-04-01,Active
2026-04-01,CUST-0259,Enterprise,392,2499.0,0.13,10350.85,124210.21,Annual,2027-04-01,Active
2026-05-01,CUST-0259,Enterprise,365,2499.0,0.13,9624.12,115489.42,Annual,2027-04-01,Active
2026-06-01,CUST-0259,Enterprise,358,2499.0,0.13,9452.02,113424.28,Annual,2027-04-01,Active
2025-02-01,CUST-0260,Starter,9,149.0,0.1,184.5,2214.0,Annual,2026-02-01,Active
2025-03-01,CUST-0260,Starter,8,149.0,0.1,172.33,2067.96,Annual,2026-02-01,Active
2025-04-01,CUST-0260,Starter,9,149.0,0.1,185.42,2225.07,Annual,2026-02-01,Active
2025-05-01,CUST-0260,Starter,9,149.0,0.1,185.88,2230.61,Annual,2026-02-01,Active
2025-06-01,CUST-0260,Starter,9,149.0,0.1,186.34,2236.14,Annual,2026-02-01,Active
2025-07-01,CUST-0260,Starter,8,149.0,0.1,174.05,2088.59,Annual,2026-02-01,Active
2025-08-01,CUST-0260,Starter,9,149.0,0.1,187.27,2247.21,Annual,2026-02-01,Active
2025-09-01,CUST-0260,Professional,25,599.0,0.1,548.53,6582.41,Annual,2026-02-01,Active
2025-10-01,CUST-0260,Professional,25,599.0,0.1,549.88,6598.58,Annual,2026-02-01,Active
2025-11-01,CUST-0260,Professional,25,599.0,0.1,551.23,6614.76,Annual,2026-02-01,Active
2025-12-01,CUST-0260,Professional,25,599.0,0.1,552.58,6630.93,Annual,2026-02-01,Active
2026-01-01,CUST-0260,Professional,25,599.0,0.1,553.93,6647.1,Annual,2027-02-01,Active
2026-02-01,CUST-0260,Professional,25,599.0,0.1,555.27,6663.28,Annual,2027-02-01,Active
2026-03-01,CUST-0260,Professional,25,599.0,0.1,556.62,6679.45,Annual,2027-02-01,Active
2026-04-01,CUST-0260,Professional,25,599.0,0.1,557.97,6695.62,Annual,2027-02-01,Active
2026-05-01,CUST-0260,Professional,25,599.0,0.1,559.32,6711.8,Annual,2027-02-01,Active
2025-06-01,CUST-0261,Professional,48,599.0,0.12,972.4,11668.8,Monthly,2026-06-01,Active
2025-07-01,CUST-0261,Professional,48,599.0,0.12,974.83,11697.97,Monthly,2026-06-01,Active
2025-08-01,CUST-0261,Professional,45,599.0,0.12,918.89,11026.7,Monthly,2026-06-01,Active
2025-09-01,CUST-0261,Professional,47,599.0,0.12,960.19,11522.25,Monthly,2026-06-01,Active
2025-10-01,CUST-0261,Professional,44,599.0,0.12,903.91,10846.92,Monthly,2026-06-01,Active
2025-11-01,CUST-0261,Professional,47,599.0,0.12,964.95,11579.44,Monthly,2026-06-01,Active
2025-12-01,CUST-0261,Professional,48,599.0,0.12,986.99,11843.83,Monthly,2026-06-01,Active
2026-01-01,CUST-0261,Professional,52,599.0,0.12,1068.21,12818.55,Monthly,2027-06-01,Active
2026-02-01,CUST-0261,Professional,54,599.0,0.12,1110.33,13323.97,Monthly,2027-06-01,Active
2026-03-01,CUST-0261,Professional,57,599.0,0.12,1172.44,14069.27,Monthly,2027-06-01,Active
2026-04-01,CUST-0261,Professional,51,599.0,0.12,1056.24,12674.9,Monthly,2027-06-01,Active
2026-05-01,CUST-0261,Professional,51,599.0,0.12,1058.82,12705.82,Monthly,2027-06-01,Active
2026-06-01,CUST-0261,Professional,53,599.0,0.12,1101.28,13215.31,Monthly,2027-06-01,Active
2025-12-01,CUST-0262,Starter,11,149.0,0.0,233.0,2796.0,Monthly,2026-12-01,Active
2026-01-01,CUST-0262,Starter,12,149.0,0.0,247.62,2971.41,Monthly,2027-12-01,Active
2026-02-01,CUST-0262,Starter,13,149.0,0.0,262.3,3147.66,Monthly,2027-12-01,Active
2026-03-01,CUST-0262,Starter,13,149.0,0.0,262.96,3155.49,Monthly,2027-12-01,Active
2026-04-01,CUST-0262,Starter,13,149.0,0.0,263.61,3163.32,Monthly,2027-12-01,Active
2026-05-01,CUST-0262,Starter,13,149.0,0.0,264.26,3171.15,Monthly,2027-12-01,Active
2026-06-01,CUST-0262,Starter,13,149.0,0.0,264.91,3178.98,Monthly,2027-12-01,Active
2025-01-01,CUST-0263,Starter,43,149.0,0.1,622.09,7465.12,Annual,2026-07-01,Active
2025-02-01,CUST-0263,Starter,38,149.0,0.1,559.52,6714.28,Annual,2026-07-01,Active
2025-03-01,CUST-0263,Starter,43,149.0,0.1,625.16,7501.9,Annual,2026-07-01,Active
2025-04-01,CUST-0263,Starter,46,149.0,0.1,665.34,7984.09,Annual,2026-07-01,Active
2025-05-01,CUST-0263,Starter,43,149.0,0.1,628.22,7538.67,Annual,2026-07-01,Active
2025-06-01,CUST-0263,Starter,45,149.0,0.1,655.65,7867.77,Annual,2026-07-01,Active
2025-07-01,CUST-0263,Starter,47,149.0,0.1,683.2,8198.39,Annual,2026-07-01,Active
2025-08-01,CUST-0263,Starter,45,149.0,0.1,658.84,7906.06,Annual,2026-07-01,Active
2025-09-01,CUST-0263,Starter,43,149.0,0.1,634.35,7612.22,Annual,2026-07-01,Active
2025-10-01,CUST-0263,Starter,44,149.0,0.1,648.96,7787.48,Annual,2026-07-01,Active
2025-11-01,CUST-0263,Starter,47,149.0,0.1,689.83,8277.98,Annual,2026-07-01,Active
2025-12-01,CUST-0263,Starter,45,149.0,0.1,665.22,7982.63,Annual,2026-07-01,Active
2026-01-01,CUST-0263,Starter,46,149.0,0.1,679.98,8159.78,Annual,2027-07-01,Active
2026-02-01,CUST-0263,Starter,47,149.0,0.1,694.81,8337.68,Annual,2027-07-01,Active
2026-03-01,CUST-0263,Starter,45,149.0,0.1,670.0,8040.06,Annual,2027-07-01,Active
2026-04-01,CUST-0263,Starter,49,149.0,0.1,724.65,8695.76,Annual,2027-07-01,Active
2026-05-01,CUST-0263,Starter,51,149.0,0.1,752.95,9035.44,Annual,2027-07-01,Active
2026-06-01,CUST-0263,Starter,51,149.0,0.1,754.74,9056.85,Annual,2027-07-01,Active
2025-07-01,CUST-0264,Professional,25,599.0,0.0,599.0,7188.0,Monthly,2026-07-01,Active
2025-08-01,CUST-0264,Professional,25,599.0,0.0,600.5,7205.97,Monthly,2026-07-01,Active
2025-09-01,CUST-0264,Professional,25,599.0,0.0,601.99,7223.94,Monthly,2026-07-01,Active
2025-10-01,CUST-0264,Professional,25,599.0,0.0,603.49,7241.91,Monthly,2026-07-01,Active
2025-11-01,CUST-0264,Professional,25,599.0,0.0,604.99,7259.88,Monthly,2026-07-01,Active
2025-12-01,CUST-0264,Professional,25,599.0,0.0,606.49,7277.85,Monthly,2026-07-01,Active
2026-01-01,CUST-0264,Professional,25,599.0,0.0,607.98,7295.82,Monthly,2027-07-01,Active
2026-02-01,CUST-0264,Professional,25,599.0,0.0,609.48,7313.79,Monthly,2027-07-01,Active
2026-03-01,CUST-0264,Professional,25,599.0,0.0,610.98,7331.76,Monthly,2027-07-01,Active
2026-04-01,CUST-0264,Professional,25,599.0,0.0,612.48,7349.73,Monthly,2027-07-01,Active
2026-05-01,CUST-0264,Professional,25,599.0,0.0,613.97,7367.7,Monthly,2027-07-01,Active
2026-06-01,CUST-0264,Professional,25,599.0,0.0,615.47,7385.67,Monthly,2027-07-01,Active
2025-01-01,CUST-0265,Enterprise,243,2499.0,0.13,6030.84,72370.08,Annual,2026-01-01,Active
2025-02-01,CUST-0265,Enterprise,233,2499.0,0.13,5775.54,69306.51,Annual,2026-01-01,Active
2025-03-01,CUST-0265,Enterprise,234,2499.0,0.13,5817.05,69804.61,Annual,2026-01-01,Active
2025-04-01,CUST-0265,Enterprise,262,2499.0,0.13,6592.34,79108.13,Annual,2026-01-01,Active
2025-05-01,CUST-0265,Enterprise,278,2499.0,0.13,7044.54,84534.45,Annual,2026-01-01,Active
2025-06-01,CUST-0265,Enterprise,270,2499.0,0.13,6843.52,82122.21,Annual,2026-01-01,Active
2025-07-01,CUST-0265,Enterprise,272,2499.0,0.13,6915.16,82981.97,Annual,2026-01-01,Active
2025-08-01,CUST-0265,Enterprise,248,2499.0,0.13,6273.59,75283.07,Annual,2026-01-01,Active
2025-09-01,CUST-0265,Enterprise,271,2499.0,0.13,6921.72,83060.64,Annual,2026-01-01,Active
2025-10-01,CUST-0265,Enterprise,266,2499.0,0.13,6800.8,81609.61,Annual,2026-01-01,Active
2025-11-01,CUST-0265,Enterprise,263,2499.0,0.13,6734.5,80813.95,Annual,2026-01-01,Active
2025-12-01,CUST-0265,Enterprise,268,2499.0,0.13,6889.48,82673.76,Annual,2026-01-01,Active
2026-01-01,CUST-0265,Enterprise,286,2499.0,0.13,7406.27,88875.2,Annual,2027-01-01,Active
2026-02-01,CUST-0265,Enterprise,324,2499.0,0.13,8482.41,101788.93,Annual,2027-01-01,Active
2026-03-01,CUST-0265,Enterprise,295,2499.0,0.13,7693.44,92321.34,Annual,2027-01-01,Active
2026-04-01,CUST-0265,Enterprise,299,2499.0,0.13,7823.95,93887.44,Annual,2027-01-01,Active
2026-05-01,CUST-0265,Enterprise,300,2499.0,0.13,7870.86,94450.26,Annual,2027-01-01,Active
2026-06-01,CUST-0265,Enterprise,319,2499.0,0.13,8423.98,101087.81,Annual,2027-01-01,Active
2025-01-01,CUST-0266,Starter,16,149.0,0.0,304.51,3654.18,Monthly,2026-11-01,Active
2025-02-01,CUST-0266,Starter,17,149.0,0.0,319.38,3832.53,Monthly,2026-11-01,Active
2025-03-01,CUST-0266,Starter,17,149.0,0.0,320.17,3842.04,Monthly,2026-11-01,Active
2025-04-01,CUST-0266,Starter,17,149.0,0.0,320.96,3851.55,Monthly,2026-11-01,Active
2025-05-01,CUST-0266,Starter,17,149.0,0.0,321.75,3861.06,Monthly,2026-11-01,Active
2025-06-01,CUST-0266,Starter,16,149.0,0.0,308.3,3699.63,Monthly,2026-11-01,Active
2025-07-01,CUST-0266,Starter,16,149.0,0.0,309.06,3708.72,Monthly,2026-11-01,Active
2025-08-01,CUST-0266,Starter,15,149.0,0.0,295.5,3546.03,Monthly,2026-11-01,Active
2025-09-01,CUST-0266,Starter,15,149.0,0.0,296.22,3554.7,Monthly,2026-11-01,Active
2025-10-01,CUST-0266,Starter,15,149.0,0.0,296.95,3563.37,Monthly,2026-11-01,Active
2025-11-01,CUST-0266,Starter,17,149.0,0.0,326.51,3918.12,Monthly,2026-11-01,Active
2025-12-01,CUST-0266,Professional,25,599.0,0.0,618.47,7421.61,Monthly,2026-11-01,Active
2026-01-01,CUST-0266,Professional,25,599.0,0.0,619.96,7439.58,Monthly,2027-11-01,Active
2026-02-01,CUST-0266,Professional,25,599.0,0.0,621.46,7457.55,Monthly,2027-11-01,Active
2026-03-01,CUST-0266,Professional,25,599.0,0.0,622.96,7475.52,Monthly,2027-11-01,Active
2026-04-01,CUST-0266,Professional,25,599.0,0.0,624.46,7493.49,Monthly,2027-11-01,Active
2026-05-01,CUST-0266,Professional,25,599.0,0.0,625.95,7511.46,Monthly,2027-11-01,Active
2026-06-01,CUST-0266,Professional,25,599.0,0.0,627.45,7529.43,Monthly,2027-11-01,Active
2025-01-01,CUST-0267,Starter,5,149.0,0.1,135.78,1629.31,Annual,2026-08-01,Active
2025-02-01,CUST-0267,Starter,5,149.0,0.1,136.11,1633.34,Annual,2026-08-01,Active
2025-03-01,CUST-0267,Starter,5,149.0,0.1,136.45,1637.36,Annual,2026-08-01,Active
2025-04-01,CUST-0267,Starter,5,149.0,0.1,136.78,1641.38,Annual,2026-08-01,Active
2025-05-01,CUST-0267,Starter,5,149.0,0.1,137.12,1645.41,Annual,2026-08-01,Active
2025-06-01,CUST-0267,Starter,5,149.0,0.1,137.45,1649.43,Annual,2026-08-01,Active
2025-07-01,CUST-0267,Starter,5,149.0,0.1,137.79,1653.45,Annual,2026-08-01,Active
2025-08-01,CUST-0267,Starter,5,149.0,0.1,138.12,1657.48,Annual,2026-08-01,Active
2025-09-01,CUST-0267,Starter,5,149.0,0.1,138.46,1661.5,Annual,2026-08-01,Active
2025-10-01,CUST-0267,Starter,5,149.0,0.1,138.79,1665.52,Annual,2026-08-01,Active
2025-11-01,CUST-0267,Starter,5,149.0,0.1,139.13,1669.55,Annual,2026-08-01,Active
2025-12-01,CUST-0267,Starter,5,149.0,0.1,139.46,1673.57,Annual,2026-08-01,Active
2026-01-01,CUST-0267,Starter,5,149.0,0.1,139.8,1677.59,Annual,2027-08-01,Active
2026-02-01,CUST-0267,Starter,5,149.0,0.1,140.13,1681.61,Annual,2027-08-01,Active
2026-03-01,CUST-0267,Starter,5,149.0,0.1,140.47,1685.64,Annual,2027-08-01,Active
2026-04-01,CUST-0267,Starter,5,149.0,0.1,140.81,1689.66,Annual,2027-08-01,Active
2026-05-01,CUST-0267,Starter,5,149.0,0.1,141.14,1693.68,Annual,2027-08-01,Active
2026-06-01,CUST-0267,Starter,5,149.0,0.1,141.48,1697.71,Annual,2027-08-01,Active
2025-10-01,CUST-0268,Professional,25,599.0,0.1,539.1,6469.2,Annual,2026-10-01,Active
2025-11-01,CUST-0268,Professional,25,599.0,0.1,540.45,6485.37,Annual,2026-10-01,Active
2025-12-01,CUST-0268,Professional,25,599.0,0.1,541.8,6501.55,Annual,2026-10-01,Active
2026-01-01,CUST-0268,Professional,25,599.0,0.1,543.14,6517.72,Annual,2027-10-01,Active
2026-02-01,CUST-0268,Professional,25,599.0,0.1,544.49,6533.89,Annual,2027-10-01,Active
2026-03-01,CUST-0268,Professional,25,599.0,0.1,545.84,6550.07,Annual,2027-10-01,Active
2026-04-01,CUST-0268,Professional,25,599.0,0.1,547.19,6566.24,Annual,2027-10-01,Active
2026-05-01,CUST-0268,Professional,25,599.0,0.1,548.53,6582.41,Annual,2027-10-01,Active
2026-06-01,CUST-0268,Professional,25,599.0,0.1,549.88,6598.58,Annual,2027-10-01,Active
2025-01-01,CUST-0269,Starter,10,149.0,0.1,197.59,2371.11,Annual,2026-12-01,Active
2025-02-01,CUST-0269,Starter,10,149.0,0.1,198.09,2377.03,Annual,2026-12-01,Active
2025-03-01,CUST-0269,Starter,9,149.0,0.1,185.88,2230.61,Annual,2026-12-01,Active
2025-04-01,CUST-0269,Starter,10,149.0,0.1,199.07,2388.85,Annual,2026-12-01,Active
2025-05-01,CUST-0269,Starter,10,149.0,0.1,199.56,2394.76,Annual,2026-12-01,Active
2025-06-01,CUST-0269,Starter,10,149.0,0.1,200.06,2400.68,Annual,2026-12-01,Active
2025-07-01,CUST-0269,Starter,11,149.0,0.1,213.37,2560.44,Annual,2026-12-01,Active
2025-08-01,CUST-0269,Starter,10,149.0,0.1,201.04,2412.5,Annual,2026-12-01,Active
2025-09-01,CUST-0269,Starter,10,149.0,0.1,201.53,2418.42,Annual,2026-12-01,Active
2025-10-01,CUST-0269,Starter,10,149.0,0.1,202.03,2424.33,Annual,2026-12-01,Active
2025-11-01,CUST-0269,Starter,10,149.0,0.1,202.52,2430.24,Annual,2026-12-01,Active
2025-12-01,CUST-0269,Starter,10,149.0,0.1,203.01,2436.16,Annual,2026-12-01,Active
2026-01-01,CUST-0269,Starter,11,149.0,0.1,216.52,2598.18,Annual,2027-12-01,Active
2026-02-01,CUST-0269,Starter,11,149.0,0.1,217.04,2604.47,Annual,2027-12-01,Active
2026-03-01,CUST-0269,Starter,10,149.0,0.1,204.49,2453.89,Annual,2027-12-01,Active
2026-04-01,CUST-0269,Starter,10,149.0,0.1,204.98,2459.81,Annual,2027-12-01,Active
2026-05-01,CUST-0269,Starter,10,149.0,0.1,205.48,2465.72,Annual,2027-12-01,Active
2026-06-01,CUST-0269,Starter,11,149.0,0.1,219.14,2629.64,Annual,2027-12-01,Active
2025-01-01,CUST-0270,Enterprise,100,2499.0,0.0,2542.73,30512.79,Monthly,2026-06-01,Active
2025-02-01,CUST-0270,Enterprise,100,2499.0,0.0,2548.98,30587.76,Monthly,2026-06-01,Active
2025-03-01,CUST-0270,Enterprise,100,2499.0,0.0,2555.23,30662.73,Monthly,2026-06-01,Active
2025-04-01,CUST-0270,Enterprise,100,2499.0,0.0,2561.47,30737.7,Monthly,2026-06-01,Active
2025-05-01,CUST-0270,Enterprise,100,2499.0,0.0,2567.72,30812.67,Monthly,2026-06-01,Active
2025-06-01,CUST-0270,Enterprise,100,2499.0,0.0,2573.97,30887.64,Monthly,2026-06-01,Active
2025-07-01,CUST-0270,Enterprise,100,2499.0,0.0,2580.22,30962.61,Monthly,2026-06-01,Active
2025-08-01,CUST-0270,Enterprise,100,2499.0,0.0,2586.46,31037.58,Monthly,2026-06-01,Active
2025-09-01,CUST-0270,Enterprise,100,2499.0,0.0,2592.71,31112.55,Monthly,2026-06-01,Active
2025-10-01,CUST-0270,Enterprise,100,2499.0,0.0,2598.96,31187.52,Monthly,2026-06-01,Active
2025-11-01,CUST-0270,Enterprise,100,2499.0,0.0,2605.21,31262.49,Monthly,2026-06-01,Active
2025-12-01,CUST-0270,Enterprise,100,2499.0,0.0,2611.45,31337.46,Monthly,2026-06-01,Active
2026-01-01,CUST-0270,Enterprise,100,2499.0,0.0,2617.7,31412.43,Monthly,2027-06-01,Active
2026-02-01,CUST-0270,Enterprise,100,2499.0,0.0,2623.95,31487.4,Monthly,2027-06-01,Active
2026-03-01,CUST-0270,Enterprise,100,2499.0,0.0,2630.2,31562.37,Monthly,2027-06-01,Active
2026-04-01,CUST-0270,Enterprise,100,2499.0,0.0,2636.44,31637.34,Monthly,2027-06-01,Active
2026-05-01,CUST-0270,Enterprise,100,2499.0,0.0,2642.69,31712.31,Monthly,2027-06-01,Active
2026-06-01,CUST-0270,Enterprise,100,2499.0,0.0,2648.94,31787.28,Monthly,2027-06-01,Active
2025-09-01,CUST-0271,Starter,12,149.0,0.0,247.0,2964.0,Monthly,2026-09-01,Active
2025-10-01,CUST-0271,Starter,12,149.0,0.0,247.62,2971.41,Monthly,2026-09-01,Active
2025-11-01,CUST-0271,Starter,12,149.0,0.0,248.23,2978.82,Monthly,2026-09-01,Active
2025-12-01,CUST-0271,Starter,12,149.0,0.0,248.85,2986.23,Monthly,2026-09-01,Active
2026-01-01,CUST-0271,Starter,12,149.0,0.0,249.47,2993.64,Monthly,2027-09-01,Active
2026-02-01,CUST-0271,Starter,12,149.0,0.0,250.09,3001.05,Monthly,2027-09-01,Active
2026-03-01,CUST-0271,Professional,25,599.0,0.0,607.98,7295.82,Monthly,2027-09-01,Active
2026-04-01,CUST-0271,Professional,25,599.0,0.0,609.48,7313.79,Monthly,2027-09-01,Active
2026-05-01,CUST-0271,Professional,25,599.0,0.0,610.98,7331.76,Monthly,2027-09-01,Active
2026-06-01,CUST-0271,Professional,25,599.0,0.0,612.48,7349.73,Monthly,2027-09-01,Active
2025-01-01,CUST-0272,Professional,53,599.0,0.0,1230.19,14762.25,Monthly,2026-08-01,Active
2025-02-01,CUST-0272,Professional,53,599.0,0.0,1233.22,14798.7,Monthly,2026-08-01,Active
2025-03-01,CUST-0272,Professional,51,599.0,0.0,1191.49,14297.91,Monthly,2026-08-01,Active
2025-04-01,CUST-0272,Professional,58,599.0,0.0,1351.5,16218.0,Monthly,2026-08-01,Active
2025-05-01,CUST-0272,Professional,53,599.0,0.0,1242.34,14908.05,Monthly,2026-08-01,Active
2025-06-01,CUST-0272,Professional,53,599.0,0.0,1245.38,14944.5,Monthly,2026-08-01,Active
2025-07-01,CUST-0272,Professional,56,599.0,0.0,1316.23,15794.73,Monthly,2026-08-01,Active
2025-08-01,CUST-0272,Professional,52,599.0,0.0,1228.79,14745.48,Monthly,2026-08-01,Active
2025-09-01,CUST-0272,Professional,52,599.0,0.0,1231.77,14781.27,Monthly,2026-08-01,Active
2025-10-01,CUST-0272,Professional,51,599.0,0.0,1211.98,14543.82,Monthly,2026-08-01,Active
2025-11-01,CUST-0272,Professional,56,599.0,0.0,1329.04,15948.45,Monthly,2026-08-01,Active
2025-12-01,CUST-0272,Professional,55,599.0,0.0,1309.36,15712.32,Monthly,2026-08-01,Active
2026-01-01,CUST-0272,Professional,59,599.0,0.0,1404.25,16850.97,Monthly,2027-08-01,Active
2026-02-01,CUST-0272,Professional,58,599.0,0.0,1384.62,16615.5,Monthly,2027-08-01,Active
2026-03-01,CUST-0272,Professional,61,599.0,0.0,1457.07,17484.87,Monthly,2027-08-01,Active
2026-04-01,CUST-0272,Professional,62,599.0,0.0,1483.65,17803.8,Monthly,2027-08-01,Active
2026-05-01,CUST-0272,Professional,67,599.0,0.0,1602.96,19235.49,Monthly,2027-08-01,Active
2026-06-01,CUST-0272,Professional,63,599.0,0.0,1513.92,18167.1,Monthly,2027-08-01,Active
2025-02-01,CUST-0273,Professional,25,599.0,0.0,599.0,7188.0,Monthly,2026-02-01,Active
2025-03-01,CUST-0273,Professional,25,599.0,0.0,600.5,7205.97,Monthly,2026-02-01,Active
2025-04-01,CUST-0273,Professional,27,599.0,0.0,646.21,7754.58,Monthly,2026-02-01,Active
2025-05-01,CUST-0273,Professional,26,599.0,0.0,625.66,7507.89,Monthly,2026-02-01,Active
2025-06-01,CUST-0273,Professional,27,599.0,0.0,649.43,7793.16,Monthly,2026-02-01,Active
2025-07-01,CUST-0273,Professional,27,599.0,0.0,651.04,7812.45,Monthly,2026-02-01,Active
2025-08-01,CUST-0273,Professional,27,599.0,0.0,652.64,7831.74,Monthly,2026-02-01,Active
2025-09-01,CUST-0273,Professional,27,599.0,0.0,654.25,7851.03,Monthly,2026-02-01,Active
2025-10-01,CUST-0273,Professional,26,599.0,0.0,633.42,7601.04,Monthly,2026-02-01,Active
2025-11-01,CUST-0273,Professional,29,599.0,0.0,702.46,8429.49,Monthly,2026-02-01,Active
2025-12-01,CUST-0273,Professional,28,599.0,0.0,681.62,8179.5,Monthly,2026-02-01,Active
2026-01-01,CUST-0273,Professional,30,599.0,0.0,728.5,8741.97,Monthly,2027-02-01,Active
2026-02-01,CUST-0273,Professional,31,599.0,0.0,752.93,9035.16,Monthly,2027-02-01,Active
2026-03-01,CUST-0273,Professional,28,599.0,0.0,686.61,8239.35,Monthly,2027-02-01,Active
2026-04-01,CUST-0273,Professional,28,599.0,0.0,688.27,8259.3,Monthly,2027-02-01,Active
2026-05-01,CUST-0273,Professional,29,599.0,0.0,712.76,8553.15,Monthly,2027-02-01,Active
2026-06-01,CUST-0273,Professional,30,599.0,0.0,737.36,8848.32,Monthly,2027-02-01,Active
2025-01-01,CUST-0274,Starter,15,149.0,0.1,262.05,3144.61,Annual,2026-10-01,Active
2025-02-01,CUST-0274,Starter,17,149.0,0.1,288.15,3457.84,Annual,2026-10-01,Active
2025-03-01,CUST-0274,Starter,16,149.0,0.1,276.11,3313.3,Annual,2026-10-01,Active
2025-04-01,CUST-0274,Starter,18,149.0,0.1,302.37,3628.42,Annual,2026-10-01,Active
2025-05-01,CUST-0274,Starter,17,149.0,0.1,290.29,3483.51,Annual,2026-10-01,Active
2025-06-01,CUST-0274,Starter,17,149.0,0.1,291.01,3492.07,Annual,2026-10-01,Active
2025-07-01,CUST-0274,Starter,16,149.0,0.1,278.84,3346.03,Annual,2026-10-01,Active
2025-08-01,CUST-0274,Starter,17,149.0,0.1,292.43,3509.19,Annual,2026-10-01,Active
2025-09-01,CUST-0274,Starter,16,149.0,0.1,280.2,3362.39,Annual,2026-10-01,Active
2025-10-01,CUST-0274,Starter,16,149.0,0.1,280.88,3370.57,Annual,2026-10-01,Active
2025-11-01,CUST-0274,Starter,16,149.0,0.1,281.56,3378.75,Annual,2026-10-01,Active
2025-12-01,CUST-0274,Starter,17,149.0,0.1,295.29,3543.43,Annual,2026-10-01,Active
2026-01-01,CUST-0274,Starter,16,149.0,0.1,282.93,3395.12,Annual,2027-10-01,Active
2026-02-01,CUST-0274,Starter,17,149.0,0.1,296.71,3560.54,Annual,2027-10-01,Active
2026-03-01,CUST-0274,Starter,17,149.0,0.1,297.43,3569.1,Annual,2027-10-01,Active
2026-04-01,CUST-0274,Starter,19,149.0,0.1,324.47,3893.67,Annual,2027-10-01,Active
2026-05-01,CUST-0274,Starter,18,149.0,0.1,312.05,3744.6,Annual,2027-10-01,Active
2026-06-01,CUST-0274,Starter,17,149.0,0.1,299.56,3594.78,Annual,2027-10-01,Active
2025-01-01,CUST-0275,Starter,10,149.0,0.0,223.93,2687.13,Monthly,2026-04-01,Active
2025-02-01,CUST-0275,Starter,11,149.0,0.0,238.82,2865.9,Monthly,2026-04-01,Active
2025-03-01,CUST-0275,Starter,10,149.0,0.0,225.02,2700.27,Monthly,2026-04-01,Active
2025-04-01,CUST-0275,Starter,11,149.0,0.0,239.99,2879.88,Monthly,2026-04-01,Active
2025-05-01,CUST-0275,Starter,10,149.0,0.0,226.12,2713.41,Monthly,2026-04-01,Active
2025-06-01,CUST-0275,Starter,11,149.0,0.0,241.15,2893.86,Monthly,2026-04-01,Active
2025-07-01,CUST-0275,Starter,10,149.0,0.0,227.21,2726.55,Monthly,2026-04-01,Active
2025-08-01,CUST-0275,Starter,11,149.0,0.0,242.32,2907.84,Monthly,2026-04-01,Active
2025-09-01,CUST-0275,Starter,10,149.0,0.0,228.31,2739.69,Monthly,2026-04-01,Active
2025-10-01,CUST-0275,Starter,9,149.0,0.0,214.22,2570.7,Monthly,2026-04-01,Active
2025-11-01,CUST-0275,Starter,10,149.0,0.0,229.4,2752.83,Monthly,2026-04-01,Active
2025-12-01,CUST-0275,Starter,11,149.0,0.0,244.65,2935.8,Monthly,2026-04-01,Active
2026-01-01,CUST-0275,Starter,10,149.0,0.0,230.5,2765.97,Monthly,2027-04-01,Active
2026-02-01,CUST-0275,Starter,11,149.0,0.0,245.81,2949.78,Monthly,2027-04-01,Active
2026-03-01,CUST-0275,Starter,11,149.0,0.0,246.4,2956.77,Monthly,2027-04-01,Active
2026-04-01,CUST-0275,Starter,11,149.0,0.0,246.98,2963.76,Monthly,2027-04-01,Active
2026-05-01,CUST-0275,Starter,11,149.0,0.0,247.56,2970.75,Monthly,2027-04-01,Active
2026-06-01,CUST-0275,Starter,11,149.0,0.0,248.14,2977.74,Monthly,2027-04-01,Active
2025-12-01,CUST-0276,Professional,25,599.0,0.1,539.1,6469.2,Annual,2026-12-01,Active
2026-01-01,CUST-0276,Professional,25,599.0,0.1,540.45,6485.37,Annual,2027-12-01,Active
2026-02-01,CUST-0276,Professional,25,599.0,0.1,541.8,6501.55,Annual,2027-12-01,Active
2026-03-01,CUST-0276,Professional,25,599.0,0.1,543.14,6517.72,Annual,2027-12-01,Active
2026-04-01,CUST-0276,Professional,25,599.0,0.1,544.49,6533.89,Annual,2027-12-01,Active
2026-05-01,CUST-0276,Professional,25,599.0,0.1,545.84,6550.07,Annual,2027-12-01,Active
2026-06-01,CUST-0276,Professional,25,599.0,0.1,547.19,6566.24,Annual,2027-12-01,Active
2025-08-01,CUST-0277,Enterprise,206,2499.0,0.13,5032.95,60395.4,Annual,2026-08-01,Active
2025-09-01,CUST-0277,Enterprise,212,2499.0,0.13,5207.76,62493.08,Annual,2026-08-01,Active
2025-10-01,CUST-0277,Enterprise,213,2499.0,0.13,5247.85,62974.18,Annual,2026-08-01,Active
2025-11-01,CUST-0277,Enterprise,208,2499.0,0.13,5125.04,61500.5,Annual,2026-08-01,Active
2025-12-01,CUST-0277,Enterprise,237,2499.0,0.13,5927.71,71132.52,Annual,2026-08-01,Active
2026-01-01,CUST-0277,Enterprise,239,2499.0,0.13,5997.0,71963.96,Annual,2027-08-01,Active
2026-02-01,CUST-0277,Enterprise,245,2499.0,0.13,6176.05,74112.62,Annual,2027-08-01,Active
2026-03-01,CUST-0277,Enterprise,239,2499.0,0.13,6026.61,72319.34,Annual,2027-08-01,Active
2026-04-01,CUST-0277,Enterprise,231,2499.0,0.13,5821.34,69856.13,Annual,2027-08-01,Active
2026-05-01,CUST-0277,Enterprise,249,2499.0,0.13,6331.99,75983.94,Annual,2027-08-01,Active
2026-06-01,CUST-0277,Enterprise,246,2499.0,0.13,6264.54,75174.52,Annual,2027-08-01,Active
2025-08-01,CUST-0278,Professional,31,599.0,0.0,731.0,8772.0,Monthly,2026-08-01,Active
2025-09-01,CUST-0278,Professional,28,599.0,0.0,666.66,7999.95,Monthly,2026-08-01,Active
2025-10-01,CUST-0278,Professional,29,599.0,0.0,690.43,8285.22,Monthly,2026-08-01,Active
2025-11-01,CUST-0278,Professional,29,599.0,0.0,692.15,8305.83,Monthly,2026-08-01,Active
2025-12-01,CUST-0278,Professional,31,599.0,0.0,738.31,8859.72,Monthly,2026-08-01,Active
2026-01-01,CUST-0278,Professional,30,599.0,0.0,717.86,8614.35,Monthly,2027-08-01,Active
2026-02-01,CUST-0278,Professional,34,599.0,0.0,808.95,9707.46,Monthly,2027-08-01,Active
2026-03-01,CUST-0278,Professional,31,599.0,0.0,743.79,8925.51,Monthly,2027-08-01,Active
2026-04-01,CUST-0278,Professional,32,599.0,0.0,768.06,9216.72,Monthly,2027-08-01,Active
2026-05-01,CUST-0278,Professional,31,599.0,0.0,747.45,8969.37,Monthly,2027-08-01,Active
2026-06-01,CUST-0278,Professional,35,599.0,0.0,839.47,10073.7,Monthly,2027-08-01,Active
2025-07-01,CUST-0279,Enterprise,269,2499.0,0.13,6732.06,80784.72,Annual,2026-07-01,Active
2025-08-01,CUST-0279,Enterprise,272,2499.0,0.13,6830.0,81960.03,Annual,2026-07-01,Active
2025-09-01,CUST-0279,Enterprise,288,2499.0,0.13,7280.71,87368.55,Annual,2026-07-01,Active
2025-10-01,CUST-0279,Enterprise,287,2499.0,0.13,7271.65,87259.82,Annual,2026-07-01,Active
2025-11-01,CUST-0279,Enterprise,288,2499.0,0.13,7316.93,87803.22,Annual,2026-07-01,Active
2025-12-01,CUST-0279,Enterprise,317,2499.0,0.13,8126.95,97523.43,Annual,2026-07-01,Active
2026-01-01,CUST-0279,Enterprise,335,2499.0,0.13,8639.76,103677.13,Annual,2027-07-01,Active
2026-02-01,CUST-0279,Enterprise,312,2499.0,0.13,8029.88,96358.51,Annual,2027-07-01,Active
2026-03-01,CUST-0279,Enterprise,327,2499.0,0.13,8462.25,101546.96,Annual,2027-07-01,Active
2026-04-01,CUST-0279,Enterprise,335,2499.0,0.13,8703.6,104443.22,Annual,2027-07-01,Active
2026-05-01,CUST-0279,Enterprise,343,2499.0,0.13,8946.04,107352.43,Annual,2027-07-01,Active
2026-06-01,CUST-0279,Enterprise,340,2499.0,0.13,8884.72,106616.65,Annual,2027-07-01,Active
2025-01-01,CUST-0280,Starter,5,149.0,0.1,136.45,1637.36,Annual,2026-06-01,Active
2025-02-01,CUST-0280,Starter,5,149.0,0.1,136.78,1641.38,Annual,2026-06-01,Active
2025-03-01,CUST-0280,Starter,5,149.0,0.1,137.12,1645.41,Annual,2026-06-01,Active
2025-04-01,CUST-0280,Starter,5,149.0,0.1,137.45,1649.43,Annual,2026-06-01,Active
2025-05-01,CUST-0280,Starter,5,149.0,0.1,137.79,1653.45,Annual,2026-06-01,Active
2025-06-01,CUST-0280,Starter,5,149.0,0.1,138.12,1657.48,Annual,2026-06-01,Active
2025-07-01,CUST-0280,Starter,5,149.0,0.1,138.46,1661.5,Annual,2026-06-01,Active
2025-08-01,CUST-0280,Starter,5,149.0,0.1,138.79,1665.52,Annual,2026-06-01,Active
2025-09-01,CUST-0280,Starter,5,149.0,0.1,139.13,1669.55,Annual,2026-06-01,Active
2025-10-01,CUST-0280,Starter,5,149.0,0.1,139.46,1673.57,Annual,2026-06-01,Active
2025-11-01,CUST-0280,Starter,5,149.0,0.1,139.8,1677.59,Annual,2026-06-01,Active
2025-12-01,CUST-0280,Starter,5,149.0,0.1,140.13,1681.61,Annual,2026-06-01,Active
2026-01-01,CUST-0280,Starter,5,149.0,0.1,140.47,1685.64,Annual,2027-06-01,Active
2026-02-01,CUST-0280,Starter,5,149.0,0.1,140.81,1689.66,Annual,2027-06-01,Active
2026-03-01,CUST-0280,Starter,5,149.0,0.1,141.14,1693.68,Annual,2027-06-01,Active
2026-04-01,CUST-0280,Starter,5,149.0,0.1,141.48,1697.71,Annual,2027-06-01,Active
2026-05-01,CUST-0280,Starter,5,149.0,0.1,141.81,1701.73,Annual,2027-06-01,Active
2026-06-01,CUST-0280,Starter,5,149.0,0.1,142.15,1705.75,Annual,2027-06-01,Active
2025-01-01,CUST-0281,Starter,11,149.0,0.0,238.82,2865.9,Monthly,2026-03-01,Active
2025-02-01,CUST-0281,Starter,12,149.0,0.0,253.79,3045.51,Monthly,2026-03-01,Active
2025-03-01,CUST-0281,Starter,12,149.0,0.0,254.41,3052.92,Monthly,2026-03-01,Active
2025-04-01,CUST-0281,Starter,12,149.0,0.0,255.03,3060.33,Monthly,2026-03-01,Active
2025-05-01,CUST-0281,Starter,11,149.0,0.0,241.15,2893.86,Monthly,2026-03-01,Active
2025-06-01,CUST-0281,Starter,12,149.0,0.0,256.26,3075.15,Monthly,2026-03-01,Active
2025-07-01,CUST-0281,Starter,12,149.0,0.0,256.88,3082.56,Monthly,2026-03-01,Active
2025-08-01,CUST-0281,Starter,11,149.0,0.0,242.9,2914.83,Monthly,2026-03-01,Active
2025-09-01,CUST-0281,Starter,11,149.0,0.0,243.48,2921.82,Monthly,2026-03-01,Active
2025-10-01,CUST-0281,Starter,11,149.0,0.0,244.07,2928.81,Monthly,2026-03-01,Active
2025-11-01,CUST-0281,Starter,12,149.0,0.0,259.35,3112.2,Monthly,2026-03-01,Active
2025-12-01,CUST-0281,Starter,12,149.0,0.0,259.97,3119.61,Monthly,2026-03-01,Active
2026-01-01,CUST-0281,Starter,12,149.0,0.0,260.58,3127.02,Monthly,2027-03-01,Active
2026-02-01,CUST-0281,Starter,12,149.0,0.0,261.2,3134.43,Monthly,2027-03-01,Active
2026-03-01,CUST-0281,Starter,12,149.0,0.0,261.82,3141.84,Monthly,2027-03-01,Active
2026-04-01,CUST-0281,Starter,12,149.0,0.0,262.44,3149.25,Monthly,2027-03-01,Active
2026-05-01,CUST-0281,Starter,13,149.0,0.0,277.96,3335.58,Monthly,2027-03-01,Active
2026-06-01,CUST-0281,Starter,13,149.0,0.0,278.62,3343.41,Monthly,2027-03-01,Active
2026-03-01,CUST-0282,Enterprise,328,2499.0,0.13,8323.29,99879.48,Annual,2027-03-01,Active
2026-04-01,CUST-0282,Enterprise,305,2499.0,0.13,7722.24,92666.85,Annual,2027-03-01,Active
2026-05-01,CUST-0282,Enterprise,315,2499.0,0.13,8012.54,96150.52,Annual,2027-03-01,Active
2026-06-01,CUST-0282,Enterprise,330,2499.0,0.13,8440.06,101280.71,Annual,2027-03-01,Active
2026-03-01,CUST-0283,Professional,42,599.0,0.1,875.7,10508.4,Annual,2027-03-01,Active
2026-04-01,CUST-0283,Professional,48,599.0,0.1,996.99,11963.83,Annual,2027-03-01,Active
2026-05-01,CUST-0283,Professional,48,599.0,0.1,999.47,11993.67,Annual,2027-03-01,Active
2026-06-01,CUST-0283,Professional,50,599.0,0.1,1041.86,12502.27,Annual,2027-03-01,Active
2025-01-01,CUST-0284,Starter,11,149.0,0.1,212.85,2554.15,Annual,2026-07-01,Active
2025-02-01,CUST-0284,Starter,11,149.0,0.1,213.37,2560.44,Annual,2026-07-01,Active
2025-03-01,CUST-0284,Starter,12,149.0,0.1,226.75,2720.95,Annual,2026-07-01,Active
2025-04-01,CUST-0284,Starter,12,149.0,0.1,227.3,2727.62,Annual,2026-07-01,Active
2025-05-01,CUST-0284,Starter,11,149.0,0.1,214.94,2579.31,Annual,2026-07-01,Active
2025-06-01,CUST-0284,Starter,11,149.0,0.1,215.47,2585.6,Annual,2026-07-01,Active
2025-07-01,CUST-0284,Starter,11,149.0,0.1,215.99,2591.89,Annual,2026-07-01,Active
2025-08-01,CUST-0284,Starter,11,149.0,0.1,216.52,2598.18,Annual,2026-07-01,Active
2025-09-01,CUST-0284,Starter,12,149.0,0.1,230.08,2760.97,Annual,2026-07-01,Active
2025-10-01,CUST-0284,Starter,12,149.0,0.1,230.64,2767.64,Annual,2026-07-01,Active
2025-11-01,CUST-0284,Starter,11,149.0,0.1,218.09,2617.06,Annual,2026-07-01,Active
2025-12-01,CUST-0284,Starter,11,149.0,0.1,218.61,2623.35,Annual,2026-07-01,Active
2026-01-01,CUST-0284,Starter,11,149.0,0.1,219.14,2629.64,Annual,2027-07-01,Active
2026-02-01,CUST-0284,Starter,12,149.0,0.1,232.86,2794.31,Annual,2027-07-01,Active
2026-03-01,CUST-0284,Starter,12,149.0,0.1,233.42,2800.98,Annual,2027-07-01,Active
2025-01-01,CUST-0285,Professional,167,599.0,0.0,3750.92,45011.07,Monthly,2026-10-01,Active
2025-02-01,CUST-0285,Professional,173,599.0,0.0,3893.55,46722.6,Monthly,2026-10-01,Active
2025-03-01,CUST-0285,Professional,184,599.0,0.0,4148.21,49778.55,Monthly,2026-10-01,Active
2025-04-01,CUST-0285,Professional,183,599.0,0.0,4136.12,49633.5,Monthly,2026-10-01,Active
2025-05-01,CUST-0285,Professional,196,599.0,0.0,4437.32,53247.81,Monthly,2026-10-01,Active
2025-06-01,CUST-0285,Professional,204,599.0,0.0,4627.74,55532.88,Monthly,2026-10-01,Active
2025-07-01,CUST-0285,Professional,190,599.0,0.0,4324.15,51889.83,Monthly,2026-10-01,Active
2025-08-01,CUST-0285,Professional,179,599.0,0.0,4086.67,49040.1,Monthly,2026-10-01,Active
2025-09-01,CUST-0285,Professional,189,599.0,0.0,4322.69,51872.31,Monthly,2026-10-01,Active
2025-10-01,CUST-0285,Professional,195,599.0,0.0,4469.17,53630.04,Monthly,2026-10-01,Active
2025-11-01,CUST-0285,Professional,195,599.0,0.0,4480.02,53760.21,Monthly,2026-10-01,Active
2025-12-01,CUST-0285,Professional,214,599.0,0.0,4923.49,59081.94,Monthly,2026-10-01,Active
2026-01-01,CUST-0285,Professional,207,599.0,0.0,4775.61,57307.35,Monthly,2027-10-01,Active
2026-02-01,CUST-0285,Professional,208,599.0,0.0,4810.0,57720.0,Monthly,2027-10-01,Active
2026-03-01,CUST-0285,Professional,224,599.0,0.0,5188.52,62262.27,Monthly,2027-10-01,Active
2026-04-01,CUST-0285,Professional,228,599.0,0.0,5292.92,63515.1,Monthly,2027-10-01,Active
2026-05-01,CUST-0285,Professional,229,599.0,0.0,5328.63,63943.59,Monthly,2027-10-01,Active
2026-06-01,CUST-0285,Professional,206,599.0,0.0,4810.05,57720.6,Monthly,2027-10-01,Active
2025-01-01,CUST-0286,Professional,75,599.0,0.0,1711.74,20540.91,Monthly,2026-10-01,Active
2025-02-01,CUST-0286,Professional,80,599.0,0.0,1827.09,21925.08,Monthly,2026-10-01,Active
2025-03-01,CUST-0286,Professional,74,599.0,0.0,1697.96,20375.55,Monthly,2026-10-01,Active
2025-04-01,CUST-0286,Professional,76,599.0,0.0,1746.81,20961.78,Monthly,2026-10-01,Active
2025-05-01,CUST-0286,Professional,84,599.0,0.0,1930.2,23162.37,Monthly,2026-10-01,Active
2025-06-01,CUST-0286,Professional,73,599.0,0.0,1688.1,20257.2,Monthly,2026-10-01,Active
2025-07-01,CUST-0286,Professional,78,599.0,0.0,1804.71,21656.55,Monthly,2026-10-01,Active
2025-08-01,CUST-0286,Professional,75,599.0,0.0,1741.47,20897.7,Monthly,2026-10-01,Active
2025-09-01,CUST-0286,Professional,83,599.0,0.0,1926.56,23118.75,Monthly,2026-10-01,Active
2025-10-01,CUST-0286,Professional,82,599.0,0.0,1908.59,22903.08,Monthly,2026-10-01,Active
2025-11-01,CUST-0286,Professional,78,599.0,0.0,1822.36,21868.35,Monthly,2026-10-01,Active
2025-12-01,CUST-0286,Professional,82,599.0,0.0,1917.85,23014.26,Monthly,2026-10-01,Active
2026-01-01,CUST-0286,Professional,84,599.0,0.0,1968.14,23617.65,Monthly,2027-10-01,Active
2026-02-01,CUST-0286,Professional,85,599.0,0.0,1995.76,23949.12,Monthly,2027-10-01,Active
2026-03-01,CUST-0286,Professional,86,599.0,0.0,2023.49,24281.91,Monthly,2027-10-01,Active
2026-04-01,CUST-0286,Enterprise,100,2499.0,0.0,2611.45,31337.46,Monthly,2027-10-01,Active
2026-05-01,CUST-0286,Enterprise,100,2499.0,0.0,2617.7,31412.43,Monthly,2027-10-01,Active
2026-06-01,CUST-0286,Enterprise,100,2499.0,0.0,2623.95,31487.4,Monthly,2027-10-01,Active
2025-01-01,CUST-0287,Professional,25,599.0,0.0,601.99,7223.94,Monthly,2026-11-01,Active
2025-02-01,CUST-0287,Professional,25,599.0,0.0,603.49,7241.91,Monthly,2026-11-01,Active
2025-03-01,CUST-0287,Professional,25,599.0,0.0,604.99,7259.88,Monthly,2026-11-01,Active
2025-04-01,CUST-0287,Professional,25,599.0,0.0,606.49,7277.85,Monthly,2026-11-01,Active
2025-05-01,CUST-0287,Professional,25,599.0,0.0,607.98,7295.82,Monthly,2026-11-01,Active
2025-06-01,CUST-0287,Professional,25,599.0,0.0,609.48,7313.79,Monthly,2026-11-01,Active
2025-07-01,CUST-0287,Professional,25,599.0,0.0,610.98,7331.76,Monthly,2026-11-01,Active
2025-08-01,CUST-0287,Professional,25,599.0,0.0,612.48,7349.73,Monthly,2026-11-01,Active
2025-09-01,CUST-0287,Professional,25,599.0,0.0,613.97,7367.7,Monthly,2026-11-01,Active
2025-10-01,CUST-0287,Professional,25,599.0,0.0,615.47,7385.67,Monthly,2026-11-01,Active
2025-11-01,CUST-0287,Professional,25,599.0,0.0,616.97,7403.64,Monthly,2026-11-01,Active
2025-12-01,CUST-0287,Professional,25,599.0,0.0,618.47,7421.61,Monthly,2026-11-01,Active
2026-01-01,CUST-0287,Professional,25,599.0,0.0,619.96,7439.58,Monthly,2027-11-01,Active
2026-02-01,CUST-0287,Professional,25,599.0,0.0,621.46,7457.55,Monthly,2027-11-01,Active
2026-03-01,CUST-0287,Professional,25,599.0,0.0,622.96,7475.52,Monthly,2027-11-01,Active
2026-04-01,CUST-0287,Professional,25,599.0,0.0,624.46,7493.49,Monthly,2027-11-01,Active
2026-05-01,CUST-0287,Professional,25,599.0,0.0,625.95,7511.46,Monthly,2027-11-01,Active
2026-06-01,CUST-0287,Professional,25,599.0,0.0,627.45,7529.43,Monthly,2027-11-01,Active
2025-01-01,CUST-0288,Professional,38,599.0,0.0,907.12,10885.5,Monthly,2026-03-01,Active
2025-02-01,CUST-0288,Professional,40,599.0,0.0,954.55,11454.57,Monthly,2026-03-01,Active
2025-03-01,CUST-0288,Professional,39,599.0,0.0,934.21,11210.52,Monthly,2026-03-01,Active
2025-04-01,CUST-0288,Professional,37,599.0,0.0,891.05,10692.57,Monthly,2026-03-01,Active
2025-05-01,CUST-0288,Professional,44,599.0,0.0,1052.6,12631.14,Monthly,2026-03-01,Active
2025-06-01,CUST-0288,Professional,40,599.0,0.0,963.84,11566.05,Monthly,2026-03-01,Active
2025-07-01,CUST-0288,Professional,39,599.0,0.0,943.28,11319.36,Monthly,2026-03-01,Active
2025-08-01,CUST-0288,Professional,38,599.0,0.0,922.61,11071.35,Monthly,2026-03-01,Active
2025-09-01,CUST-0288,Professional,39,599.0,0.0,947.81,11373.78,Monthly,2026-03-01,Active
2025-10-01,CUST-0288,Professional,41,599.0,0.0,996.17,11954.07,Monthly,2026-03-01,Active
2025-11-01,CUST-0288,Professional,40,599.0,0.0,975.45,11705.4,Monthly,2026-03-01,Active
2025-12-01,CUST-0288,Professional,40,599.0,0.0,977.77,11733.27,Monthly,2026-03-01,Active
2026-01-01,CUST-0288,Professional,43,599.0,0.0,1049.72,12596.7,Monthly,2027-03-01,Active
2026-02-01,CUST-0288,Professional,43,599.0,0.0,1052.21,12626.55,Monthly,2027-03-01,Active
2026-03-01,CUST-0288,Enterprise,100,2499.0,0.0,2648.94,31787.28,Monthly,2027-03-01,Active
2026-04-01,CUST-0288,Enterprise,100,2499.0,0.0,2655.19,31862.25,Monthly,2027-03-01,Active
2026-05-01,CUST-0288,Enterprise,100,2499.0,0.0,2661.43,31937.22,Monthly,2027-03-01,Active
2026-06-01,CUST-0288,Enterprise,100,2499.0,0.0,2667.68,32012.19,Monthly,2027-03-01,Active
2026-01-01,CUST-0289,Starter,9,149.0,0.1,184.5,2214.0,Annual,2027-01-01,Active
2026-02-01,CUST-0289,Starter,9,149.0,0.1,184.96,2219.53,Annual,2027-01-01,Active
2026-03-01,CUST-0289,Starter,8,149.0,0.1,172.76,2073.11,Annual,2027-01-01,Active
2026-04-01,CUST-0289,Starter,9,149.0,0.1,185.88,2230.61,Annual,2027-01-01,Active
2026-05-01,CUST-0289,Starter,9,149.0,0.1,186.34,2236.14,Annual,2027-01-01,Active
2026-06-01,CUST-0289,Starter,9,149.0,0.1,186.81,2241.68,Annual,2027-01-01,Active
2026-03-01,CUST-0290,Professional,25,599.0,0.1,539.1,6469.2,Annual,2027-03-01,Active
2026-04-01,CUST-0290,Professional,25,599.0,0.1,540.45,6485.37,Annual,2027-03-01,Active
2026-05-01,CUST-0290,Professional,25,599.0,0.1,541.8,6501.55,Annual,2027-03-01,Active
2026-06-01,CUST-0290,Professional,25,599.0,0.1,543.14,6517.72,Annual,2027-03-01,Active
2025-01-01,CUST-0291,Starter,6,149.0,0.0,165.04,1980.45,Monthly,2026-08-01,Active
2025-02-01,CUST-0291,Starter,6,149.0,0.0,165.44,1985.34,Monthly,2026-08-01,Active
2025-03-01,CUST-0291,Starter,6,149.0,0.0,165.85,1990.23,Monthly,2026-08-01,Active
2025-04-01,CUST-0291,Starter,6,149.0,0.0,166.26,1995.12,Monthly,2026-08-01,Active
2025-05-01,CUST-0291,Starter,6,149.0,0.0,166.67,2000.01,Monthly,2026-08-01,Active
2025-06-01,CUST-0291,Starter,6,149.0,0.0,167.07,2004.9,Monthly,2026-08-01,Active
2025-07-01,CUST-0291,Starter,6,149.0,0.0,167.48,2009.79,Monthly,2026-08-01,Active
2025-08-01,CUST-0291,Starter,6,149.0,0.0,167.89,2014.68,Monthly,2026-08-01,Active
2025-09-01,CUST-0291,Starter,6,149.0,0.0,168.3,2019.57,Monthly,2026-08-01,Active
2025-10-01,CUST-0291,Starter,6,149.0,0.0,168.7,2024.46,Monthly,2026-08-01,Active
2025-11-01,CUST-0291,Starter,6,149.0,0.0,169.11,2029.35,Monthly,2026-08-01,Active
2025-12-01,CUST-0291,Starter,6,149.0,0.0,169.52,2034.24,Monthly,2026-08-01,Active
2026-01-01,CUST-0291,Starter,6,149.0,0.0,169.93,2039.13,Monthly,2027-08-01,Active
2026-02-01,CUST-0291,Starter,6,149.0,0.0,170.33,2044.02,Monthly,2027-08-01,Active
2026-03-01,CUST-0291,Starter,7,149.0,0.0,185.41,2224.89,Monthly,2027-08-01,Active
2026-04-01,CUST-0291,Starter,7,149.0,0.0,185.85,2230.2,Monthly,2027-08-01,Active
2026-05-01,CUST-0291,Starter,6,149.0,0.0,171.56,2058.69,Monthly,2027-08-01,Active
2026-06-01,CUST-0291,Starter,6,149.0,0.0,171.97,2063.58,Monthly,2027-08-01,Active
2025-12-01,CUST-0292,Starter,11,149.0,0.0,233.0,2796.0,Monthly,2026-12-01,Active
2026-01-01,CUST-0292,Starter,11,149.0,0.0,233.58,2802.99,Monthly,2027-12-01,Active
2026-02-01,CUST-0292,Starter,12,149.0,0.0,248.23,2978.82,Monthly,2027-12-01,Active
2026-03-01,CUST-0292,Starter,12,149.0,0.0,248.85,2986.23,Monthly,2027-12-01,Active
2026-04-01,CUST-0292,Starter,12,149.0,0.0,249.47,2993.64,Monthly,2027-12-01,Active
2026-05-01,CUST-0292,Starter,13,149.0,0.0,264.26,3171.15,Monthly,2027-12-01,Active
2026-06-01,CUST-0292,Starter,12,149.0,0.0,250.7,3008.46,Monthly,2027-12-01,Active
2025-11-01,CUST-0293,Enterprise,202,2499.0,0.12,4981.68,59780.16,Monthly,2026-11-01,Active
2025-12-01,CUST-0293,Enterprise,217,2499.0,0.12,5404.36,64852.29,Monthly,2026-11-01,Active
2026-01-01,CUST-0293,Enterprise,227,2499.0,0.12,5692.0,68303.98,Monthly,2027-11-01,Active
2026-02-01,CUST-0293,Enterprise,233,2499.0,0.12,5871.07,70452.78,Monthly,2027-11-01,Active
2026-03-01,CUST-0293,Enterprise,242,2499.0,0.12,6133.61,73603.31,Monthly,2027-11-01,Active
2026-04-01,CUST-0293,Enterprise,242,2499.0,0.12,6148.79,73785.49,Monthly,2027-11-01,Active
2026-05-01,CUST-0293,Enterprise,240,2499.0,0.12,6108.59,73303.14,Monthly,2027-11-01,Active
2026-06-01,CUST-0293,Enterprise,245,2499.0,0.12,6262.43,75149.13,Monthly,2027-11-01,Active
2025-03-01,CUST-0294,Starter,11,149.0,0.0,233.0,2796.0,Monthly,2026-03-01,Active
2025-04-01,CUST-0294,Starter,12,149.0,0.0,247.62,2971.41,Monthly,2026-03-01,Active
2025-05-01,CUST-0294,Starter,12,149.0,0.0,248.23,2978.82,Monthly,2026-03-01,Active
2025-06-01,CUST-0294,Starter,12,149.0,0.0,248.85,2986.23,Monthly,2026-03-01,Active
2025-07-01,CUST-0294,Starter,13,149.0,0.0,263.61,3163.32,Monthly,2026-03-01,Active
2025-08-01,CUST-0294,Starter,12,149.0,0.0,250.09,3001.05,Monthly,2026-03-01,Active
2025-09-01,CUST-0294,Starter,12,149.0,0.0,250.7,3008.46,Monthly,2026-03-01,Active
2025-10-01,CUST-0294,Starter,12,149.0,0.0,251.32,3015.87,Monthly,2026-03-01,Active
2025-11-01,CUST-0294,Starter,12,149.0,0.0,251.94,3023.28,Monthly,2026-03-01,Active
2025-12-01,CUST-0294,Starter,12,149.0,0.0,252.56,3030.69,Monthly,2026-03-01,Active
2026-01-01,CUST-0294,Starter,12,149.0,0.0,253.17,3038.1,Monthly,2027-03-01,Active
2026-02-01,CUST-0294,Starter,12,149.0,0.0,253.79,3045.51,Monthly,2027-03-01,Active
2026-03-01,CUST-0294,Starter,13,149.0,0.0,268.83,3225.96,Monthly,2027-03-01,Active
2026-04-01,CUST-0294,Starter,13,149.0,0.0,269.48,3233.79,Monthly,2027-03-01,Active
2026-05-01,CUST-0294,Starter,13,149.0,0.0,270.13,3241.62,Monthly,2027-03-01,Active
2026-06-01,CUST-0294,Starter,12,149.0,0.0,256.26,3075.15,Monthly,2027-03-01,Active
2025-03-01,CUST-0295,Starter,12,149.0,0.1,222.3,2667.6,Annual,2026-03-01,Active
2025-04-01,CUST-0295,Starter,14,149.0,0.1,248.12,2977.42,Annual,2026-03-01,Active
2025-05-01,CUST-0295,Starter,13,149.0,0.1,236.07,2832.89,Annual,2026-03-01,Active
2025-06-01,CUST-0295,Starter,13,149.0,0.1,236.66,2839.94,Annual,2026-03-01,Active
2025-07-01,CUST-0295,Starter,13,149.0,0.1,237.25,2846.99,Annual,2026-03-01,Active
2025-08-01,CUST-0295,Starter,11,149.0,0.1,212.32,2547.86,Annual,2026-03-01,Active
2025-09-01,CUST-0295,Starter,13,149.0,0.1,238.42,2861.08,Annual,2026-03-01,Active
2025-10-01,CUST-0295,Starter,13,149.0,0.1,239.01,2868.13,Annual,2026-03-01,Active
2025-11-01,CUST-0295,Starter,12,149.0,0.1,226.75,2720.95,Annual,2026-03-01,Active
2025-12-01,CUST-0295,Starter,14,149.0,0.1,253.07,3036.82,Annual,2026-03-01,Active
2026-01-01,CUST-0295,Starter,13,149.0,0.1,240.77,2889.27,Annual,2027-03-01,Active
2026-02-01,CUST-0295,Starter,14,149.0,0.1,254.31,3051.68,Annual,2027-03-01,Active
2026-03-01,CUST-0295,Starter,15,149.0,0.1,267.9,3214.84,Annual,2027-03-01,Active
2026-04-01,CUST-0295,Starter,15,149.0,0.1,268.55,3222.64,Annual,2027-03-01,Active
2026-05-01,CUST-0295,Starter,14,149.0,0.1,256.16,3073.95,Annual,2027-03-01,Active
2026-06-01,CUST-0295,Starter,14,149.0,0.1,256.78,3081.38,Annual,2027-03-01,Active
2025-03-01,CUST-0296,Professional,25,599.0,0.1,539.1,6469.2,Annual,2026-03-01,Active
2025-04-01,CUST-0296,Professional,25,599.0,0.1,540.45,6485.37,Annual,2026-03-01,Active
2025-05-01,CUST-0296,Professional,25,599.0,0.1,541.8,6501.55,Annual,2026-03-01,Active
2025-06-01,CUST-0296,Professional,25,599.0,0.1,543.14,6517.72,Annual,2026-03-01,Active
2025-07-01,CUST-0296,Professional,25,599.0,0.1,544.49,6533.89,Annual,2026-03-01,Active
2025-08-01,CUST-0296,Professional,25,599.0,0.1,545.84,6550.07,Annual,2026-03-01,Active
2025-09-01,CUST-0296,Professional,25,599.0,0.1,547.19,6566.24,Annual,2026-03-01,Active
2025-10-01,CUST-0296,Professional,25,599.0,0.1,548.53,6582.41,Annual,2026-03-01,Active
2025-11-01,CUST-0296,Professional,25,599.0,0.1,549.88,6598.58,Annual,2026-03-01,Active
2025-12-01,CUST-0296,Professional,25,599.0,0.1,551.23,6614.76,Annual,2026-03-01,Active
2026-01-01,CUST-0296,Professional,25,599.0,0.1,552.58,6630.93,Annual,2027-03-01,Active
2026-02-01,CUST-0296,Professional,25,599.0,0.1,553.93,6647.1,Annual,2027-03-01,Active
2026-03-01,CUST-0296,Professional,26,599.0,0.1,575.67,6908.0,Annual,2027-03-01,Active
2026-03-01,CUST-0297,Enterprise,127,2499.0,0.0,3336.0,40032.0,Monthly,2027-03-01,Active
2026-04-01,CUST-0297,Enterprise,128,2499.0,0.0,3375.42,40505.01,Monthly,2027-03-01,Active
2026-05-01,CUST-0297,Enterprise,138,2499.0,0.0,3695.38,44344.62,Monthly,2027-03-01,Active
2026-06-01,CUST-0297,Enterprise,127,2499.0,0.0,3361.02,40332.24,Monthly,2027-03-01,Active
2025-01-01,CUST-0298,Starter,40,149.0,0.0,654.97,7859.7,Monthly,2026-03-01,Active
2025-02-01,CUST-0298,Starter,37,149.0,0.0,613.42,7361.01,Monthly,2026-03-01,Active
2025-03-01,CUST-0298,Starter,38,149.0,0.0,629.33,7551.96,Monthly,2026-03-01,Active
2025-04-01,CUST-0298,Starter,41,149.0,0.0,674.22,8090.67,Monthly,2026-03-01,Active
2025-05-01,CUST-0298,Starter,43,149.0,0.0,704.83,8458.02,Monthly,2026-03-01,Active
2025-02-01,CUST-0299,Professional,45,599.0,0.0,1039.0,12468.0,Monthly,2026-02-01,Active
2025-03-01,CUST-0299,Professional,43,599.0,0.0,997.49,11969.85,Monthly,2026-02-01,Active
2025-04-01,CUST-0299,Professional,43,599.0,0.0,999.97,11999.7,Monthly,2026-02-01,Active
2025-05-01,CUST-0299,Professional,45,599.0,0.0,1046.79,12561.51,Monthly,2026-02-01,Active
2025-06-01,CUST-0299,Professional,50,599.0,0.0,1160.49,13925.88,Monthly,2026-02-01,Active
2025-07-01,CUST-0299,Professional,42,599.0,0.0,985.16,11821.95,Monthly,2026-02-01,Active
2025-08-01,CUST-0299,Professional,42,599.0,0.0,987.59,11851.14,Monthly,2026-02-01,Active
2025-09-01,CUST-0299,Professional,44,599.0,0.0,1034.8,12417.57,Monthly,2026-02-01,Active
2025-10-01,CUST-0299,Professional,47,599.0,0.0,1104.66,13255.92,Monthly,2026-02-01,Active
2025-11-01,CUST-0299,Professional,43,599.0,0.0,1017.39,12208.65,Monthly,2026-02-01,Active
2025-12-01,CUST-0299,Professional,46,599.0,0.0,1087.52,13050.3,Monthly,2026-02-01,Active
2026-01-01,CUST-0299,Professional,50,599.0,0.0,1180.6,14167.17,Monthly,2027-02-01,Active
2026-02-01,CUST-0299,Professional,50,599.0,0.0,1183.47,14201.64,Monthly,2027-02-01,Active
2026-03-01,CUST-0299,Professional,52,599.0,0.0,1231.77,14781.27,Monthly,2027-02-01,Active
2026-04-01,CUST-0299,Professional,52,599.0,0.0,1234.75,14817.06,Monthly,2027-02-01,Active
2026-05-01,CUST-0299,Professional,48,599.0,0.0,1146.44,13757.25,Monthly,2027-02-01,Active
2026-06-01,CUST-0299,Professional,48,599.0,0.0,1149.2,13790.4,Monthly,2027-02-01,Active
2025-01-01,CUST-0300,Professional,45,599.0,0.1,949.13,11389.52,Annual,2026-07-01,Active
2025-02-01,CUST-0300,Professional,54,599.0,0.1,1132.78,13593.39,Annual,2026-07-01,Active
2025-03-01,CUST-0300,Professional,51,599.0,0.1,1074.98,12899.74,Annual,2026-07-01,Active
2025-04-01,CUST-0300,Professional,51,599.0,0.1,1077.61,12931.35,Annual,2026-07-01,Active
2025-05-01,CUST-0300,Professional,53,599.0,0.1,1120.84,13450.05,Annual,2026-07-01,Active
2025-06-01,CUST-0300,Professional,49,599.0,0.1,1042.19,12506.32,Annual,2026-07-01,Active
2025-07-01,CUST-0300,Professional,51,599.0,0.1,1085.52,13026.2,Annual,2026-07-01,Active
2025-08-01,CUST-0300,Professional,49,599.0,0.1,1047.26,12567.18,Annual,2026-07-01,Active
2025-09-01,CUST-0300,Professional,51,599.0,0.1,1090.79,13089.44,Annual,2026-07-01,Active
2025-10-01,CUST-0300,Professional,53,599.0,0.1,1134.51,13614.08,Annual,2026-07-01,Active
2025-11-01,CUST-0300,Professional,51,599.0,0.1,1096.06,13152.67,Annual,2026-07-01,Active
2025-12-01,CUST-0300,Professional,57,599.0,0.1,1222.54,14670.48,Annual,2026-07-01,Active
2026-01-01,CUST-0300,Professional,61,599.0,0.1,1308.24,15698.83,Annual,2027-07-01,Active
2026-02-01,CUST-0300,Professional,57,599.0,0.1,1228.4,14740.84,Annual,2027-07-01,Active
2026-03-01,CUST-0300,Professional,54,599.0,0.1,1168.96,14027.58,Annual,2027-07-01,Active
2026-04-01,CUST-0300,Professional,60,599.0,0.1,1296.79,15561.42,Annual,2027-07-01,Active
2026-05-01,CUST-0300,Professional,61,599.0,0.1,1320.75,15849.05,Annual,2027-07-01,Active
2026-06-01,CUST-0300,Professional,58,599.0,0.1,1261.07,15132.83,Annual,2027-07-01,Active
2025-01-01,CUST-0301,Professional,36,599.0,0.1,773.93,9287.16,Annual,2026-04-01,Active
2025-02-01,CUST-0301,Professional,41,599.0,0.1,877.3,10527.57,Annual,2026-04-01,Active
2025-03-01,CUST-0301,Professional,42,599.0,0.1,899.78,10797.38,Annual,2026-04-01,Active
2025-04-01,CUST-0301,Professional,35,599.0,0.1,759.21,9110.56,Annual,2026-04-01,Active
2025-05-01,CUST-0301,Professional,41,599.0,0.1,883.72,10604.6,Annual,2026-04-01,Active
2025-06-01,CUST-0301,Professional,40,599.0,0.1,865.36,10384.36,Annual,2026-04-01,Active
2025-07-01,CUST-0301,Professional,36,599.0,0.1,785.28,9423.41,Annual,2026-04-01,Active
2025-08-01,CUST-0301,Professional,39,599.0,0.1,848.95,10187.42,Annual,2026-04-01,Active
2025-09-01,CUST-0301,Professional,40,599.0,0.1,871.63,10459.61,Annual,2026-04-01,Active
2025-10-01,CUST-0301,Professional,35,599.0,0.1,770.27,9243.23,Annual,2026-04-01,Active
2025-11-01,CUST-0301,Professional,41,599.0,0.1,896.56,10758.66,Annual,2026-04-01,Active
2025-12-01,CUST-0301,Professional,42,599.0,0.1,919.49,11033.82,Annual,2026-04-01,Active
2026-01-01,CUST-0301,Professional,45,599.0,0.1,984.19,11810.31,Annual,2027-04-01,Active
2026-02-01,CUST-0301,Professional,44,599.0,0.1,965.64,11587.7,Annual,2027-04-01,Active
2026-03-01,CUST-0301,Professional,46,599.0,0.1,1009.81,12117.68,Annual,2027-04-01,Active
2026-04-01,CUST-0301,Professional,47,599.0,0.1,1033.18,12398.18,Annual,2027-04-01,Active
2026-05-01,CUST-0301,Professional,46,599.0,0.1,1014.58,12174.97,Annual,2027-04-01,Active
2026-06-01,CUST-0301,Professional,47,599.0,0.1,1038.06,12456.67,Annual,2027-04-01,Active
2025-01-01,CUST-0302,Starter,13,149.0,0.0,261.65,3139.83,Monthly,2026-12-01,Active
2025-02-01,CUST-0302,Starter,14,149.0,0.0,276.37,3316.5,Monthly,2026-12-01,Active
2025-03-01,CUST-0302,Starter,14,149.0,0.0,277.06,3324.75,Monthly,2026-12-01,Active
2025-04-01,CUST-0302,Starter,15,149.0,0.0,291.89,3502.68,Monthly,2026-12-01,Active
2025-05-01,CUST-0302,Starter,15,149.0,0.0,292.61,3511.35,Monthly,2026-12-01,Active
2025-06-01,CUST-0302,Starter,14,149.0,0.0,279.12,3349.5,Monthly,2026-12-01,Active
2025-07-01,CUST-0302,Starter,15,149.0,0.0,294.06,3528.69,Monthly,2026-12-01,Active
2025-08-01,CUST-0302,Starter,14,149.0,0.0,280.5,3366.0,Monthly,2026-12-01,Active
2025-09-01,CUST-0302,Starter,15,149.0,0.0,295.5,3546.03,Monthly,2026-12-01,Active
2025-10-01,CUST-0302,Starter,14,149.0,0.0,281.88,3382.5,Monthly,2026-12-01,Active
2025-11-01,CUST-0302,Starter,14,149.0,0.0,282.56,3390.75,Monthly,2026-12-01,Active
2025-12-01,CUST-0302,Starter,14,149.0,0.0,283.25,3399.0,Monthly,2026-12-01,Active
2026-01-01,CUST-0302,Starter,14,149.0,0.0,283.94,3407.25,Monthly,2027-12-01,Active
2026-02-01,CUST-0302,Starter,14,149.0,0.0,284.62,3415.5,Monthly,2027-12-01,Active
2026-03-01,CUST-0302,Starter,15,149.0,0.0,299.84,3598.05,Monthly,2027-12-01,Active
2026-04-01,CUST-0302,Starter,16,149.0,0.0,315.12,3781.44,Monthly,2027-12-01,Active
2026-05-01,CUST-0302,Starter,16,149.0,0.0,315.88,3790.53,Monthly,2027-12-01,Active
2026-06-01,CUST-0302,Starter,16,149.0,0.0,316.63,3799.62,Monthly,2027-12-01,Active
2025-01-01,CUST-0303,Professional,25,599.0,0.1,539.1,6469.2,Annual,2026-01-01,Active
2025-02-01,CUST-0303,Professional,25,599.0,0.1,540.45,6485.37,Annual,2026-01-01,Active
2025-03-01,CUST-0303,Professional,25,599.0,0.1,541.8,6501.55,Annual,2026-01-01,Active
2025-04-01,CUST-0303,Professional,25,599.0,0.1,543.14,6517.72,Annual,2026-01-01,Active
2025-05-01,CUST-0303,Professional,25,599.0,0.1,544.49,6533.89,Annual,2026-01-01,Active
2025-06-01,CUST-0303,Professional,25,599.0,0.1,545.84,6550.07,Annual,2026-01-01,Active
2025-07-01,CUST-0303,Professional,25,599.0,0.1,547.19,6566.24,Annual,2026-01-01,Active
2025-08-01,CUST-0303,Professional,25,599.0,0.1,548.53,6582.41,Annual,2026-01-01,Active
2025-09-01,CUST-0303,Professional,25,599.0,0.1,549.88,6598.58,Annual,2026-01-01,Active
2025-10-01,CUST-0303,Professional,25,599.0,0.1,551.23,6614.76,Annual,2026-01-01,Active
2025-11-01,CUST-0303,Professional,25,599.0,0.1,552.58,6630.93,Annual,2026-01-01,Active
2025-12-01,CUST-0303,Professional,25,599.0,0.1,553.93,6647.1,Annual,2026-01-01,Active
2026-01-01,CUST-0303,Professional,25,599.0,0.1,555.27,6663.28,Annual,2027-01-01,Active
2026-02-01,CUST-0303,Professional,25,599.0,0.1,556.62,6679.45,Annual,2027-01-01,Active
2026-03-01,CUST-0303,Professional,25,599.0,0.1,557.97,6695.62,Annual,2027-01-01,Active
2026-04-01,CUST-0303,Professional,25,599.0,0.1,559.32,6711.8,Annual,2027-01-01,Active
2026-05-01,CUST-0303,Professional,25,599.0,0.1,560.66,6727.97,Annual,2027-01-01,Active
2026-06-01,CUST-0303,Professional,25,599.0,0.1,562.01,6744.14,Annual,2027-01-01,Active
2026-03-01,CUST-0304,Starter,18,149.0,0.0,331.0,3972.0,Monthly,2027-03-01,Active
2026-04-01,CUST-0304,Starter,18,149.0,0.0,331.83,3981.93,Monthly,2027-03-01,Active
2026-05-01,CUST-0304,Starter,16,149.0,0.0,304.51,3654.18,Monthly,2027-03-01,Active
2026-06-01,CUST-0304,Starter,17,149.0,0.0,319.38,3832.53,Monthly,2027-03-01,Active
2025-01-01,CUST-0305,Starter,5,149.0,0.1,137.45,1649.43,Annual,2026-03-01,Active
2025-02-01,CUST-0305,Starter,5,149.0,0.1,137.79,1653.45,Annual,2026-03-01,Active
2025-03-01,CUST-0305,Starter,5,149.0,0.1,138.12,1657.48,Annual,2026-03-01,Active
2025-04-01,CUST-0305,Starter,5,149.0,0.1,138.46,1661.5,Annual,2026-03-01,Active
2025-05-01,CUST-0305,Starter,5,149.0,0.1,138.79,1665.52,Annual,2026-03-01,Active
2025-06-01,CUST-0305,Starter,5,149.0,0.1,139.13,1669.55,Annual,2026-03-01,Active
2025-07-01,CUST-0305,Starter,5,149.0,0.1,139.46,1673.57,Annual,2026-03-01,Active
2025-08-01,CUST-0305,Starter,5,149.0,0.1,139.8,1677.59,Annual,2026-03-01,Active
2025-09-01,CUST-0305,Starter,5,149.0,0.1,140.13,1681.61,Annual,2026-03-01,Active
2025-10-01,CUST-0305,Starter,5,149.0,0.1,140.47,1685.64,Annual,2026-03-01,Active
2025-11-01,CUST-0305,Starter,5,149.0,0.1,140.81,1689.66,Annual,2026-03-01,Active
2026-02-01,CUST-0306,Starter,5,149.0,0.0,149.0,1788.0,Monthly,2027-02-01,Active
2026-03-01,CUST-0306,Starter,5,149.0,0.0,149.37,1792.47,Monthly,2027-02-01,Active
2026-04-01,CUST-0306,Starter,5,149.0,0.0,149.74,1796.94,Monthly,2027-02-01,Active
2026-05-01,CUST-0306,Starter,5,149.0,0.0,150.12,1801.41,Monthly,2027-02-01,Active
2026-06-01,CUST-0306,Starter,5,149.0,0.0,150.49,1805.88,Monthly,2027-02-01,Active
2025-07-01,CUST-0307,Starter,10,149.0,0.0,219.0,2628.0,Monthly,2026-07-01,Active
2025-08-01,CUST-0307,Starter,11,149.0,0.0,233.58,2802.99,Monthly,2026-07-01,Active
2025-09-01,CUST-0307,Starter,10,149.0,0.0,220.09,2641.14,Monthly,2026-07-01,Active
2025-10-01,CUST-0307,Starter,10,149.0,0.0,220.64,2647.71,Monthly,2026-07-01,Active
2025-11-01,CUST-0307,Starter,11,149.0,0.0,235.33,2823.96,Monthly,2026-07-01,Active
2025-12-01,CUST-0307,Starter,11,149.0,0.0,235.91,2830.95,Monthly,2026-07-01,Active
2026-01-01,CUST-0307,Starter,11,149.0,0.0,236.49,2837.94,Monthly,2027-07-01,Active
2026-02-01,CUST-0307,Starter,12,149.0,0.0,251.32,3015.87,Monthly,2027-07-01,Active
2026-03-01,CUST-0307,Starter,12,149.0,0.0,251.94,3023.28,Monthly,2027-07-01,Active
2026-04-01,CUST-0307,Starter,11,149.0,0.0,238.24,2858.91,Monthly,2027-07-01,Active
2026-05-01,CUST-0307,Starter,12,149.0,0.0,253.17,3038.1,Monthly,2027-07-01,Active
2026-06-01,CUST-0307,Starter,12,149.0,0.0,253.79,3045.51,Monthly,2027-07-01,Active
2026-01-01,CUST-0308,Professional,51,599.0,0.0,1171.0,14052.0,Monthly,2027-01-01,Active
2026-02-01,CUST-0308,Professional,54,599.0,0.0,1240.09,14881.11,Monthly,2027-01-01,Active
2026-03-01,CUST-0308,Professional,55,599.0,0.0,1265.29,15183.54,Monthly,2027-01-01,Active
2026-04-01,CUST-0308,Professional,54,599.0,0.0,1246.28,14955.33,Monthly,2027-01-01,Active
2026-05-01,CUST-0308,Professional,59,599.0,0.0,1360.47,16325.64,Monthly,2027-01-01,Active
2026-06-01,CUST-0308,Professional,55,599.0,0.0,1274.74,15296.85,Monthly,2027-01-01,Active
2025-04-01,CUST-0309,Starter,12,149.0,0.1,222.3,2667.6,Annual,2026-04-01,Active
2025-05-01,CUST-0309,Starter,13,149.0,0.1,235.49,2825.85,Annual,2026-04-01,Active
2025-06-01,CUST-0309,Starter,13,149.0,0.1,236.07,2832.89,Annual,2026-04-01,Active
2025-07-01,CUST-0309,Starter,12,149.0,0.1,223.97,2687.61,Annual,2026-04-01,Active
2025-08-01,CUST-0309,Starter,12,149.0,0.1,224.52,2694.28,Annual,2026-04-01,Active
2025-09-01,CUST-0309,Starter,13,149.0,0.1,237.84,2854.03,Annual,2026-04-01,Active
2025-04-01,CUST-0310,Starter,5,149.0,0.1,134.1,1609.2,Annual,2026-04-01,Active
2025-05-01,CUST-0310,Starter,5,149.0,0.1,134.44,1613.22,Annual,2026-04-01,Active
2025-06-01,CUST-0310,Starter,5,149.0,0.1,134.77,1617.25,Annual,2026-04-01,Active
2025-07-01,CUST-0310,Starter,5,149.0,0.1,135.11,1621.27,Annual,2026-04-01,Active
2025-08-01,CUST-0310,Starter,5,149.0,0.1,135.44,1625.29,Annual,2026-04-01,Active
2025-09-01,CUST-0310,Starter,5,149.0,0.1,135.78,1629.31,Annual,2026-04-01,Active
2025-10-01,CUST-0310,Starter,5,149.0,0.1,136.11,1633.34,Annual,2026-04-01,Active
2025-11-01,CUST-0310,Starter,5,149.0,0.1,136.45,1637.36,Annual,2026-04-01,Active
2025-12-01,CUST-0310,Starter,5,149.0,0.1,136.78,1641.38,Annual,2026-04-01,Active
2026-01-01,CUST-0310,Starter,5,149.0,0.1,137.12,1645.41,Annual,2027-04-01,Active
2026-02-01,CUST-0310,Starter,5,149.0,0.1,137.45,1649.43,Annual,2027-04-01,Active
2026-03-01,CUST-0310,Starter,5,149.0,0.1,137.79,1653.45,Annual,2027-04-01,Active
2026-04-01,CUST-0310,Starter,5,149.0,0.1,138.12,1657.48,Annual,2027-04-01,Active
2026-05-01,CUST-0310,Starter,5,149.0,0.1,138.46,1661.5,Annual,2027-04-01,Active
2026-06-01,CUST-0310,Starter,5,149.0,0.1,138.79,1665.52,Annual,2027-04-01,Active
2025-03-01,CUST-0311,Starter,5,149.0,0.1,134.1,1609.2,Annual,2026-03-01,Active
2025-04-01,CUST-0311,Starter,5,149.0,0.1,134.44,1613.22,Annual,2026-03-01,Active
2025-05-01,CUST-0311,Starter,5,149.0,0.1,134.77,1617.25,Annual,2026-03-01,Active
2025-06-01,CUST-0311,Starter,5,149.0,0.1,135.11,1621.27,Annual,2026-03-01,Active
2025-07-01,CUST-0311,Starter,5,149.0,0.1,135.44,1625.29,Annual,2026-03-01,Active
2025-08-01,CUST-0311,Starter,5,149.0,0.1,135.78,1629.31,Annual,2026-03-01,Active
2025-09-01,CUST-0311,Starter,5,149.0,0.1,136.11,1633.34,Annual,2026-03-01,Active
2025-10-01,CUST-0311,Starter,5,149.0,0.1,136.45,1637.36,Annual,2026-03-01,Active
2025-11-01,CUST-0311,Starter,5,149.0,0.1,136.78,1641.38,Annual,2026-03-01,Active
2025-12-01,CUST-0311,Starter,5,149.0,0.1,137.12,1645.41,Annual,2026-03-01,Active
2026-01-01,CUST-0311,Starter,5,149.0,0.1,137.45,1649.43,Annual,2027-03-01,Active
2026-02-01,CUST-0311,Starter,6,149.0,0.1,150.73,1808.81,Annual,2027-03-01,Active
2026-03-01,CUST-0311,Starter,5,149.0,0.1,138.12,1657.48,Annual,2027-03-01,Active
2026-04-01,CUST-0311,Starter,5,149.0,0.1,138.46,1661.5,Annual,2027-03-01,Active
2026-05-01,CUST-0311,Starter,5,149.0,0.1,138.79,1665.52,Annual,2027-03-01,Active
2026-06-01,CUST-0311,Starter,5,149.0,0.1,139.13,1669.55,Annual,2027-03-01,Active
2025-01-01,CUST-0312,Enterprise,241,2499.0,0.13,5976.9,71722.8,Annual,2026-01-01,Active
2025-02-01,CUST-0312,Enterprise,258,2499.0,0.13,6451.48,77417.74,Annual,2026-01-01,Active
2025-03-01,CUST-0312,Enterprise,265,2499.0,0.13,6657.3,79887.61,Annual,2026-01-01,Active
2025-04-01,CUST-0312,Enterprise,267,2499.0,0.13,6728.21,80738.47,Annual,2026-01-01,Active
2025-05-01,CUST-0312,Enterprise,282,2499.0,0.13,7153.5,85841.96,Annual,2026-01-01,Active
2025-06-01,CUST-0312,Enterprise,262,2499.0,0.13,6625.06,79500.73,Annual,2026-01-01,Active
2025-07-01,CUST-0312,Enterprise,289,2499.0,0.13,7380.53,88566.38,Annual,2026-01-01,Active
2025-08-01,CUST-0312,Enterprise,257,2499.0,0.13,6520.57,78246.81,Annual,2026-01-01,Active
2025-09-01,CUST-0312,Enterprise,264,2499.0,0.13,6729.15,80749.85,Annual,2026-01-01,Active
2025-10-01,CUST-0312,Enterprise,281,2499.0,0.13,7214.45,86573.44,Annual,2026-01-01,Active
2025-11-01,CUST-0312,Enterprise,297,2499.0,0.13,7674.4,92092.81,Annual,2026-01-01,Active
2025-12-01,CUST-0312,Enterprise,318,2499.0,0.13,8275.06,99300.76,Annual,2026-01-01,Active
2026-01-01,CUST-0312,Enterprise,312,2499.0,0.13,8128.52,97542.28,Annual,2027-01-01,Active
2026-02-01,CUST-0312,Enterprise,316,2499.0,0.13,8259.64,99115.66,Annual,2027-01-01,Active
2026-03-01,CUST-0312,Enterprise,340,2499.0,0.13,8949.57,107394.87,Annual,2027-01-01,Active
2026-04-01,CUST-0312,Enterprise,343,2499.0,0.13,9055.13,108661.61,Annual,2027-01-01,Active
2026-05-01,CUST-0312,Enterprise,348,2499.0,0.13,9217.2,110606.37,Annual,2027-01-01,Active
2026-06-01,CUST-0312,Enterprise,342,2499.0,0.13,9070.66,108847.88,Annual,2027-01-01,Active
2026-02-01,CUST-0313,Starter,12,149.0,0.1,222.3,2667.6,Annual,2027-02-01,Active
2026-03-01,CUST-0313,Starter,12,149.0,0.1,222.86,2674.27,Annual,2027-02-01,Active
2026-04-01,CUST-0313,Starter,12,149.0,0.1,223.41,2680.94,Annual,2027-02-01,Active
2026-05-01,CUST-0313,Starter,12,149.0,0.1,223.97,2687.61,Annual,2027-02-01,Active
2026-06-01,CUST-0313,Starter,12,149.0,0.1,224.52,2694.28,Annual,2027-02-01,Active
2025-01-01,CUST-0314,Starter,6,149.0,0.0,166.26,1995.12,Monthly,2026-05-01,Active
2025-02-01,CUST-0314,Starter,6,149.0,0.0,166.67,2000.01,Monthly,2026-05-01,Active
2025-03-01,CUST-0314,Starter,6,149.0,0.0,167.07,2004.9,Monthly,2026-05-01,Active
2025-04-01,CUST-0314,Starter,7,149.0,0.0,181.87,2182.41,Monthly,2026-05-01,Active
2025-05-01,CUST-0314,Starter,6,149.0,0.0,167.89,2014.68,Monthly,2026-05-01,Active
2025-06-01,CUST-0314,Starter,6,149.0,0.0,168.3,2019.57,Monthly,2026-05-01,Active
2025-07-01,CUST-0314,Starter,6,149.0,0.0,168.7,2024.46,Monthly,2026-05-01,Active
2025-08-01,CUST-0314,Starter,6,149.0,0.0,169.11,2029.35,Monthly,2026-05-01,Active
2025-09-01,CUST-0314,Starter,6,149.0,0.0,169.52,2034.24,Monthly,2026-05-01,Active
2025-10-01,CUST-0314,Starter,6,149.0,0.0,169.93,2039.13,Monthly,2026-05-01,Active
2025-11-01,CUST-0314,Starter,6,149.0,0.0,170.33,2044.02,Monthly,2026-05-01,Active
2025-12-01,CUST-0314,Starter,6,149.0,0.0,170.74,2048.91,Monthly,2026-05-01,Active
2026-01-01,CUST-0314,Starter,6,149.0,0.0,171.15,2053.8,Monthly,2027-05-01,Active
2026-02-01,CUST-0314,Starter,6,149.0,0.0,171.56,2058.69,Monthly,2027-05-01,Active
2026-03-01,CUST-0314,Starter,6,149.0,0.0,171.97,2063.58,Monthly,2027-05-01,Active
2026-04-01,CUST-0314,Starter,7,149.0,0.0,187.18,2246.13,Monthly,2027-05-01,Active
2026-05-01,CUST-0314,Starter,7,149.0,0.0,187.62,2251.44,Monthly,2027-05-01,Active
2026-06-01,CUST-0314,Starter,7,149.0,0.0,188.06,2256.75,Monthly,2027-05-01,Active
2025-01-01,CUST-0315,Starter,5,149.0,0.0,150.49,1805.88,Monthly,2026-09-01,Active
2025-02-01,CUST-0315,Starter,5,149.0,0.0,150.86,1810.35,Monthly,2026-09-01,Active
2025-03-01,CUST-0315,Starter,5,149.0,0.0,151.23,1814.82,Monthly,2026-09-01,Active
2025-04-01,CUST-0315,Starter,5,149.0,0.0,151.61,1819.29,Monthly,2026-09-01,Active
2025-05-01,CUST-0315,Starter,5,149.0,0.0,151.98,1823.76,Monthly,2026-09-01,Active
2025-06-01,CUST-0315,Starter,5,149.0,0.0,152.35,1828.23,Monthly,2026-09-01,Active
2025-07-01,CUST-0315,Starter,5,149.0,0.0,152.72,1832.7,Monthly,2026-09-01,Active
2025-08-01,CUST-0315,Starter,5,149.0,0.0,153.1,1837.17,Monthly,2026-09-01,Active
2025-09-01,CUST-0315,Starter,5,149.0,0.0,153.47,1841.64,Monthly,2026-09-01,Active
2025-10-01,CUST-0315,Starter,5,149.0,0.0,153.84,1846.11,Monthly,2026-09-01,Active
2025-11-01,CUST-0315,Starter,5,149.0,0.0,154.21,1850.58,Monthly,2026-09-01,Active
2025-12-01,CUST-0315,Starter,5,149.0,0.0,154.59,1855.05,Monthly,2026-09-01,Active
2026-01-01,CUST-0315,Starter,5,149.0,0.0,154.96,1859.52,Monthly,2027-09-01,Active
2026-02-01,CUST-0315,Starter,5,149.0,0.0,155.33,1863.99,Monthly,2027-09-01,Active
2026-03-01,CUST-0315,Starter,5,149.0,0.0,155.7,1868.46,Monthly,2027-09-01,Active
2026-04-01,CUST-0315,Starter,5,149.0,0.0,156.08,1872.93,Monthly,2027-09-01,Active
2026-05-01,CUST-0315,Starter,5,149.0,0.0,156.45,1877.4,Monthly,2027-09-01,Active
2026-06-01,CUST-0315,Starter,5,149.0,0.0,156.82,1881.87,Monthly,2027-09-01,Active
2025-02-01,CUST-0316,Enterprise,100,2499.0,0.0,2499.0,29988.0,Monthly,2026-02-01,Active
2025-03-01,CUST-0316,Enterprise,100,2499.0,0.0,2505.25,30062.97,Monthly,2026-02-01,Active
2025-04-01,CUST-0316,Enterprise,100,2499.0,0.0,2511.49,30137.94,Monthly,2026-02-01,Active
2025-05-01,CUST-0316,Enterprise,100,2499.0,0.0,2517.74,30212.91,Monthly,2026-02-01,Active
2025-06-01,CUST-0316,Enterprise,100,2499.0,0.0,2523.99,30287.88,Monthly,2026-02-01,Active
2025-07-01,CUST-0316,Enterprise,100,2499.0,0.0,2530.24,30362.85,Monthly,2026-02-01,Active
2025-08-01,CUST-0316,Enterprise,100,2499.0,0.0,2536.48,30437.82,Monthly,2026-02-01,Active
2025-09-01,CUST-0316,Enterprise,100,2499.0,0.0,2542.73,30512.79,Monthly,2026-02-01,Active
2025-10-01,CUST-0316,Enterprise,100,2499.0,0.0,2548.98,30587.76,Monthly,2026-02-01,Active
2025-11-01,CUST-0316,Enterprise,100,2499.0,0.0,2555.23,30662.73,Monthly,2026-02-01,Active
2025-12-01,CUST-0316,Enterprise,100,2499.0,0.0,2561.47,30737.7,Monthly,2026-02-01,Active
2026-01-01,CUST-0316,Enterprise,100,2499.0,0.0,2567.72,30812.67,Monthly,2027-02-01,Active
2026-02-01,CUST-0316,Enterprise,100,2499.0,0.0,2573.97,30887.64,Monthly,2027-02-01,Active
2026-03-01,CUST-0316,Enterprise,100,2499.0,0.0,2580.22,30962.61,Monthly,2027-02-01,Active
2026-04-01,CUST-0316,Enterprise,100,2499.0,0.0,2586.46,31037.58,Monthly,2027-02-01,Active
2026-05-01,CUST-0316,Enterprise,100,2499.0,0.0,2592.71,31112.55,Monthly,2027-02-01,Active
2026-06-01,CUST-0316,Enterprise,100,2499.0,0.0,2598.96,31187.52,Monthly,2027-02-01,Active
2025-12-01,CUST-0317,Professional,35,599.0,0.1,737.1,8845.2,Annual,2026-12-01,Active
2026-01-01,CUST-0317,Professional,37,599.0,0.1,778.64,9343.7,Annual,2027-12-01,Active
2026-02-01,CUST-0317,Professional,40,599.0,0.1,840.28,10083.37,Annual,2027-12-01,Active
2026-03-01,CUST-0317,Professional,42,599.0,0.1,882.27,10587.21,Annual,2027-12-01,Active
2026-04-01,CUST-0317,Professional,39,599.0,0.1,824.46,9893.56,Annual,2027-12-01,Active
2026-05-01,CUST-0317,Professional,39,599.0,0.1,826.5,9918.05,Annual,2027-12-01,Active
2026-06-01,CUST-0317,Professional,40,599.0,0.1,848.64,10183.7,Annual,2027-12-01,Active
2026-01-01,CUST-0318,Starter,11,149.0,0.1,209.7,2516.4,Annual,2027-01-01,Active
2026-02-01,CUST-0318,Starter,11,149.0,0.1,210.22,2522.69,Annual,2027-01-01,Active
2026-03-01,CUST-0318,Starter,13,149.0,0.1,236.07,2832.89,Annual,2027-01-01,Active
2026-04-01,CUST-0318,Starter,13,149.0,0.1,236.66,2839.94,Annual,2027-01-01,Active
2026-05-01,CUST-0318,Starter,13,149.0,0.1,237.25,2846.99,Annual,2027-01-01,Active
2026-06-01,CUST-0318,Starter,11,149.0,0.1,212.32,2547.86,Annual,2027-01-01,Active
2025-01-01,CUST-0319,Starter,9,149.0,0.1,184.96,2219.53,Annual,2026-12-01,Active
2025-02-01,CUST-0319,Starter,9,149.0,0.1,185.42,2225.07,Annual,2026-12-01,Active
2025-03-01,CUST-0319,Starter,10,149.0,0.1,198.58,2382.94,Annual,2026-12-01,Active
2025-04-01,CUST-0319,Starter,9,149.0,0.1,186.34,2236.14,Annual,2026-12-01,Active
2025-05-01,CUST-0319,Starter,9,149.0,0.1,186.81,2241.68,Annual,2026-12-01,Active
2025-06-01,CUST-0319,Starter,9,149.0,0.1,187.27,2247.21,Annual,2026-12-01,Active
2025-07-01,CUST-0319,Starter,9,149.0,0.1,187.73,2252.75,Annual,2026-12-01,Active
2025-08-01,CUST-0319,Starter,8,149.0,0.1,175.34,2104.06,Annual,2026-12-01,Active
2025-09-01,CUST-0319,Starter,8,149.0,0.1,175.77,2109.21,Annual,2026-12-01,Active
2025-10-01,CUST-0319,Starter,9,149.0,0.1,189.11,2269.35,Annual,2026-12-01,Active
2025-11-01,CUST-0319,Starter,8,149.0,0.1,176.63,2119.53,Annual,2026-12-01,Active
2025-12-01,CUST-0319,Starter,8,149.0,0.1,177.06,2124.68,Annual,2026-12-01,Active
2026-01-01,CUST-0319,Starter,10,149.0,0.1,203.51,2442.07,Annual,2027-12-01,Active
2026-02-01,CUST-0319,Starter,9,149.0,0.1,190.96,2291.49,Annual,2027-12-01,Active
2026-03-01,CUST-0319,Starter,9,149.0,0.1,191.42,2297.03,Annual,2027-12-01,Active
2026-04-01,CUST-0319,Starter,9,149.0,0.1,191.88,2302.56,Annual,2027-12-01,Active
2026-05-01,CUST-0319,Starter,10,149.0,0.1,205.48,2465.72,Annual,2027-12-01,Active
2026-06-01,CUST-0319,Starter,10,149.0,0.1,205.97,2471.63,Annual,2027-12-01,Active
2025-01-01,CUST-0320,Professional,66,599.0,0.1,1361.03,16332.38,Annual,2026-10-01,Active
2025-02-01,CUST-0320,Professional,62,599.0,0.1,1284.42,15413.0,Annual,2026-10-01,Active
2025-03-01,CUST-0320,Professional,70,599.0,0.1,1447.98,17375.72,Annual,2026-10-01,Active
2025-04-01,CUST-0320,Professional,68,599.0,0.1,1411.36,16936.29,Annual,2026-10-01,Active
2025-05-01,CUST-0320,Professional,69,599.0,0.1,1434.98,17219.76,Annual,2026-10-01,Active
2025-06-01,CUST-0320,Professional,67,599.0,0.1,1398.11,16777.37,Annual,2026-10-01,Active
2025-07-01,CUST-0320,Professional,60,599.0,0.1,1259.82,15117.87,Annual,2026-10-01,Active
2025-08-01,CUST-0320,Professional,74,599.0,0.1,1547.03,18564.39,Annual,2026-10-01,Active
2025-09-01,CUST-0320,Professional,68,599.0,0.1,1428.74,17144.87,Annual,2026-10-01,Active
2025-10-01,CUST-0320,Professional,75,599.0,0.1,1574.97,18899.68,Annual,2026-10-01,Active
2025-11-01,CUST-0320,Professional,72,599.0,0.1,1517.47,18209.58,Annual,2026-10-01,Active
2025-12-01,CUST-0320,Professional,80,599.0,0.1,1685.08,20221.0,Annual,2026-10-01,Active
2026-01-01,CUST-0320,Enterprise,100,2499.0,0.13,2255.66,27067.92,Annual,2027-10-01,Active
2026-02-01,CUST-0320,Enterprise,100,2499.0,0.13,2261.1,27133.14,Annual,2027-10-01,Active
2026-03-01,CUST-0320,Enterprise,100,2499.0,0.13,2266.53,27198.37,Annual,2027-10-01,Active
2026-04-01,CUST-0320,Enterprise,100,2499.0,0.13,2271.97,27263.59,Annual,2027-10-01,Active
2026-05-01,CUST-0320,Enterprise,100,2499.0,0.13,2277.4,27328.81,Annual,2027-10-01,Active
2026-06-01,CUST-0320,Enterprise,100,2499.0,0.13,2282.84,27394.04,Annual,2027-10-01,Active
2025-04-01,CUST-0321,Starter,7,149.0,0.1,159.3,1911.6,Annual,2026-04-01,Active
2025-05-01,CUST-0321,Starter,7,149.0,0.1,159.7,1916.38,Annual,2026-04-01,Active
2025-06-01,CUST-0321,Starter,7,149.0,0.1,160.1,1921.16,Annual,2026-04-01,Active
2025-07-01,CUST-0321,Starter,7,149.0,0.1,160.49,1925.94,Annual,2026-04-01,Active
2025-08-01,CUST-0321,Starter,7,149.0,0.1,160.89,1930.72,Annual,2026-04-01,Active
2025-09-01,CUST-0321,Starter,6,149.0,0.1,148.53,1782.4,Annual,2026-04-01,Active
2025-10-01,CUST-0321,Starter,7,149.0,0.1,161.69,1940.27,Annual,2026-04-01,Active
2025-11-01,CUST-0321,Starter,7,149.0,0.1,162.09,1945.05,Annual,2026-04-01,Active
2025-12-01,CUST-0321,Starter,7,149.0,0.1,162.49,1949.83,Annual,2026-04-01,Active
2026-01-01,CUST-0321,Starter,7,149.0,0.1,162.88,1954.61,Annual,2027-04-01,Active
2026-02-01,CUST-0321,Starter,7,149.0,0.1,163.28,1959.39,Annual,2027-04-01,Active
2026-03-01,CUST-0321,Starter,7,149.0,0.1,163.68,1964.17,Annual,2027-04-01,Active
2026-04-01,CUST-0321,Starter,7,149.0,0.1,164.08,1968.95,Annual,2027-04-01,Active
2026-05-01,CUST-0321,Starter,7,149.0,0.1,164.48,1973.73,Annual,2027-04-01,Active
2026-06-01,CUST-0321,Starter,7,149.0,0.1,164.88,1978.51,Annual,2027-04-01,Active
2025-01-01,CUST-0322,Enterprise,277,2499.0,0.13,7017.3,84207.58,Annual,2026-09-01,Active
2025-02-01,CUST-0322,Enterprise,311,2499.0,0.13,7963.11,95557.32,Annual,2026-09-01,Active
2025-03-01,CUST-0322,Enterprise,303,2499.0,0.13,7763.78,93165.31,Annual,2026-09-01,Active
2025-04-01,CUST-0322,Enterprise,319,2499.0,0.13,8221.97,98663.64,Annual,2026-09-01,Active
2025-05-01,CUST-0322,Enterprise,338,2499.0,0.13,8764.85,105178.2,Annual,2026-09-01,Active
2025-06-01,CUST-0322,Enterprise,306,2499.0,0.13,7903.87,94846.49,Annual,2026-09-01,Active
2025-07-01,CUST-0322,Enterprise,341,2499.0,0.13,8890.75,106688.97,Annual,2026-09-01,Active
2025-08-01,CUST-0322,Enterprise,339,2499.0,0.13,8857.01,106284.11,Annual,2026-09-01,Active
2025-09-01,CUST-0322,Enterprise,348,2499.0,0.13,9128.57,109542.85,Annual,2026-09-01,Active
2025-10-01,CUST-0322,Enterprise,333,2499.0,0.13,8733.03,104796.35,Annual,2026-09-01,Active
2025-11-01,CUST-0322,Enterprise,324,2499.0,0.13,8502.95,102035.39,Annual,2026-09-01,Active
2025-12-01,CUST-0322,Enterprise,356,2499.0,0.13,9418.89,113026.7,Annual,2026-09-01,Active
2026-01-01,CUST-0322,Enterprise,358,2499.0,0.13,9497.69,113972.23,Annual,2027-09-01,Active
2026-02-01,CUST-0322,Enterprise,376,2499.0,0.13,10026.61,120319.3,Annual,2027-09-01,Active
2026-03-01,CUST-0322,Enterprise,364,2499.0,0.13,9712.45,116549.39,Annual,2027-09-01,Active
2026-04-01,CUST-0322,Enterprise,382,2499.0,0.13,10244.2,122930.45,Annual,2027-09-01,Active
2026-05-01,CUST-0322,Enterprise,395,2499.0,0.13,10636.79,127641.53,Annual,2027-09-01,Active
2026-06-01,CUST-0322,Enterprise,406,2499.0,0.13,10974.36,131692.38,Annual,2027-09-01,Active
2026-04-01,CUST-0323,Professional,30,599.0,0.1,638.1,7657.2,Annual,2027-04-01,Active
2026-05-01,CUST-0323,Professional,31,599.0,0.1,659.54,7914.54,Annual,2027-04-01,Active
2026-06-01,CUST-0323,Professional,30,599.0,0.1,641.29,7695.49,Annual,2027-04-01,Active
2025-04-01,CUST-0324,Starter,5,149.0,0.0,149.0,1788.0,Monthly,2026-04-01,Active
2025-05-01,CUST-0324,Starter,5,149.0,0.0,149.37,1792.47,Monthly,2026-04-01,Active
2025-06-01,CUST-0324,Starter,5,149.0,0.0,149.74,1796.94,Monthly,2026-04-01,Active
2025-07-01,CUST-0324,Starter,5,149.0,0.0,150.12,1801.41,Monthly,2026-04-01,Active
2025-08-01,CUST-0324,Starter,5,149.0,0.0,150.49,1805.88,Monthly,2026-04-01,Active
2025-09-01,CUST-0324,Starter,5,149.0,0.0,150.86,1810.35,Monthly,2026-04-01,Active
2025-10-01,CUST-0324,Starter,5,149.0,0.0,151.23,1814.82,Monthly,2026-04-01,Active
2025-11-01,CUST-0324,Starter,5,149.0,0.0,151.61,1819.29,Monthly,2026-04-01,Active
2025-12-01,CUST-0324,Starter,5,149.0,0.0,151.98,1823.76,Monthly,2026-04-01,Active
2026-01-01,CUST-0324,Starter,5,149.0,0.0,152.35,1828.23,Monthly,2027-04-01,Active
2026-02-01,CUST-0324,Starter,5,149.0,0.0,152.72,1832.7,Monthly,2027-04-01,Active
2026-03-01,CUST-0324,Starter,5,149.0,0.0,153.1,1837.17,Monthly,2027-04-01,Active
2026-04-01,CUST-0324,Starter,5,149.0,0.0,153.47,1841.64,Monthly,2027-04-01,Active
2026-05-01,CUST-0324,Starter,5,149.0,0.0,153.84,1846.11,Monthly,2027-04-01,Active
2026-06-01,CUST-0324,Starter,5,149.0,0.0,154.21,1850.58,Monthly,2027-04-01,Active
2026-01-01,CUST-0325,Starter,6,149.0,0.1,146.7,1760.4,Annual,2027-01-01,Active
2026-02-01,CUST-0325,Starter,5,149.0,0.1,134.44,1613.22,Annual,2027-01-01,Active
2026-03-01,CUST-0325,Starter,6,149.0,0.1,147.43,1769.2,Annual,2027-01-01,Active
2026-04-01,CUST-0325,Starter,6,149.0,0.1,147.8,1773.6,Annual,2027-01-01,Active
2026-05-01,CUST-0325,Starter,6,149.0,0.1,148.17,1778.0,Annual,2027-01-01,Active
2026-06-01,CUST-0325,Starter,6,149.0,0.1,148.53,1782.4,Annual,2027-01-01,Active
2026-02-01,CUST-0326,Enterprise,290,2499.0,0.13,7298.43,87581.16,Annual,2027-02-01,Active
2026-03-01,CUST-0326,Enterprise,298,2499.0,0.13,7532.98,90395.71,Annual,2027-02-01,Active
2026-04-01,CUST-0326,Enterprise,306,2499.0,0.13,7768.6,93223.2,Annual,2027-02-01,Active
2026-05-01,CUST-0326,Enterprise,334,2499.0,0.13,8548.75,102584.98,Annual,2027-02-01,Active
2026-06-01,CUST-0326,Enterprise,314,2499.0,0.13,8025.17,96302.01,Annual,2027-02-01,Active
2025-11-01,CUST-0327,Starter,14,149.0,0.0,275.0,3300.0,Monthly,2026-11-01,Active
2025-12-01,CUST-0327,Starter,14,149.0,0.0,275.69,3308.25,Monthly,2026-11-01,Active
2026-01-01,CUST-0327,Starter,15,149.0,0.0,290.44,3485.34,Monthly,2027-11-01,Active
2026-02-01,CUST-0327,Starter,15,149.0,0.0,291.17,3494.01,Monthly,2027-11-01,Active
2026-03-01,CUST-0327,Starter,15,149.0,0.0,291.89,3502.68,Monthly,2027-11-01,Active
2026-04-01,CUST-0327,Starter,15,149.0,0.0,292.61,3511.35,Monthly,2027-11-01,Active
2026-05-01,CUST-0327,Starter,15,149.0,0.0,293.33,3520.02,Monthly,2027-11-01,Active
2026-06-01,CUST-0327,Starter,15,149.0,0.0,294.06,3528.69,Monthly,2027-11-01,Active
2025-01-01,CUST-0328,Enterprise,100,2499.0,0.13,2206.74,26480.9,Annual,2026-07-01,Active
2025-02-01,CUST-0328,Enterprise,100,2499.0,0.13,2212.18,26546.13,Annual,2026-07-01,Active
2025-03-01,CUST-0328,Enterprise,100,2499.0,0.13,2217.61,26611.35,Annual,2026-07-01,Active
2025-04-01,CUST-0328,Enterprise,100,2499.0,0.13,2223.05,26676.58,Annual,2026-07-01,Active
2025-05-01,CUST-0328,Enterprise,100,2499.0,0.13,2228.48,26741.8,Annual,2026-07-01,Active
2025-06-01,CUST-0328,Enterprise,100,2499.0,0.13,2233.92,26807.02,Annual,2026-07-01,Active
2025-07-01,CUST-0328,Enterprise,100,2499.0,0.13,2239.35,26872.25,Annual,2026-07-01,Active
2025-08-01,CUST-0328,Enterprise,100,2499.0,0.13,2244.79,26937.47,Annual,2026-07-01,Active
2025-09-01,CUST-0328,Enterprise,100,2499.0,0.13,2250.22,27002.69,Annual,2026-07-01,Active
2025-10-01,CUST-0328,Enterprise,100,2499.0,0.13,2255.66,27067.92,Annual,2026-07-01,Active
2025-11-01,CUST-0328,Enterprise,100,2499.0,0.13,2261.1,27133.14,Annual,2026-07-01,Active
2025-12-01,CUST-0328,Enterprise,100,2499.0,0.13,2266.53,27198.37,Annual,2026-07-01,Active
2026-01-01,CUST-0328,Enterprise,100,2499.0,0.13,2271.97,27263.59,Annual,2027-07-01,Active
2026-02-01,CUST-0328,Enterprise,100,2499.0,0.13,2277.4,27328.81,Annual,2027-07-01,Active
2026-03-01,CUST-0328,Enterprise,100,2499.0,0.13,2282.84,27394.04,Annual,2027-07-01,Active
2026-04-01,CUST-0328,Enterprise,100,2499.0,0.13,2288.27,27459.26,Annual,2027-07-01,Active
2026-05-01,CUST-0328,Enterprise,100,2499.0,0.13,2293.71,27524.49,Annual,2027-07-01,Active
2026-06-01,CUST-0328,Enterprise,100,2499.0,0.13,2299.14,27589.71,Annual,2027-07-01,Active
2025-01-01,CUST-0329,Professional,25,599.0,0.1,547.19,6566.24,Annual,2026-07-01,Active
2025-02-01,CUST-0329,Professional,25,599.0,0.1,548.53,6582.41,Annual,2026-07-01,Active
2025-03-01,CUST-0329,Professional,25,599.0,0.1,549.88,6598.58,Annual,2026-07-01,Active
2025-04-01,CUST-0329,Professional,25,599.0,0.1,551.23,6614.76,Annual,2026-07-01,Active
2025-05-01,CUST-0329,Professional,25,599.0,0.1,552.58,6630.93,Annual,2026-07-01,Active
2025-06-01,CUST-0329,Professional,25,599.0,0.1,553.93,6647.1,Annual,2026-07-01,Active
2025-07-01,CUST-0329,Professional,25,599.0,0.1,555.27,6663.28,Annual,2026-07-01,Active
2025-08-01,CUST-0329,Professional,25,599.0,0.1,556.62,6679.45,Annual,2026-07-01,Active
2025-09-01,CUST-0329,Professional,25,599.0,0.1,557.97,6695.62,Annual,2026-07-01,Active
2025-10-01,CUST-0329,Professional,25,599.0,0.1,559.32,6711.8,Annual,2026-07-01,Active
2025-11-01,CUST-0329,Professional,25,599.0,0.1,560.66,6727.97,Annual,2026-07-01,Active
2025-12-01,CUST-0329,Professional,25,599.0,0.1,562.01,6744.14,Annual,2026-07-01,Active
2026-01-01,CUST-0329,Professional,25,599.0,0.1,563.36,6760.31,Annual,2027-07-01,Active
2026-02-01,CUST-0329,Professional,25,599.0,0.1,564.71,6776.49,Annual,2027-07-01,Active
2026-03-01,CUST-0329,Professional,25,599.0,0.1,566.06,6792.66,Annual,2027-07-01,Active
2026-04-01,CUST-0329,Professional,25,599.0,0.1,567.4,6808.83,Annual,2027-07-01,Active
2026-05-01,CUST-0329,Professional,25,599.0,0.1,568.75,6825.01,Annual,2027-07-01,Active
2026-06-01,CUST-0329,Professional,25,599.0,0.1,570.1,6841.18,Annual,2027-07-01,Active
2025-01-01,CUST-0330,Starter,7,149.0,0.1,163.28,1959.39,Annual,2026-03-01,Active
2025-02-01,CUST-0330,Starter,7,149.0,0.1,163.68,1964.17,Annual,2026-03-01,Active
2025-03-01,CUST-0330,Starter,7,149.0,0.1,164.08,1968.95,Annual,2026-03-01,Active
2025-04-01,CUST-0330,Starter,7,149.0,0.1,164.48,1973.73,Annual,2026-03-01,Active
2025-05-01,CUST-0330,Starter,7,149.0,0.1,164.88,1978.51,Annual,2026-03-01,Active
2025-06-01,CUST-0330,Starter,8,149.0,0.1,178.35,2140.16,Annual,2026-03-01,Active
2025-07-01,CUST-0330,Starter,7,149.0,0.1,165.67,1988.06,Annual,2026-03-01,Active
2025-08-01,CUST-0330,Starter,7,149.0,0.1,166.07,1992.84,Annual,2026-03-01,Active
2025-09-01,CUST-0330,Starter,7,149.0,0.1,166.47,1997.62,Annual,2026-03-01,Active
2025-10-01,CUST-0330,Starter,7,149.0,0.1,166.87,2002.4,Annual,2026-03-01,Active
2025-11-01,CUST-0330,Starter,8,149.0,0.1,180.5,2165.94,Annual,2026-03-01,Active
2025-12-01,CUST-0330,Starter,7,149.0,0.1,167.66,2011.96,Annual,2026-03-01,Active
2026-01-01,CUST-0330,Starter,7,149.0,0.1,168.06,2016.74,Annual,2027-03-01,Active
2026-02-01,CUST-0330,Starter,8,149.0,0.1,181.78,2181.41,Annual,2027-03-01,Active
2026-03-01,CUST-0330,Starter,8,149.0,0.1,182.21,2186.57,Annual,2027-03-01,Active
2026-04-01,CUST-0330,Starter,8,149.0,0.1,182.64,2191.73,Annual,2027-03-01,Active
2026-05-01,CUST-0330,Starter,8,149.0,0.1,183.07,2196.88,Annual,2027-03-01,Active
2026-06-01,CUST-0330,Starter,8,149.0,0.1,183.5,2202.04,Annual,2027-03-01,Active
2025-01-01,CUST-0331,Enterprise,124,2499.0,0.13,2877.84,34534.06,Annual,2026-05-01,Active
2025-02-01,CUST-0331,Enterprise,115,2499.0,0.13,2636.7,31640.4,Annual,2026-05-01,Active
2025-03-01,CUST-0331,Enterprise,114,2499.0,0.13,2615.5,31386.03,Annual,2026-05-01,Active
2025-04-01,CUST-0331,Enterprise,130,2499.0,0.13,3065.27,36783.23,Annual,2026-05-01,Active
2025-05-01,CUST-0331,Enterprise,128,2499.0,0.13,3017.17,36206.02,Annual,2026-05-01,Active
2025-06-01,CUST-0331,Enterprise,130,2499.0,0.13,3080.18,36962.22,Annual,2026-05-01,Active
2025-07-01,CUST-0331,Enterprise,133,2499.0,0.13,3171.38,38056.62,Annual,2026-05-01,Active
2025-08-01,CUST-0331,Enterprise,124,2499.0,0.13,2927.21,35126.55,Annual,2026-05-01,Active
2025-09-01,CUST-0331,Enterprise,124,2499.0,0.13,2934.27,35211.2,Annual,2026-05-01,Active
2025-10-01,CUST-0331,Enterprise,131,2499.0,0.13,3138.13,37657.6,Annual,2026-05-01,Active
2025-11-01,CUST-0331,Enterprise,133,2499.0,0.13,3202.03,38424.32,Annual,2026-05-01,Active
2025-12-01,CUST-0331,Enterprise,141,2499.0,0.13,3435.7,41228.34,Annual,2026-05-01,Active
2026-01-01,CUST-0331,Enterprise,148,2499.0,0.13,3642.12,43705.49,Annual,2027-05-01,Active
2026-02-01,CUST-0331,Enterprise,150,2499.0,0.13,3707.57,44490.82,Annual,2027-05-01,Active
2026-03-01,CUST-0331,Enterprise,140,2499.0,0.13,3431.84,41182.09,Annual,2027-05-01,Active
2026-04-01,CUST-0331,Enterprise,148,2499.0,0.13,3668.14,44017.68,Annual,2027-05-01,Active
2026-05-01,CUST-0331,Enterprise,149,2499.0,0.13,3705.4,44464.8,Annual,2027-05-01,Active
2026-06-01,CUST-0331,Enterprise,155,2499.0,0.13,3886.07,46632.87,Annual,2027-05-01,Active
2025-01-01,CUST-0332,Professional,60,599.0,0.1,1232.1,14785.2,Annual,2026-01-01,Active
2025-02-01,CUST-0332,Professional,64,599.0,0.1,1314.58,15774.94,Annual,2026-01-01,Active
2025-03-01,CUST-0332,Professional,65,599.0,0.1,1337.76,16053.07,Annual,2026-01-01,Active
2025-04-01,CUST-0332,Professional,63,599.0,0.1,1301.19,15614.24,Annual,2026-01-01,Active
2025-05-01,CUST-0332,Professional,65,599.0,0.1,1344.41,16132.93,Annual,2026-01-01,Active
2025-06-01,CUST-0332,Professional,68,599.0,0.1,1407.88,16894.57,Annual,2026-01-01,Active
2025-07-01,CUST-0332,Professional,72,599.0,0.1,1491.75,17900.95,Annual,2026-01-01,Active
2025-08-01,CUST-0332,Professional,66,599.0,0.1,1374.54,16494.49,Annual,2026-01-01,Active
2025-09-01,CUST-0332,Professional,72,599.0,0.1,1499.09,17989.13,Annual,2026-01-01,Active
2025-10-01,CUST-0332,Professional,67,599.0,0.1,1401.54,16818.49,Annual,2026-01-01,Active
2025-11-01,CUST-0332,Professional,68,599.0,0.1,1425.26,17103.15,Annual,2026-01-01,Active
2025-12-01,CUST-0332,Professional,73,599.0,0.1,1530.46,18365.53,Annual,2026-01-01,Active
2026-01-01,CUST-0332,Professional,71,599.0,0.1,1493.4,17920.76,Annual,2027-01-01,Active
2026-02-01,CUST-0332,Professional,75,599.0,0.1,1578.8,18945.55,Annual,2027-01-01,Active
2026-03-01,CUST-0332,Professional,77,599.0,0.1,1623.6,19483.25,Annual,2027-01-01,Active
2026-04-01,CUST-0332,Professional,79,599.0,0.1,1668.61,20023.34,Annual,2027-01-01,Active
2026-05-01,CUST-0332,Professional,83,599.0,0.1,1755.0,21060.0,Annual,2027-01-01,Active
2026-06-01,CUST-0332,Professional,73,599.0,0.1,1552.8,18633.65,Annual,2027-01-01,Active
2025-01-01,CUST-0333,Professional,40,599.0,0.0,935.97,11231.61,Monthly,2026-10-01,Active
2025-02-01,CUST-0333,Professional,45,599.0,0.0,1049.39,12592.68,Monthly,2026-10-01,Active
2025-03-01,CUST-0333,Professional,40,599.0,0.0,940.61,11287.35,Monthly,2026-10-01,Active
2025-04-01,CUST-0333,Professional,41,599.0,0.0,965.26,11583.18,Monthly,2026-10-01,Active
2025-05-01,CUST-0333,Professional,43,599.0,0.0,1012.41,12148.95,Monthly,2026-10-01,Active
2025-06-01,CUST-0333,Professional,39,599.0,0.0,925.14,11101.68,Monthly,2026-10-01,Active
2025-07-01,CUST-0333,Professional,41,599.0,0.0,972.4,11668.77,Monthly,2026-10-01,Active
2025-08-01,CUST-0333,Professional,44,599.0,0.0,1042.42,12509.1,Monthly,2026-10-01,Active
2025-09-01,CUST-0333,Professional,41,599.0,0.0,977.15,11725.83,Monthly,2026-10-01,Active
2025-10-01,CUST-0333,Professional,44,599.0,0.0,1047.51,12570.12,Monthly,2026-10-01,Active
2025-11-01,CUST-0333,Professional,46,599.0,0.0,1095.48,13145.79,Monthly,2026-10-01,Active
2025-12-01,CUST-0333,Professional,48,599.0,0.0,1143.67,13724.1,Monthly,2026-10-01,Active
2026-01-01,CUST-0333,Enterprise,100,2499.0,0.0,2592.71,31112.55,Monthly,2027-10-01,Active
2026-02-01,CUST-0333,Enterprise,100,2499.0,0.0,2598.96,31187.52,Monthly,2027-10-01,Active
2026-03-01,CUST-0333,Enterprise,100,2499.0,0.0,2605.21,31262.49,Monthly,2027-10-01,Active
2026-04-01,CUST-0333,Enterprise,100,2499.0,0.0,2611.45,31337.46,Monthly,2027-10-01,Active
2026-05-01,CUST-0333,Enterprise,100,2499.0,0.0,2617.7,31412.43,Monthly,2027-10-01,Active
2026-06-01,CUST-0333,Enterprise,100,2499.0,0.0,2623.95,31487.4,Monthly,2027-10-01,Active
2025-01-01,CUST-0334,Starter,9,149.0,0.1,189.11,2269.35,Annual,2026-03-01,Active
2025-02-01,CUST-0334,Starter,9,149.0,0.1,189.57,2274.89,Annual,2026-03-01,Active
2025-03-01,CUST-0334,Starter,9,149.0,0.1,190.03,2280.42,Annual,2026-03-01,Active
2025-04-01,CUST-0334,Starter,10,149.0,0.1,203.51,2442.07,Annual,2026-03-01,Active
2025-05-01,CUST-0334,Starter,10,149.0,0.1,204.0,2447.98,Annual,2026-03-01,Active
2025-06-01,CUST-0334,Starter,10,149.0,0.1,204.49,2453.89,Annual,2026-03-01,Active
2025-07-01,CUST-0334,Starter,9,149.0,0.1,191.88,2302.56,Annual,2026-03-01,Active
2025-08-01,CUST-0334,Starter,9,149.0,0.1,192.34,2308.1,Annual,2026-03-01,Active
2025-09-01,CUST-0334,Starter,9,149.0,0.1,192.8,2313.63,Annual,2026-03-01,Active
2025-10-01,CUST-0334,Starter,9,149.0,0.1,193.26,2319.16,Annual,2026-03-01,Active
2025-11-01,CUST-0334,Starter,11,149.0,0.1,220.19,2642.22,Annual,2026-03-01,Active
2025-12-01,CUST-0334,Starter,9,149.0,0.1,194.19,2330.24,Annual,2026-03-01,Active
2026-01-01,CUST-0334,Starter,10,149.0,0.1,207.94,2495.29,Annual,2027-03-01,Active
2026-02-01,CUST-0334,Starter,11,149.0,0.1,221.76,2661.09,Annual,2027-03-01,Active
2026-03-01,CUST-0334,Starter,10,149.0,0.1,208.93,2507.11,Annual,2027-03-01,Active
2026-04-01,CUST-0334,Starter,10,149.0,0.1,209.42,2513.02,Annual,2027-03-01,Active
2026-05-01,CUST-0334,Starter,11,149.0,0.1,223.33,2679.97,Annual,2027-03-01,Active
2026-06-01,CUST-0334,Starter,11,149.0,0.1,223.85,2686.26,Annual,2027-03-01,Active
2025-01-01,CUST-0335,Professional,72,599.0,0.1,1491.75,17900.95,Annual,2026-07-01,Active
2025-02-01,CUST-0335,Professional,69,599.0,0.1,1434.98,17219.76,Annual,2026-07-01,Active
2025-03-01,CUST-0335,Professional,77,599.0,0.1,1600.07,19200.89,Annual,2026-07-01,Active
2025-04-01,CUST-0335,Professional,77,599.0,0.1,1604.0,19247.95,Annual,2026-07-01,Active
2025-05-01,CUST-0335,Professional,74,599.0,0.1,1547.03,18564.39,Annual,2026-07-01,Active
2025-06-01,CUST-0335,Professional,77,599.0,0.1,1611.84,19342.07,Annual,2026-07-01,Active
2025-07-01,CUST-0335,Professional,73,599.0,0.1,1534.18,18410.22,Annual,2026-07-01,Active
2025-08-01,CUST-0335,Professional,74,599.0,0.1,1558.35,18700.23,Annual,2026-07-01,Active
2025-09-01,CUST-0335,Professional,74,599.0,0.1,1562.13,18745.51,Annual,2026-07-01,Active
2025-10-01,CUST-0335,Professional,77,599.0,0.1,1627.53,19530.32,Annual,2026-07-01,Active
2025-11-01,CUST-0335,Professional,77,599.0,0.1,1631.45,19577.38,Annual,2026-07-01,Active
2025-12-01,CUST-0335,Professional,81,599.0,0.1,1717.94,20615.23,Annual,2026-07-01,Active
2026-01-01,CUST-0335,Professional,82,599.0,0.1,1742.75,20912.96,Annual,2027-07-01,Active
2026-02-01,CUST-0335,Professional,80,599.0,0.1,1705.43,20465.22,Annual,2027-07-01,Active
2026-03-01,CUST-0335,Professional,84,599.0,0.1,1792.66,21511.98,Annual,2027-07-01,Active
2026-04-01,CUST-0335,Professional,87,599.0,0.1,1859.45,22313.42,Annual,2027-07-01,Active
2026-05-01,CUST-0335,Professional,85,599.0,0.1,1822.09,21865.09,Annual,2027-07-01,Active
2026-06-01,CUST-0335,Professional,88,599.0,0.1,1889.22,22670.69,Annual,2027-07-01,Active
2025-01-01,CUST-0336,Enterprise,100,2499.0,0.13,2212.18,26546.13,Annual,2026-06-01,Active
2025-02-01,CUST-0336,Enterprise,100,2499.0,0.13,2217.61,26611.35,Annual,2026-06-01,Active
2025-03-01,CUST-0336,Enterprise,100,2499.0,0.13,2223.05,26676.58,Annual,2026-06-01,Active
2025-04-01,CUST-0336,Enterprise,100,2499.0,0.13,2228.48,26741.8,Annual,2026-06-01,Active
2025-05-01,CUST-0336,Enterprise,100,2499.0,0.13,2233.92,26807.02,Annual,2026-06-01,Active
2025-06-01,CUST-0336,Enterprise,100,2499.0,0.13,2239.35,26872.25,Annual,2026-06-01,Active
2025-07-01,CUST-0336,Enterprise,100,2499.0,0.13,2244.79,26937.47,Annual,2026-06-01,Active
2025-08-01,CUST-0336,Enterprise,100,2499.0,0.13,2250.22,27002.69,Annual,2026-06-01,Active
2025-09-01,CUST-0336,Enterprise,100,2499.0,0.13,2255.66,27067.92,Annual,2026-06-01,Active
2025-10-01,CUST-0336,Enterprise,100,2499.0,0.13,2261.1,27133.14,Annual,2026-06-01,Active
2025-11-01,CUST-0336,Enterprise,100,2499.0,0.13,2266.53,27198.37,Annual,2026-06-01,Active
2025-12-01,CUST-0336,Enterprise,100,2499.0,0.13,2271.97,27263.59,Annual,2026-06-01,Active
2026-01-01,CUST-0336,Enterprise,100,2499.0,0.13,2277.4,27328.81,Annual,2027-06-01,Active
2026-02-01,CUST-0336,Enterprise,100,2499.0,0.13,2282.84,27394.04,Annual,2027-06-01,Active
2026-03-01,CUST-0336,Enterprise,100,2499.0,0.13,2288.27,27459.26,Annual,2027-06-01,Active
2026-04-01,CUST-0336,Enterprise,100,2499.0,0.13,2293.71,27524.49,Annual,2027-06-01,Active
2026-05-01,CUST-0336,Enterprise,100,2499.0,0.13,2299.14,27589.71,Annual,2027-06-01,Active
2026-06-01,CUST-0336,Enterprise,100,2499.0,0.13,2304.58,27654.93,Annual,2027-06-01,Active
2026-03-01,CUST-0337,Enterprise,235,2499.0,0.13,5815.08,69780.96,Annual,2027-03-01,Active
2026-04-01,CUST-0337,Enterprise,235,2499.0,0.13,5829.62,69955.41,Annual,2027-03-01,Active
2026-05-01,CUST-0337,Enterprise,222,2499.0,0.13,5491.79,65901.51,Annual,2027-03-01,Active
2026-06-01,CUST-0337,Enterprise,237,2499.0,0.13,5913.04,70956.45,Annual,2027-03-01,Active
2025-01-01,CUST-0338,Professional,37,599.0,0.1,780.58,9367.0,Annual,2026-11-01,Active
2025-02-01,CUST-0338,Professional,37,599.0,0.1,782.53,9390.3,Annual,2026-11-01,Active
2025-03-01,CUST-0338,Professional,41,599.0,0.1,864.46,10373.51,Annual,2026-11-01,Active
2025-04-01,CUST-0338,Professional,41,599.0,0.1,866.6,10399.18,Annual,2026-11-01,Active
2025-05-01,CUST-0338,Professional,46,599.0,0.1,969.22,11630.68,Annual,2026-11-01,Active
2025-06-01,CUST-0338,Professional,42,599.0,0.1,891.02,10692.3,Annual,2026-11-01,Active
2025-07-01,CUST-0338,Professional,41,599.0,0.1,873.02,10476.22,Annual,2026-11-01,Active
2025-08-01,CUST-0338,Professional,41,599.0,0.1,875.16,10501.89,Annual,2026-11-01,Active
2025-09-01,CUST-0338,Professional,43,599.0,0.1,917.89,11014.65,Annual,2026-11-01,Active
2025-10-01,CUST-0338,Professional,44,599.0,0.1,940.47,11285.65,Annual,2026-11-01,Active
2025-11-01,CUST-0338,Professional,40,599.0,0.1,861.18,10334.2,Annual,2026-11-01,Active
2025-12-01,CUST-0338,Professional,43,599.0,0.1,924.6,11095.24,Annual,2026-11-01,Active
2026-01-01,CUST-0338,Professional,43,599.0,0.1,926.84,11122.11,Annual,2027-11-01,Active
2026-02-01,CUST-0338,Professional,44,599.0,0.1,949.62,11395.49,Annual,2027-11-01,Active
2026-03-01,CUST-0338,Professional,47,599.0,0.1,1013.69,12164.26,Annual,2027-11-01,Active
2026-04-01,CUST-0338,Professional,44,599.0,0.1,954.2,11450.4,Annual,2027-11-01,Active
2026-05-01,CUST-0338,Professional,48,599.0,0.1,1039.25,12471.03,Annual,2027-11-01,Active
2026-06-01,CUST-0338,Professional,47,599.0,0.1,1021.0,12251.98,Annual,2027-11-01,Active
2026-03-01,CUST-0339,Starter,15,149.0,0.1,260.1,3121.2,Annual,2027-03-01,Active
2026-04-01,CUST-0339,Starter,15,149.0,0.1,260.75,3129.0,Annual,2027-03-01,Active
2026-05-01,CUST-0339,Starter,14,149.0,0.1,248.74,2984.85,Annual,2027-03-01,Active
2026-06-01,CUST-0339,Starter,15,149.0,0.1,262.05,3144.61,Annual,2027-03-01,Active
2025-01-01,CUST-0340,Starter,5,149.0,0.1,136.78,1641.38,Annual,2026-05-01,Active
2025-02-01,CUST-0340,Starter,5,149.0,0.1,137.12,1645.41,Annual,2026-05-01,Active
2025-03-01,CUST-0340,Starter,5,149.0,0.1,137.45,1649.43,Annual,2026-05-01,Active
2025-04-01,CUST-0340,Starter,5,149.0,0.1,137.79,1653.45,Annual,2026-05-01,Active
2025-05-01,CUST-0340,Starter,5,149.0,0.1,138.12,1657.48,Annual,2026-05-01,Active
2025-06-01,CUST-0340,Starter,5,149.0,0.1,138.46,1661.5,Annual,2026-05-01,Active
2025-07-01,CUST-0340,Starter,5,149.0,0.1,138.79,1665.52,Annual,2026-05-01,Active
2025-08-01,CUST-0340,Starter,5,149.0,0.1,139.13,1669.55,Annual,2026-05-01,Active
2025-09-01,CUST-0340,Starter,5,149.0,0.1,139.46,1673.57,Annual,2026-05-01,Active
2025-10-01,CUST-0340,Starter,5,149.0,0.1,139.8,1677.59,Annual,2026-05-01,Active
2025-11-01,CUST-0340,Starter,5,149.0,0.1,140.13,1681.61,Annual,2026-05-01,Active
2025-12-01,CUST-0340,Starter,5,149.0,0.1,140.47,1685.64,Annual,2026-05-01,Active
2026-01-01,CUST-0340,Starter,5,149.0,0.1,140.81,1689.66,Annual,2027-05-01,Active
2026-02-01,CUST-0340,Starter,5,149.0,0.1,141.14,1693.68,Annual,2027-05-01,Active
2026-03-01,CUST-0340,Starter,5,149.0,0.1,141.48,1697.71,Annual,2027-05-01,Active
2026-04-01,CUST-0340,Starter,5,149.0,0.1,141.81,1701.73,Annual,2027-05-01,Active
2026-05-01,CUST-0340,Starter,5,149.0,0.1,142.15,1705.75,Annual,2027-05-01,Active
2026-06-01,CUST-0340,Starter,5,149.0,0.1,142.48,1709.77,Annual,2027-05-01,Active
2025-01-01,CUST-0341,Enterprise,135,2499.0,0.13,3149.26,37791.13,Annual,2026-09-01,Active
2025-02-01,CUST-0341,Enterprise,136,2499.0,0.13,3184.36,38212.36,Annual,2026-09-01,Active
2025-03-01,CUST-0341,Enterprise,147,2499.0,0.13,3493.35,41920.15,Annual,2026-09-01,Active
2025-04-01,CUST-0341,Enterprise,151,2499.0,0.13,3611.72,43340.62,Annual,2026-09-01,Active
2025-05-01,CUST-0341,Enterprise,153,2499.0,0.13,3675.61,44107.33,Annual,2026-09-01,Active
2025-06-01,CUST-0341,Enterprise,158,2499.0,0.13,3822.5,45870.05,Annual,2026-09-01,Active
2025-07-01,CUST-0341,Enterprise,144,2499.0,0.13,3444.83,41337.96,Annual,2026-09-01,Active
2025-08-01,CUST-0341,Enterprise,154,2499.0,0.13,3730.35,44764.19,Annual,2026-09-01,Active
2025-09-01,CUST-0341,Enterprise,151,2499.0,0.13,3656.09,43873.06,Annual,2026-09-01,Active
2025-10-01,CUST-0341,Enterprise,139,2499.0,0.13,3330.8,39969.64,Annual,2026-09-01,Active
2025-11-01,CUST-0341,Enterprise,155,2499.0,0.13,3785.49,45425.9,Annual,2026-09-01,Active
2025-12-01,CUST-0341,Enterprise,151,2499.0,0.13,3682.71,44192.52,Annual,2026-09-01,Active
2026-01-01,CUST-0341,Enterprise,171,2499.0,0.13,4252.56,51030.72,Annual,2027-09-01,Active
2026-02-01,CUST-0341,Enterprise,162,2499.0,0.13,4009.74,48116.84,Annual,2027-09-01,Active
2026-03-01,CUST-0341,Enterprise,170,2499.0,0.13,4244.82,50937.86,Annual,2027-09-01,Active
2026-04-01,CUST-0341,Enterprise,182,2499.0,0.13,4593.99,55127.87,Annual,2027-09-01,Active
2026-05-01,CUST-0341,Enterprise,186,2499.0,0.13,4718.23,56618.73,Annual,2027-09-01,Active
2026-06-01,CUST-0341,Enterprise,175,2499.0,0.13,4417.22,53006.59,Annual,2027-09-01,Active
2025-08-01,CUST-0342,Starter,5,149.0,0.1,134.1,1609.2,Annual,2026-08-01,Active
2025-09-01,CUST-0342,Starter,5,149.0,0.1,134.44,1613.22,Annual,2026-08-01,Active
2025-10-01,CUST-0342,Starter,5,149.0,0.1,134.77,1617.25,Annual,2026-08-01,Active
2025-11-01,CUST-0342,Starter,5,149.0,0.1,135.11,1621.27,Annual,2026-08-01,Active
2025-12-01,CUST-0342,Starter,5,149.0,0.1,135.44,1625.29,Annual,2026-08-01,Active
2026-01-01,CUST-0342,Starter,5,149.0,0.1,135.78,1629.31,Annual,2027-08-01,Active
2026-02-01,CUST-0342,Starter,5,149.0,0.1,136.11,1633.34,Annual,2027-08-01,Active
2026-03-01,CUST-0342,Starter,5,149.0,0.1,136.45,1637.36,Annual,2027-08-01,Active
2026-04-01,CUST-0342,Starter,5,149.0,0.1,136.78,1641.38,Annual,2027-08-01,Active
2026-05-01,CUST-0342,Starter,5,149.0,0.1,137.12,1645.41,Annual,2027-08-01,Active
2026-06-01,CUST-0342,Starter,5,149.0,0.1,137.45,1649.43,Annual,2027-08-01,Active
2025-01-01,CUST-0343,Starter,7,149.0,0.0,178.33,2139.93,Monthly,2026-10-01,Active
2025-02-01,CUST-0343,Starter,7,149.0,0.0,178.77,2145.24,Monthly,2026-10-01,Active
2025-03-01,CUST-0343,Starter,7,149.0,0.0,179.21,2150.55,Monthly,2026-10-01,Active
2025-04-01,CUST-0343,Starter,7,149.0,0.0,179.65,2155.86,Monthly,2026-10-01,Active
2025-05-01,CUST-0343,Starter,7,149.0,0.0,180.1,2161.17,Monthly,2026-10-01,Active
2025-06-01,CUST-0343,Starter,6,149.0,0.0,166.26,1995.12,Monthly,2026-10-01,Active
2025-07-01,CUST-0343,Starter,7,149.0,0.0,180.98,2171.79,Monthly,2026-10-01,Active
2025-08-01,CUST-0343,Starter,7,149.0,0.0,181.42,2177.1,Monthly,2026-10-01,Active
2025-09-01,CUST-0343,Starter,7,149.0,0.0,181.87,2182.41,Monthly,2026-10-01,Active
2025-10-01,CUST-0343,Starter,7,149.0,0.0,182.31,2187.72,Monthly,2026-10-01,Active
2025-11-01,CUST-0343,Starter,6,149.0,0.0,168.3,2019.57,Monthly,2026-10-01,Active
2025-12-01,CUST-0343,Starter,7,149.0,0.0,183.19,2198.34,Monthly,2026-10-01,Active
2025-01-01,CUST-0344,Enterprise,307,2499.0,0.12,8022.62,96271.4,Monthly,2026-04-01,Active
2025-02-01,CUST-0344,Enterprise,294,2499.0,0.12,7678.73,92144.71,Monthly,2026-04-01,Active
2025-03-01,CUST-0344,Enterprise,306,2499.0,0.12,8033.82,96405.8,Monthly,2026-04-01,Active
2025-04-01,CUST-0344,Enterprise,306,2499.0,0.12,8053.36,96640.37,Monthly,2026-04-01,Active
2025-05-01,CUST-0344,Enterprise,328,2499.0,0.12,8692.58,104310.91,Monthly,2026-04-01,Active
2025-06-01,CUST-0344,Enterprise,330,2499.0,0.12,8770.09,105241.12,Monthly,2026-04-01,Active
2025-07-01,CUST-0344,Enterprise,339,2499.0,0.12,9046.0,108552.05,Monthly,2026-04-01,Active
2025-08-01,CUST-0344,Enterprise,327,2499.0,0.12,8727.35,104728.17,Monthly,2026-04-01,Active
2025-09-01,CUST-0344,Enterprise,322,2499.0,0.12,8606.13,103273.55,Monthly,2026-04-01,Active
2025-10-01,CUST-0344,Enterprise,313,2499.0,0.12,8370.2,100442.39,Monthly,2026-04-01,Active
2025-11-01,CUST-0344,Enterprise,331,2499.0,0.12,8904.59,106855.06,Monthly,2026-04-01,Active
2025-01-01,CUST-0345,Starter,12,149.0,0.1,223.97,2687.61,Annual,2026-10-01,Active
2025-02-01,CUST-0345,Starter,14,149.0,0.1,249.97,2999.7,Annual,2026-10-01,Active
2025-03-01,CUST-0345,Starter,13,149.0,0.1,237.84,2854.03,Annual,2026-10-01,Active
2025-04-01,CUST-0345,Starter,13,149.0,0.1,238.42,2861.08,Annual,2026-10-01,Active
2025-05-01,CUST-0345,Starter,14,149.0,0.1,251.83,3021.98,Annual,2026-10-01,Active
2025-06-01,CUST-0345,Starter,14,149.0,0.1,252.45,3029.4,Annual,2026-10-01,Active
2025-07-01,CUST-0345,Starter,14,149.0,0.1,253.07,3036.82,Annual,2026-10-01,Active
2025-08-01,CUST-0345,Starter,13,149.0,0.1,240.77,2889.27,Annual,2026-10-01,Active
2025-09-01,CUST-0345,Starter,13,149.0,0.1,241.36,2896.32,Annual,2026-10-01,Active
2025-10-01,CUST-0345,Starter,14,149.0,0.1,254.93,3059.1,Annual,2026-10-01,Active
2025-11-01,CUST-0345,Starter,13,149.0,0.1,242.53,2910.41,Annual,2026-10-01,Active
2025-12-01,CUST-0345,Starter,13,149.0,0.1,243.12,2917.46,Annual,2026-10-01,Active
2026-01-01,CUST-0345,Starter,13,149.0,0.1,243.71,2924.51,Annual,2027-10-01,Active
2026-02-01,CUST-0345,Starter,14,149.0,0.1,257.4,3088.8,Annual,2027-10-01,Active
2026-03-01,CUST-0345,Starter,15,149.0,0.1,271.15,3253.85,Annual,2027-10-01,Active
2026-04-01,CUST-0345,Starter,14,149.0,0.1,258.64,3103.65,Annual,2027-10-01,Active
2026-05-01,CUST-0345,Starter,15,149.0,0.1,272.45,3269.46,Annual,2027-10-01,Active
2026-06-01,CUST-0345,Starter,15,149.0,0.1,273.11,3277.26,Annual,2027-10-01,Active
2026-02-01,CUST-0346,Starter,6,149.0,0.1,146.7,1760.4,Annual,2027-02-01,Active
2026-03-01,CUST-0346,Starter,7,149.0,0.1,159.7,1916.38,Annual,2027-02-01,Active
2026-04-01,CUST-0346,Starter,7,149.0,0.1,160.1,1921.16,Annual,2027-02-01,Active
2026-05-01,CUST-0346,Starter,6,149.0,0.1,147.8,1773.6,Annual,2027-02-01,Active
2026-06-01,CUST-0346,Starter,7,149.0,0.1,160.89,1930.72,Annual,2027-02-01,Active
2026-03-01,CUST-0347,Professional,25,599.0,0.22,467.22,5606.64,Annual,2027-03-01,Active
2026-04-01,CUST-0347,Professional,25,599.0,0.22,468.39,5620.66,Annual,2027-03-01,Active
2026-05-01,CUST-0347,Professional,25,599.0,0.22,469.56,5634.67,Annual,2027-03-01,Active
2026-06-01,CUST-0347,Professional,25,599.0,0.22,470.72,5648.69,Annual,2027-03-01,Active
2025-04-01,CUST-0348,Starter,11,149.0,0.0,233.0,2796.0,Monthly,2026-04-01,Active
2025-05-01,CUST-0348,Starter,11,149.0,0.0,233.58,2802.99,Monthly,2026-04-01,Active
2025-06-01,CUST-0348,Starter,13,149.0,0.0,262.3,3147.66,Monthly,2026-04-01,Active
2025-07-01,CUST-0348,Starter,12,149.0,0.0,248.85,2986.23,Monthly,2026-04-01,Active
2025-08-01,CUST-0348,Starter,12,149.0,0.0,249.47,2993.64,Monthly,2026-04-01,Active
2025-09-01,CUST-0348,Starter,11,149.0,0.0,235.91,2830.95,Monthly,2026-04-01,Active
2025-10-01,CUST-0348,Starter,11,149.0,0.0,236.49,2837.94,Monthly,2026-04-01,Active
2025-11-01,CUST-0348,Starter,12,149.0,0.0,251.32,3015.87,Monthly,2026-04-01,Active
2025-12-01,CUST-0348,Starter,12,149.0,0.0,251.94,3023.28,Monthly,2026-04-01,Active
2026-01-01,CUST-0348,Starter,12,149.0,0.0,252.56,3030.69,Monthly,2027-04-01,Active
2026-02-01,CUST-0348,Starter,12,149.0,0.0,253.17,3038.1,Monthly,2027-04-01,Active
2026-03-01,CUST-0348,Starter,13,149.0,0.0,268.18,3218.13,Monthly,2027-04-01,Active
2026-04-01,CUST-0348,Starter,12,149.0,0.0,254.41,3052.92,Monthly,2027-04-01,Active
2026-05-01,CUST-0348,Starter,13,149.0,0.0,269.48,3233.79,Monthly,2027-04-01,Active
2026-06-01,CUST-0348,Starter,12,149.0,0.0,255.64,3067.74,Monthly,2027-04-01,Active
2025-04-01,CUST-0349,Starter,10,149.0,0.0,219.0,2628.0,Monthly,2026-04-01,Active
2025-05-01,CUST-0349,Starter,10,149.0,0.0,219.55,2634.57,Monthly,2026-04-01,Active
2025-06-01,CUST-0349,Starter,10,149.0,0.0,220.09,2641.14,Monthly,2026-04-01,Active
2025-07-01,CUST-0349,Starter,9,149.0,0.0,206.54,2478.45,Monthly,2026-04-01,Active
2025-08-01,CUST-0349,Starter,10,149.0,0.0,221.19,2654.28,Monthly,2026-04-01,Active
2025-09-01,CUST-0349,Starter,9,149.0,0.0,207.56,2490.75,Monthly,2026-04-01,Active
2025-10-01,CUST-0349,Starter,9,149.0,0.0,208.07,2496.9,Monthly,2026-04-01,Active
2025-10-01,CUST-0350,Professional,62,599.0,0.1,1271.7,15260.4,Annual,2026-10-01,Active
2025-11-01,CUST-0350,Professional,65,599.0,0.1,1334.43,16013.13,Annual,2026-10-01,Active
2025-12-01,CUST-0350,Professional,67,599.0,0.1,1377.55,16530.64,Annual,2026-10-01,Active
2026-01-01,CUST-0350,Professional,68,599.0,0.1,1400.93,16811.15,Annual,2027-10-01,Active
2026-02-01,CUST-0350,Professional,70,599.0,0.1,1444.4,17332.81,Annual,2027-10-01,Active
2026-03-01,CUST-0350,Professional,72,599.0,0.1,1488.07,17856.85,Annual,2027-10-01,Active
2026-04-01,CUST-0350,Professional,76,599.0,0.1,1572.13,18865.6,Annual,2027-10-01,Active
2026-05-01,CUST-0350,Professional,73,599.0,0.1,1515.57,18186.8,Annual,2027-10-01,Active
2026-06-01,CUST-0350,Professional,75,599.0,0.1,1559.68,18716.18,Annual,2027-10-01,Active
2025-10-01,CUST-0351,Professional,48,599.0,0.1,994.5,11934.0,Annual,2026-10-01,Active
2025-11-01,CUST-0351,Professional,47,599.0,0.1,977.14,11725.64,Annual,2026-10-01,Active
2025-12-01,CUST-0351,Professional,50,599.0,0.1,1039.27,12471.25,Annual,2026-10-01,Active
2026-01-01,CUST-0351,Professional,52,599.0,0.1,1081.75,12981.03,Annual,2027-10-01,Active
2026-02-01,CUST-0351,Professional,55,599.0,0.1,1144.43,13733.17,Annual,2027-10-01,Active
2026-03-01,CUST-0351,Professional,53,599.0,0.1,1107.17,13286.03,Annual,2027-10-01,Active
2026-04-01,CUST-0351,Professional,59,599.0,0.1,1230.48,14765.81,Annual,2027-10-01,Active
2026-05-01,CUST-0351,Professional,55,599.0,0.1,1152.93,13835.15,Annual,2027-10-01,Active
2026-06-01,CUST-0351,Professional,59,599.0,0.1,1236.55,14838.55,Annual,2027-10-01,Active
2025-07-01,CUST-0352,Professional,111,599.0,0.1,2241.9,26902.8,Annual,2026-07-01,Active
2025-08-01,CUST-0352,Professional,110,599.0,0.1,2227.66,26731.86,Annual,2026-07-01,Active
2025-09-01,CUST-0352,Professional,113,599.0,0.1,2292.91,27514.89,Annual,2026-07-01,Active
2025-10-01,CUST-0352,Professional,112,599.0,0.1,2278.66,27343.95,Annual,2026-07-01,Active
2025-11-01,CUST-0352,Professional,110,599.0,0.1,2244.32,26931.85,Annual,2026-07-01,Active
2025-12-01,CUST-0352,Professional,121,599.0,0.1,2470.4,29644.78,Annual,2026-07-01,Active
2026-01-01,CUST-0352,Professional,129,599.0,0.1,2637.27,31647.29,Annual,2027-07-01,Active
2026-02-01,CUST-0352,Professional,130,599.0,0.1,2663.92,31967.0,Annual,2027-07-01,Active
2026-03-01,CUST-0352,Professional,125,599.0,0.1,2569.48,30833.78,Annual,2027-07-01,Active
2026-04-01,CUST-0352,Professional,121,599.0,0.1,2494.8,29937.57,Annual,2027-07-01,Active
2026-05-01,CUST-0352,Professional,127,599.0,0.1,2622.67,31472.01,Annual,2027-07-01,Active
2026-06-01,CUST-0352,Professional,129,599.0,0.1,2669.75,32037.04,Annual,2027-07-01,Active
2026-02-01,CUST-0353,Starter,7,149.0,0.1,159.3,1911.6,Annual,2027-02-01,Active
2026-03-01,CUST-0353,Starter,6,149.0,0.1,147.07,1764.8,Annual,2027-02-01,Active
2026-04-01,CUST-0353,Starter,7,149.0,0.1,160.1,1921.16,Annual,2027-02-01,Active
2026-05-01,CUST-0353,Starter,7,149.0,0.1,160.49,1925.94,Annual,2027-02-01,Active
2026-06-01,CUST-0353,Starter,7,149.0,0.1,160.89,1930.72,Annual,2027-02-01,Active
2025-09-01,CUST-0354,Professional,44,599.0,0.0,1017.0,12204.0,Monthly,2026-09-01,Active
2025-10-01,CUST-0354,Professional,47,599.0,0.0,1085.71,13028.49,Monthly,2026-09-01,Active
2025-11-01,CUST-0354,Professional,49,599.0,0.0,1132.63,13591.62,Monthly,2026-09-01,Active
2025-12-01,CUST-0354,Professional,50,599.0,0.0,1157.62,13891.41,Monthly,2026-09-01,Active
2026-01-01,CUST-0354,Professional,50,599.0,0.0,1160.49,13925.88,Monthly,2027-09-01,Active
2026-02-01,CUST-0354,Professional,51,599.0,0.0,1185.64,14227.65,Monthly,2027-09-01,Active
2026-03-01,CUST-0354,Professional,53,599.0,0.0,1233.22,14798.7,Monthly,2027-09-01,Active
2026-04-01,CUST-0354,Professional,54,599.0,0.0,1258.65,15103.77,Monthly,2027-09-01,Active
2026-05-01,CUST-0354,Professional,53,599.0,0.0,1239.3,14871.6,Monthly,2027-09-01,Active
2026-06-01,CUST-0354,Professional,61,599.0,0.0,1422.3,17067.57,Monthly,2027-09-01,Active
2025-04-01,CUST-0355,Starter,78,149.0,0.0,1171.0,14052.0,Monthly,2026-04-01,Active
2025-05-01,CUST-0355,Starter,81,149.0,0.0,1216.03,14592.39,Monthly,2026-04-01,Active
2025-06-01,CUST-0355,Starter,75,149.0,0.0,1134.64,13615.74,Monthly,2026-04-01,Active
2025-07-01,CUST-0355,Starter,77,149.0,0.0,1165.68,13988.13,Monthly,2026-04-01,Active
2025-08-01,CUST-0355,Starter,74,149.0,0.0,1126.15,13513.8,Monthly,2026-04-01,Active
2025-09-01,CUST-0355,Starter,74,149.0,0.0,1128.94,13547.25,Monthly,2026-04-01,Active
2025-10-01,CUST-0355,Starter,81,149.0,0.0,1231.19,14774.34,Monthly,2026-04-01,Active
2025-11-01,CUST-0355,Starter,75,149.0,0.0,1148.76,13785.09,Monthly,2026-04-01,Active
2025-12-01,CUST-0355,Starter,77,149.0,0.0,1180.14,14161.68,Monthly,2026-04-01,Active
2026-01-01,CUST-0355,Starter,87,149.0,0.0,1326.18,15914.19,Monthly,2027-04-01,Active
2026-02-01,CUST-0355,Starter,85,149.0,0.0,1300.72,15608.7,Monthly,2027-04-01,Active
2026-03-01,CUST-0355,Starter,91,149.0,0.0,1390.21,16682.49,Monthly,2027-04-01,Active
2026-04-01,CUST-0355,Starter,90,149.0,0.0,1379.17,16550.04,Monthly,2027-04-01,Active
2026-05-01,CUST-0355,Starter,89,149.0,0.0,1368.06,16416.75,Monthly,2027-04-01,Active
2026-06-01,CUST-0355,Starter,94,149.0,0.0,1443.82,17325.9,Monthly,2027-04-01,Active
2025-01-01,CUST-0356,Starter,10,149.0,0.0,220.64,2647.71,Monthly,2026-10-01,Active
2025-02-01,CUST-0356,Starter,10,149.0,0.0,221.19,2654.28,Monthly,2026-10-01,Active
2025-03-01,CUST-0356,Starter,10,149.0,0.0,221.74,2660.85,Monthly,2026-10-01,Active
2025-04-01,CUST-0356,Starter,9,149.0,0.0,208.07,2496.9,Monthly,2026-10-01,Active
2025-05-01,CUST-0356,Starter,10,149.0,0.0,222.83,2673.99,Monthly,2026-10-01,Active
2025-06-01,CUST-0356,Starter,10,149.0,0.0,223.38,2680.56,Monthly,2026-10-01,Active
2025-07-01,CUST-0356,Starter,10,149.0,0.0,223.93,2687.13,Monthly,2026-10-01,Active
2025-08-01,CUST-0356,Starter,10,149.0,0.0,224.47,2693.7,Monthly,2026-10-01,Active
2025-09-01,CUST-0356,Starter,10,149.0,0.0,225.02,2700.27,Monthly,2026-10-01,Active
2025-10-01,CUST-0356,Starter,10,149.0,0.0,225.57,2706.84,Monthly,2026-10-01,Active
2025-11-01,CUST-0356,Starter,9,149.0,0.0,211.66,2539.95,Monthly,2026-10-01,Active
2025-12-01,CUST-0356,Starter,10,149.0,0.0,226.66,2719.98,Monthly,2026-10-01,Active
2026-01-01,CUST-0356,Starter,11,149.0,0.0,241.74,2900.85,Monthly,2027-10-01,Active
2026-02-01,CUST-0356,Starter,11,149.0,0.0,242.32,2907.84,Monthly,2027-10-01,Active
2026-03-01,CUST-0356,Starter,11,149.0,0.0,242.9,2914.83,Monthly,2027-10-01,Active
2026-04-01,CUST-0356,Starter,11,149.0,0.0,243.48,2921.82,Monthly,2027-10-01,Active
2026-05-01,CUST-0356,Starter,11,149.0,0.0,244.07,2928.81,Monthly,2027-10-01,Active
2026-06-01,CUST-0356,Starter,11,149.0,0.0,244.65,2935.8,Monthly,2027-10-01,Active
2025-01-01,CUST-0357,Starter,15,149.0,0.0,289.72,3476.67,Monthly,2026-12-01,Active
2025-02-01,CUST-0357,Starter,15,149.0,0.0,290.44,3485.34,Monthly,2026-12-01,Active
2025-03-01,CUST-0357,Starter,16,149.0,0.0,305.27,3663.27,Monthly,2026-12-01,Active
2025-04-01,CUST-0357,Starter,16,149.0,0.0,306.03,3672.36,Monthly,2026-12-01,Active
2025-05-01,CUST-0357,Starter,15,149.0,0.0,292.61,3511.35,Monthly,2026-12-01,Active
2025-06-01,CUST-0357,Starter,15,149.0,0.0,293.33,3520.02,Monthly,2026-12-01,Active
2025-07-01,CUST-0357,Starter,16,149.0,0.0,308.3,3699.63,Monthly,2026-12-01,Active
2025-08-01,CUST-0357,Starter,15,149.0,0.0,294.78,3537.36,Monthly,2026-12-01,Active
2025-09-01,CUST-0357,Starter,16,149.0,0.0,309.82,3717.81,Monthly,2026-12-01,Active
2025-10-01,CUST-0357,Starter,16,149.0,0.0,310.57,3726.9,Monthly,2026-12-01,Active
2025-11-01,CUST-0357,Starter,15,149.0,0.0,296.95,3563.37,Monthly,2026-12-01,Active
2025-12-01,CUST-0357,Starter,14,149.0,0.0,283.25,3399.0,Monthly,2026-12-01,Active
2026-01-01,CUST-0357,Starter,15,149.0,0.0,298.39,3580.71,Monthly,2027-12-01,Active
2026-02-01,CUST-0357,Starter,16,149.0,0.0,313.6,3763.26,Monthly,2027-12-01,Active
2026-03-01,CUST-0357,Starter,16,149.0,0.0,314.36,3772.35,Monthly,2027-12-01,Active
2026-04-01,CUST-0357,Starter,18,149.0,0.0,344.24,4130.88,Monthly,2027-12-01,Active
2026-05-01,CUST-0357,Starter,16,149.0,0.0,315.88,3790.53,Monthly,2027-12-01,Active
2026-06-01,CUST-0357,Starter,16,149.0,0.0,316.63,3799.62,Monthly,2027-12-01,Active
2025-01-01,CUST-0358,Enterprise,136,2499.0,0.13,3223.68,38684.11,Annual,2026-03-01,Active
2025-02-01,CUST-0358,Enterprise,145,2499.0,0.13,3480.94,41771.33,Annual,2026-03-01,Active
2025-03-01,CUST-0358,Enterprise,146,2499.0,0.13,3517.19,42206.31,Annual,2026-03-01,Active
2025-04-01,CUST-0358,Enterprise,160,2499.0,0.13,3915.58,46986.97,Annual,2026-03-01,Active
2025-05-01,CUST-0358,Enterprise,155,2499.0,0.13,3785.49,45425.9,Annual,2026-03-01,Active
2025-06-01,CUST-0358,Enterprise,156,2499.0,0.13,3822.62,45871.4,Annual,2026-03-01,Active
2025-07-01,CUST-0358,Enterprise,151,2499.0,0.13,3691.58,44299.01,Annual,2026-03-01,Active
2025-08-01,CUST-0358,Enterprise,157,2499.0,0.13,3869.16,46429.86,Annual,2026-03-01,Active
2025-09-01,CUST-0358,Enterprise,146,2499.0,0.13,3568.41,42820.96,Annual,2026-03-01,Active
2025-10-01,CUST-0358,Enterprise,151,2499.0,0.13,3718.21,44618.47,Annual,2026-03-01,Active
2025-11-01,CUST-0358,Enterprise,161,2499.0,0.13,4010.27,48123.18,Annual,2026-03-01,Active
2025-12-01,CUST-0358,Enterprise,153,2499.0,0.13,3792.73,45512.71,Annual,2026-03-01,Active
2026-01-01,CUST-0358,Enterprise,166,2499.0,0.13,4171.63,50059.54,Annual,2027-03-01,Active
2025-10-01,CUST-0359,Professional,25,599.0,0.1,539.1,6469.2,Annual,2026-10-01,Active
2025-11-01,CUST-0359,Professional,25,599.0,0.1,540.45,6485.37,Annual,2026-10-01,Active
2025-12-01,CUST-0359,Professional,25,599.0,0.1,541.8,6501.55,Annual,2026-10-01,Active
2026-01-01,CUST-0359,Professional,25,599.0,0.1,543.14,6517.72,Annual,2027-10-01,Active
2026-02-01,CUST-0359,Professional,25,599.0,0.1,544.49,6533.89,Annual,2027-10-01,Active
2026-03-01,CUST-0359,Professional,25,599.0,0.1,545.84,6550.07,Annual,2027-10-01,Active
2026-04-01,CUST-0359,Professional,25,599.0,0.1,547.19,6566.24,Annual,2027-10-01,Active
2026-05-01,CUST-0359,Professional,25,599.0,0.1,548.53,6582.41,Annual,2027-10-01,Active
2026-06-01,CUST-0359,Professional,25,599.0,0.1,549.88,6598.58,Annual,2027-10-01,Active
2025-07-01,CUST-0360,Starter,16,149.0,0.0,303.0,3636.0,Monthly,2026-07-01,Active
2025-08-01,CUST-0360,Starter,17,149.0,0.0,317.79,3813.51,Monthly,2026-07-01,Active
2025-09-01,CUST-0360,Starter,16,149.0,0.0,304.51,3654.18,Monthly,2026-07-01,Active
2025-10-01,CUST-0360,Starter,16,149.0,0.0,305.27,3663.27,Monthly,2026-07-01,Active
2025-11-01,CUST-0360,Starter,16,149.0,0.0,306.03,3672.36,Monthly,2026-07-01,Active
2025-12-01,CUST-0360,Starter,16,149.0,0.0,306.79,3681.45,Monthly,2026-07-01,Active
2026-01-01,CUST-0360,Starter,17,149.0,0.0,321.75,3861.06,Monthly,2027-07-01,Active
2026-02-01,CUST-0360,Starter,19,149.0,0.0,351.04,4212.45,Monthly,2027-07-01,Active
2026-03-01,CUST-0360,Starter,17,149.0,0.0,323.34,3880.08,Monthly,2027-07-01,Active
2026-04-01,CUST-0360,Starter,19,149.0,0.0,352.76,4233.15,Monthly,2027-07-01,Active
2026-05-01,CUST-0360,Starter,18,149.0,0.0,339.27,4071.3,Monthly,2027-07-01,Active
2026-06-01,CUST-0360,Starter,17,149.0,0.0,325.72,3908.61,Monthly,2027-07-01,Active
2025-10-01,CUST-0361,Professional,25,599.0,0.0,599.0,7188.0,Monthly,2026-10-01,Active
2025-11-01,CUST-0361,Professional,25,599.0,0.0,600.5,7205.97,Monthly,2026-10-01,Active
2025-12-01,CUST-0361,Professional,25,599.0,0.0,601.99,7223.94,Monthly,2026-10-01,Active
2026-01-01,CUST-0361,Professional,25,599.0,0.0,603.49,7241.91,Monthly,2027-10-01,Active
2026-02-01,CUST-0361,Professional,25,599.0,0.0,604.99,7259.88,Monthly,2027-10-01,Active
2026-03-01,CUST-0361,Professional,25,599.0,0.0,606.49,7277.85,Monthly,2027-10-01,Active
2026-04-01,CUST-0361,Professional,25,599.0,0.0,607.98,7295.82,Monthly,2027-10-01,Active
2025-06-01,CUST-0362,Starter,13,149.0,0.1,234.9,2818.8,Annual,2026-06-01,Active
2025-07-01,CUST-0362,Starter,12,149.0,0.1,222.86,2674.27,Annual,2026-06-01,Active
2025-08-01,CUST-0362,Starter,12,149.0,0.1,223.41,2680.94,Annual,2026-06-01,Active
2025-09-01,CUST-0362,Starter,13,149.0,0.1,236.66,2839.94,Annual,2026-06-01,Active
2025-10-01,CUST-0362,Starter,13,149.0,0.1,237.25,2846.99,Annual,2026-06-01,Active
2025-11-01,CUST-0362,Starter,13,149.0,0.1,237.84,2854.03,Annual,2026-06-01,Active
2025-12-01,CUST-0362,Starter,13,149.0,0.1,238.42,2861.08,Annual,2026-06-01,Active
2026-01-01,CUST-0362,Starter,13,149.0,0.1,239.01,2868.13,Annual,2027-06-01,Active
2026-02-01,CUST-0362,Starter,13,149.0,0.1,239.6,2875.18,Annual,2027-06-01,Active
2026-03-01,CUST-0362,Starter,13,149.0,0.1,240.19,2882.22,Annual,2027-06-01,Active
2026-04-01,CUST-0362,Starter,14,149.0,0.1,253.69,3044.25,Annual,2027-06-01,Active
2026-05-01,CUST-0362,Starter,13,149.0,0.1,241.36,2896.32,Annual,2027-06-01,Active
2026-06-01,CUST-0362,Starter,13,149.0,0.1,241.95,2903.36,Annual,2027-06-01,Active
2025-02-01,CUST-0363,Professional,76,599.0,0.1,1548.9,18586.8,Annual,2026-02-01,Active
2025-03-01,CUST-0363,Professional,77,599.0,0.1,1572.62,18871.46,Annual,2026-02-01,Active
2025-04-01,CUST-0363,Professional,78,599.0,0.1,1596.44,19157.31,Annual,2026-02-01,Active
2025-05-01,CUST-0363,Professional,79,599.0,0.1,1620.36,19444.35,Annual,2026-02-01,Active
2025-06-01,CUST-0363,Professional,76,599.0,0.1,1564.39,18772.67,Annual,2026-02-01,Active
2025-07-01,CUST-0363,Professional,88,599.0,0.1,1808.83,21705.97,Annual,2026-02-01,Active
2025-08-01,CUST-0363,Professional,74,599.0,0.1,1531.94,18383.27,Annual,2026-02-01,Active
2025-09-01,CUST-0363,Professional,77,599.0,0.1,1596.15,19153.83,Annual,2026-02-01,Active
2025-10-01,CUST-0363,Professional,76,599.0,0.1,1579.88,18958.54,Annual,2026-02-01,Active
2025-11-01,CUST-0363,Professional,81,599.0,0.1,1684.98,20219.73,Annual,2026-02-01,Active
2025-12-01,CUST-0363,Professional,86,599.0,0.1,1790.57,21486.87,Annual,2026-02-01,Active
2026-01-01,CUST-0363,Professional,81,599.0,0.1,1693.22,20318.61,Annual,2027-02-01,Active
2026-02-01,CUST-0363,Professional,87,599.0,0.1,1819.7,21836.41,Annual,2027-02-01,Active
2026-03-01,CUST-0363,Professional,85,599.0,0.1,1783.23,21398.77,Annual,2027-02-01,Active
2026-04-01,CUST-0363,Professional,91,599.0,0.1,1910.51,22926.08,Annual,2027-02-01,Active
2026-05-01,CUST-0363,Professional,96,599.0,0.1,2017.83,24214.01,Annual,2027-02-01,Active
2026-06-01,CUST-0363,Professional,92,599.0,0.1,1940.33,23283.94,Annual,2027-02-01,Active
2025-01-01,CUST-0364,Professional,83,599.0,0.1,1700.16,20401.88,Annual,2026-10-01,Active
2025-02-01,CUST-0364,Professional,82,599.0,0.1,1684.38,20212.52,Annual,2026-10-01,Active
2025-03-01,CUST-0364,Professional,80,599.0,0.1,1648.45,19781.42,Annual,2026-10-01,Active
2025-04-01,CUST-0364,Professional,82,599.0,0.1,1692.72,20312.59,Annual,2026-10-01,Active
2025-05-01,CUST-0364,Professional,81,599.0,0.1,1676.74,20120.86,Annual,2026-10-01,Active
2025-06-01,CUST-0364,Professional,83,599.0,0.1,1721.25,20655.0,Annual,2026-10-01,Active
2025-07-01,CUST-0364,Professional,82,599.0,0.1,1705.22,20462.68,Annual,2026-10-01,Active
2025-08-01,CUST-0364,Professional,78,599.0,0.1,1628.21,19538.55,Annual,2026-10-01,Active
2025-09-01,CUST-0364,Professional,86,599.0,0.1,1794.94,21539.28,Annual,2026-10-01,Active
2025-10-01,CUST-0364,Professional,82,599.0,0.1,1717.73,20612.77,Annual,2026-10-01,Active
2025-11-01,CUST-0364,Professional,85,599.0,0.1,1783.23,21398.77,Annual,2026-10-01,Active
2025-12-01,CUST-0364,Professional,80,599.0,0.1,1685.08,20221.0,Annual,2026-10-01,Active
2026-01-01,CUST-0364,Professional,83,599.0,0.1,1750.78,21009.38,Annual,2027-10-01,Active
2026-02-01,CUST-0364,Professional,86,599.0,0.1,1816.78,21801.31,Annual,2027-10-01,Active
2026-03-01,CUST-0364,Professional,88,599.0,0.1,1862.43,22349.11,Annual,2027-10-01,Active
2026-04-01,CUST-0364,Professional,95,599.0,0.1,2011.73,24140.75,Annual,2027-10-01,Active
2026-05-01,CUST-0364,Professional,91,599.0,0.1,1933.58,23202.96,Annual,2027-10-01,Active
2026-06-01,CUST-0364,Professional,90,599.0,0.1,1917.41,23008.86,Annual,2027-10-01,Active
2026-01-01,CUST-0365,Professional,25,599.0,0.1,539.1,6469.2,Annual,2027-01-01,Active
2026-02-01,CUST-0365,Professional,25,599.0,0.1,540.45,6485.37,Annual,2027-01-01,Active
2026-03-01,CUST-0365,Professional,25,599.0,0.1,541.8,6501.55,Annual,2027-01-01,Active
2026-04-01,CUST-0365,Professional,25,599.0,0.1,543.14,6517.72,Annual,2027-01-01,Active
2026-05-01,CUST-0365,Professional,25,599.0,0.1,544.49,6533.89,Annual,2027-01-01,Active
2026-06-01,CUST-0365,Professional,25,599.0,0.1,545.84,6550.07,Annual,2027-01-01,Active
2025-07-01,CUST-0366,Starter,5,149.0,0.0,149.0,1788.0,Monthly,2026-07-01,Active
2025-08-01,CUST-0366,Starter,5,149.0,0.0,149.37,1792.47,Monthly,2026-07-01,Active
2025-09-01,CUST-0366,Starter,5,149.0,0.0,149.74,1796.94,Monthly,2026-07-01,Active
2025-10-01,CUST-0366,Starter,5,149.0,0.0,150.12,1801.41,Monthly,2026-07-01,Active
2025-11-01,CUST-0366,Starter,5,149.0,0.0,150.49,1805.88,Monthly,2026-07-01,Active
2025-12-01,CUST-0366,Starter,5,149.0,0.0,150.86,1810.35,Monthly,2026-07-01,Active
2026-01-01,CUST-0366,Starter,5,149.0,0.0,151.23,1814.82,Monthly,2027-07-01,Active
2026-02-01,CUST-0366,Starter,5,149.0,0.0,151.61,1819.29,Monthly,2027-07-01,Active
2026-03-01,CUST-0366,Starter,5,149.0,0.0,151.98,1823.76,Monthly,2027-07-01,Active
2026-04-01,CUST-0366,Starter,5,149.0,0.0,152.35,1828.23,Monthly,2027-07-01,Active
2026-05-01,CUST-0366,Starter,5,149.0,0.0,152.72,1832.7,Monthly,2027-07-01,Active
2026-06-01,CUST-0366,Starter,5,149.0,0.0,153.1,1837.17,Monthly,2027-07-01,Active
2025-02-01,CUST-0367,Professional,25,599.0,0.0,599.0,7188.0,Monthly,2026-02-01,Active
2025-03-01,CUST-0367,Professional,25,599.0,0.0,600.5,7205.97,Monthly,2026-02-01,Active
2025-04-01,CUST-0367,Professional,25,599.0,0.0,601.99,7223.94,Monthly,2026-02-01,Active
2025-05-01,CUST-0367,Professional,25,599.0,0.0,603.49,7241.91,Monthly,2026-02-01,Active
2025-06-01,CUST-0367,Professional,25,599.0,0.0,604.99,7259.88,Monthly,2026-02-01,Active
2025-07-01,CUST-0367,Professional,25,599.0,0.0,606.49,7277.85,Monthly,2026-02-01,Active
2025-08-01,CUST-0367,Professional,25,599.0,0.0,607.98,7295.82,Monthly,2026-02-01,Active
2025-09-01,CUST-0367,Professional,25,599.0,0.0,609.48,7313.79,Monthly,2026-02-01,Active
2025-10-01,CUST-0367,Professional,25,599.0,0.0,610.98,7331.76,Monthly,2026-02-01,Active
2025-11-01,CUST-0367,Professional,25,599.0,0.0,612.48,7349.73,Monthly,2026-02-01,Active
2025-12-01,CUST-0367,Professional,25,599.0,0.0,613.97,7367.7,Monthly,2026-02-01,Active
2026-01-01,CUST-0367,Professional,25,599.0,0.0,615.47,7385.67,Monthly,2027-02-01,Active
2026-02-01,CUST-0367,Professional,25,599.0,0.0,616.97,7403.64,Monthly,2027-02-01,Active
2026-03-01,CUST-0367,Professional,25,599.0,0.0,618.47,7421.61,Monthly,2027-02-01,Active
2026-04-01,CUST-0367,Professional,25,599.0,0.0,619.96,7439.58,Monthly,2027-02-01,Active
2026-05-01,CUST-0367,Professional,25,599.0,0.0,621.46,7457.55,Monthly,2027-02-01,Active
2026-06-01,CUST-0367,Professional,25,599.0,0.0,622.96,7475.52,Monthly,2027-02-01,Active
2025-04-01,CUST-0368,Starter,14,149.0,0.0,275.0,3300.0,Monthly,2026-04-01,Active
2025-05-01,CUST-0368,Starter,14,149.0,0.0,275.69,3308.25,Monthly,2026-04-01,Active
2025-06-01,CUST-0368,Starter,14,149.0,0.0,276.37,3316.5,Monthly,2026-04-01,Active
2025-07-01,CUST-0368,Starter,14,149.0,0.0,277.06,3324.75,Monthly,2026-04-01,Active
2025-08-01,CUST-0368,Starter,14,149.0,0.0,277.75,3333.0,Monthly,2026-04-01,Active
2025-09-01,CUST-0368,Starter,13,149.0,0.0,264.26,3171.15,Monthly,2026-04-01,Active
2025-10-01,CUST-0368,Starter,15,149.0,0.0,293.33,3520.02,Monthly,2026-04-01,Active
2025-11-01,CUST-0368,Starter,13,149.0,0.0,265.57,3186.81,Monthly,2026-04-01,Active
2025-12-01,CUST-0368,Starter,14,149.0,0.0,280.5,3366.0,Monthly,2026-04-01,Active
2026-01-01,CUST-0368,Starter,13,149.0,0.0,266.87,3202.47,Monthly,2027-04-01,Active
2026-02-01,CUST-0368,Starter,14,149.0,0.0,281.88,3382.5,Monthly,2027-04-01,Active
2026-03-01,CUST-0368,Starter,15,149.0,0.0,296.95,3563.37,Monthly,2027-04-01,Active
2026-04-01,CUST-0368,Starter,14,149.0,0.0,283.25,3399.0,Monthly,2027-04-01,Active
2026-05-01,CUST-0368,Starter,16,149.0,0.0,312.85,3754.17,Monthly,2027-04-01,Active
2026-06-01,CUST-0368,Starter,14,149.0,0.0,284.62,3415.5,Monthly,2027-04-01,Active
2025-03-01,CUST-0369,Starter,68,149.0,0.1,927.9,11134.8,Annual,2026-03-01,Active
2025-04-01,CUST-0369,Starter,63,149.0,0.1,867.06,10404.75,Annual,2026-03-01,Active
2025-05-01,CUST-0369,Starter,67,149.0,0.1,919.88,11038.52,Annual,2026-03-01,Active
2025-06-01,CUST-0369,Starter,65,149.0,0.1,896.78,10761.31,Annual,2026-03-01,Active
2025-07-01,CUST-0369,Starter,69,149.0,0.1,949.9,11398.86,Annual,2026-03-01,Active
2025-08-01,CUST-0369,Starter,66,149.0,0.1,913.98,10967.81,Annual,2026-03-01,Active
2025-09-01,CUST-0369,Starter,68,149.0,0.1,941.82,11301.82,Annual,2026-03-01,Active
2025-10-01,CUST-0369,Starter,69,149.0,0.1,956.96,11483.51,Annual,2026-03-01,Active
2025-11-01,CUST-0369,Starter,71,149.0,0.1,985.01,11820.17,Annual,2026-03-01,Active
2025-12-01,CUST-0369,Starter,69,149.0,0.1,961.66,11539.93,Annual,2026-03-01,Active
2026-01-01,CUST-0369,Starter,70,149.0,0.1,976.93,11723.13,Annual,2027-03-01,Active
2026-02-01,CUST-0369,Starter,75,149.0,0.1,1044.04,12528.51,Annual,2027-03-01,Active
2026-03-01,CUST-0369,Starter,78,149.0,0.1,1085.52,13026.2,Annual,2027-03-01,Active
2026-04-01,CUST-0369,Starter,78,149.0,0.1,1088.15,13057.82,Annual,2027-03-01,Active
2026-05-01,CUST-0369,Starter,79,149.0,0.1,1103.83,13245.93,Annual,2027-03-01,Active
2026-06-01,CUST-0369,Starter,81,149.0,0.1,1132.64,13591.67,Annual,2027-03-01,Active
2025-01-01,CUST-0370,Starter,13,149.0,0.0,267.52,3210.3,Monthly,2026-03-01,Active
2025-02-01,CUST-0370,Starter,14,149.0,0.0,282.56,3390.75,Monthly,2026-03-01,Active
2025-03-01,CUST-0370,Starter,14,149.0,0.0,283.25,3399.0,Monthly,2026-03-01,Active
2025-04-01,CUST-0370,Starter,15,149.0,0.0,298.39,3580.71,Monthly,2026-03-01,Active
2025-05-01,CUST-0370,Starter,14,149.0,0.0,284.62,3415.5,Monthly,2026-03-01,Active
2025-06-01,CUST-0370,Starter,14,149.0,0.0,285.31,3423.75,Monthly,2026-03-01,Active
2025-07-01,CUST-0370,Starter,15,149.0,0.0,300.56,3606.72,Monthly,2026-03-01,Active
2025-08-01,CUST-0370,Starter,14,149.0,0.0,286.69,3440.25,Monthly,2026-03-01,Active
2025-09-01,CUST-0370,Starter,14,149.0,0.0,287.38,3448.5,Monthly,2026-03-01,Active
2025-10-01,CUST-0370,Starter,14,149.0,0.0,288.06,3456.75,Monthly,2026-03-01,Active
2025-11-01,CUST-0370,Starter,14,149.0,0.0,288.75,3465.0,Monthly,2026-03-01,Active
2025-12-01,CUST-0370,Starter,15,149.0,0.0,304.17,3650.07,Monthly,2026-03-01,Active
2026-01-01,CUST-0370,Starter,16,149.0,0.0,319.66,3835.98,Monthly,2027-03-01,Active
2026-02-01,CUST-0370,Starter,15,149.0,0.0,305.62,3667.41,Monthly,2027-03-01,Active
2026-03-01,CUST-0370,Starter,17,149.0,0.0,336.02,4032.24,Monthly,2027-03-01,Active
2026-04-01,CUST-0370,Starter,16,149.0,0.0,321.94,3863.25,Monthly,2027-03-01,Active
2026-05-01,CUST-0370,Starter,16,149.0,0.0,322.69,3872.34,Monthly,2027-03-01,Active
2026-06-01,CUST-0370,Starter,17,149.0,0.0,338.4,4060.77,Monthly,2027-03-01,Active
2025-08-01,CUST-0371,Enterprise,319,2499.0,0.13,8080.56,96966.72,Annual,2026-08-01,Active
2025-09-01,CUST-0371,Enterprise,333,2499.0,0.13,8479.29,101751.42,Annual,2026-08-01,Active
2025-10-01,CUST-0371,Enterprise,324,2499.0,0.13,8256.49,99077.84,Annual,2026-08-01,Active
2025-11-01,CUST-0371,Enterprise,323,2499.0,0.13,8249.85,98998.24,Annual,2026-08-01,Active
2025-12-01,CUST-0371,Enterprise,334,2499.0,0.13,8569.96,102839.53,Annual,2026-08-01,Active
2026-01-01,CUST-0371,Enterprise,324,2499.0,0.13,8318.1,99817.23,Annual,2027-08-01,Active
2026-02-01,CUST-0371,Enterprise,366,2499.0,0.13,9488.37,113860.47,Annual,2027-08-01,Active
2026-03-01,CUST-0371,Enterprise,339,2499.0,0.13,8770.81,105249.71,Annual,2027-08-01,Active
2026-04-01,CUST-0371,Enterprise,362,2499.0,0.13,9425.08,113100.9,Annual,2027-08-01,Active
2026-05-01,CUST-0371,Enterprise,376,2499.0,0.13,9834.25,118011.02,Annual,2027-08-01,Active
2026-06-01,CUST-0371,Enterprise,369,2499.0,0.13,9664.79,115977.44,Annual,2027-08-01,Active
2025-01-01,CUST-0372,Starter,15,149.0,0.1,264.0,3168.02,Annual,2026-07-01,Active
2025-02-01,CUST-0372,Starter,16,149.0,0.1,277.47,3329.67,Annual,2026-07-01,Active
2025-03-01,CUST-0372,Starter,15,149.0,0.1,265.3,3183.62,Annual,2026-07-01,Active
2025-04-01,CUST-0372,Starter,16,149.0,0.1,278.84,3346.03,Annual,2026-07-01,Active
2025-05-01,CUST-0372,Starter,16,149.0,0.1,279.52,3354.21,Annual,2026-07-01,Active
2025-06-01,CUST-0372,Starter,15,149.0,0.1,267.25,3207.03,Annual,2026-07-01,Active
2025-07-01,CUST-0372,Starter,17,149.0,0.1,293.86,3526.31,Annual,2026-07-01,Active
2025-08-01,CUST-0372,Starter,15,149.0,0.1,268.55,3222.64,Annual,2026-07-01,Active
2025-09-01,CUST-0372,Starter,15,149.0,0.1,269.2,3230.44,Annual,2026-07-01,Active
2025-10-01,CUST-0372,Starter,15,149.0,0.1,269.85,3238.25,Annual,2026-07-01,Active
2025-11-01,CUST-0372,Starter,16,149.0,0.1,283.61,3403.3,Annual,2026-07-01,Active
2025-12-01,CUST-0372,Starter,16,149.0,0.1,284.29,3411.48,Annual,2026-07-01,Active
2026-01-01,CUST-0372,Starter,15,149.0,0.1,271.8,3261.65,Annual,2027-07-01,Active
2026-02-01,CUST-0372,Starter,16,149.0,0.1,285.65,3427.84,Annual,2027-07-01,Active
2026-03-01,CUST-0372,Starter,18,149.0,0.1,312.8,3753.54,Annual,2027-07-01,Active
2026-04-01,CUST-0372,Starter,17,149.0,0.1,300.28,3603.34,Annual,2027-07-01,Active
2026-05-01,CUST-0372,Starter,17,149.0,0.1,300.99,3611.9,Annual,2027-07-01,Active
2026-06-01,CUST-0372,Starter,17,149.0,0.1,301.7,3620.46,Annual,2027-07-01,Active
2025-12-01,CUST-0373,Starter,15,149.0,0.0,289.0,3468.0,Monthly,2026-12-01,Active
2026-01-01,CUST-0373,Starter,17,149.0,0.0,317.79,3813.51,Monthly,2027-12-01,Active
2026-02-01,CUST-0373,Starter,16,149.0,0.0,304.51,3654.18,Monthly,2027-12-01,Active
2026-03-01,CUST-0373,Starter,16,149.0,0.0,305.27,3663.27,Monthly,2027-12-01,Active
2026-04-01,CUST-0373,Starter,17,149.0,0.0,320.17,3842.04,Monthly,2027-12-01,Active
2026-05-01,CUST-0373,Starter,17,149.0,0.0,320.96,3851.55,Monthly,2027-12-01,Active
2026-06-01,CUST-0373,Starter,16,149.0,0.0,307.54,3690.54,Monthly,2027-12-01,Active
2025-09-01,CUST-0374,Starter,60,149.0,0.0,919.0,11028.0,Monthly,2026-09-01,Active
2025-10-01,CUST-0374,Starter,64,149.0,0.0,977.44,11729.25,Monthly,2026-09-01,Active
2025-11-01,CUST-0374,Starter,61,149.0,0.0,937.66,11251.98,Monthly,2026-09-01,Active
2025-12-01,CUST-0374,Starter,62,149.0,0.0,954.1,11449.23,Monthly,2026-09-01,Active
2026-01-01,CUST-0374,Starter,67,149.0,0.0,1027.17,12326.04,Monthly,2027-09-01,Active
2026-02-01,CUST-0374,Starter,67,149.0,0.0,1029.71,12356.55,Monthly,2027-09-01,Active
2026-03-01,CUST-0374,Starter,68,149.0,0.0,1046.46,12557.58,Monthly,2027-09-01,Active
2026-04-01,CUST-0374,Starter,69,149.0,0.0,1063.29,12759.45,Monthly,2027-09-01,Active
2025-01-01,CUST-0375,Starter,5,149.0,0.1,136.78,1641.38,Annual,2026-05-01,Active
2025-02-01,CUST-0375,Starter,5,149.0,0.1,137.12,1645.41,Annual,2026-05-01,Active
2025-03-01,CUST-0375,Starter,5,149.0,0.1,137.45,1649.43,Annual,2026-05-01,Active
2025-04-01,CUST-0375,Starter,5,149.0,0.1,137.79,1653.45,Annual,2026-05-01,Active
2025-05-01,CUST-0375,Starter,5,149.0,0.1,138.12,1657.48,Annual,2026-05-01,Active
2025-06-01,CUST-0375,Starter,5,149.0,0.1,138.46,1661.5,Annual,2026-05-01,Active
2025-07-01,CUST-0375,Starter,5,149.0,0.1,138.79,1665.52,Annual,2026-05-01,Active
2025-08-01,CUST-0375,Starter,5,149.0,0.1,139.13,1669.55,Annual,2026-05-01,Active
2025-09-01,CUST-0375,Starter,5,149.0,0.1,139.46,1673.57,Annual,2026-05-01,Active
2025-10-01,CUST-0375,Starter,5,149.0,0.1,139.8,1677.59,Annual,2026-05-01,Active
2025-11-01,CUST-0375,Starter,5,149.0,0.1,140.13,1681.61,Annual,2026-05-01,Active
2025-12-01,CUST-0375,Starter,5,149.0,0.1,140.47,1685.64,Annual,2026-05-01,Active
2026-01-01,CUST-0375,Starter,5,149.0,0.1,140.81,1689.66,Annual,2027-05-01,Active
2026-02-01,CUST-0375,Starter,5,149.0,0.1,141.14,1693.68,Annual,2027-05-01,Active
2026-03-01,CUST-0375,Starter,5,149.0,0.1,141.48,1697.71,Annual,2027-05-01,Active
2026-04-01,CUST-0375,Starter,5,149.0,0.1,141.81,1701.73,Annual,2027-05-01,Active
2026-05-01,CUST-0375,Starter,5,149.0,0.1,142.15,1705.75,Annual,2027-05-01,Active
2026-06-01,CUST-0375,Starter,6,149.0,0.1,155.87,1870.43,Annual,2027-05-01,Active
2025-03-01,CUST-0376,Enterprise,229,2499.0,0.0,6498.0,77976.0,Monthly,2026-03-01,Active
2025-04-01,CUST-0376,Enterprise,244,2499.0,0.0,6980.41,83764.89,Monthly,2026-03-01,Active
2025-05-01,CUST-0376,Enterprise,251,2499.0,0.0,7215.9,86590.8,Monthly,2026-03-01,Active
2025-06-01,CUST-0376,Enterprise,268,2499.0,0.0,7764.8,93177.63,Monthly,2026-03-01,Active
2025-07-01,CUST-0376,Enterprise,256,2499.0,0.0,7408.35,88900.2,Monthly,2026-03-01,Active
2025-08-01,CUST-0376,Enterprise,242,2499.0,0.0,6987.26,83847.15,Monthly,2026-03-01,Active
2025-09-01,CUST-0376,Enterprise,235,2499.0,0.0,6784.26,81411.12,Monthly,2026-03-01,Active
2025-10-01,CUST-0376,Enterprise,256,2499.0,0.0,7463.36,89560.35,Monthly,2026-03-01,Active
2025-11-01,CUST-0376,Enterprise,265,2499.0,0.0,7766.28,93195.36,Monthly,2026-03-01,Active
2025-12-01,CUST-0376,Enterprise,273,2499.0,0.0,8038.89,96466.74,Monthly,2026-03-01,Active
2026-01-01,CUST-0376,Enterprise,292,2499.0,0.0,8662.27,103947.3,Monthly,2027-03-01,Active
2026-02-01,CUST-0376,Enterprise,284,2499.0,0.0,8428.58,101142.99,Monthly,2027-03-01,Active
2026-03-01,CUST-0376,Enterprise,287,2499.0,0.0,8544.88,102538.56,Monthly,2027-03-01,Active
2026-04-01,CUST-0376,Enterprise,300,2499.0,0.0,8981.72,107780.61,Monthly,2027-03-01,Active
2026-05-01,CUST-0376,Enterprise,317,2499.0,0.0,9548.91,114586.92,Monthly,2027-03-01,Active
2026-06-01,CUST-0376,Enterprise,326,2499.0,0.0,9861.44,118337.25,Monthly,2027-03-01,Active
2025-01-01,CUST-0377,Starter,5,149.0,0.1,134.44,1613.22,Annual,2026-12-01,Active
2025-02-01,CUST-0377,Starter,5,149.0,0.1,134.77,1617.25,Annual,2026-12-01,Active
2025-03-01,CUST-0377,Starter,5,149.0,0.1,135.11,1621.27,Annual,2026-12-01,Active
2025-04-01,CUST-0377,Starter,5,149.0,0.1,135.44,1625.29,Annual,2026-12-01,Active
2025-05-01,CUST-0377,Starter,5,149.0,0.1,135.78,1629.31,Annual,2026-12-01,Active
2025-06-01,CUST-0377,Starter,5,149.0,0.1,136.11,1633.34,Annual,2026-12-01,Active
2025-07-01,CUST-0377,Starter,5,149.0,0.1,136.45,1637.36,Annual,2026-12-01,Active
2025-08-01,CUST-0377,Starter,5,149.0,0.1,136.78,1641.38,Annual,2026-12-01,Active
2025-09-01,CUST-0377,Starter,5,149.0,0.1,137.12,1645.41,Annual,2026-12-01,Active
2025-10-01,CUST-0377,Starter,5,149.0,0.1,137.45,1649.43,Annual,2026-12-01,Active
2025-11-01,CUST-0377,Starter,5,149.0,0.1,137.79,1653.45,Annual,2026-12-01,Active
2025-12-01,CUST-0377,Starter,5,149.0,0.1,138.12,1657.48,Annual,2026-12-01,Active
2026-01-01,CUST-0377,Starter,5,149.0,0.1,138.46,1661.5,Annual,2027-12-01,Active
2026-02-01,CUST-0377,Starter,5,149.0,0.1,138.79,1665.52,Annual,2027-12-01,Active
2026-03-01,CUST-0377,Starter,5,149.0,0.1,139.13,1669.55,Annual,2027-12-01,Active
2026-04-01,CUST-0377,Starter,5,149.0,0.1,139.46,1673.57,Annual,2027-12-01,Active
2026-05-01,CUST-0377,Starter,5,149.0,0.1,139.8,1677.59,Annual,2027-12-01,Active
2026-06-01,CUST-0377,Starter,5,149.0,0.1,140.13,1681.61,Annual,2027-12-01,Active
2025-10-01,CUST-0378,Starter,5,149.0,0.1,134.1,1609.2,Annual,2026-10-01,Active
2025-11-01,CUST-0378,Starter,6,149.0,0.1,147.07,1764.8,Annual,2026-10-01,Active
2025-12-01,CUST-0378,Starter,5,149.0,0.1,134.77,1617.25,Annual,2026-10-01,Active
2026-01-01,CUST-0378,Starter,6,149.0,0.1,147.8,1773.6,Annual,2027-10-01,Active
2026-02-01,CUST-0378,Starter,5,149.0,0.1,135.44,1625.29,Annual,2027-10-01,Active
2026-03-01,CUST-0378,Starter,6,149.0,0.1,148.53,1782.4,Annual,2027-10-01,Active
2026-04-01,CUST-0378,Professional,25,599.0,0.1,547.19,6566.24,Annual,2027-10-01,Active
2026-05-01,CUST-0378,Professional,25,599.0,0.1,548.53,6582.41,Annual,2027-10-01,Active
2026-06-01,CUST-0378,Professional,25,599.0,0.1,549.88,6598.58,Annual,2027-10-01,Active
2026-02-01,CUST-0379,Professional,76,599.0,0.1,1548.9,18586.8,Annual,2027-02-01,Active
2026-03-01,CUST-0379,Professional,75,599.0,0.1,1532.92,18395.07,Annual,2027-02-01,Active
2026-04-01,CUST-0379,Professional,79,599.0,0.1,1616.34,19396.1,Annual,2027-02-01,Active
2026-05-01,CUST-0379,Professional,75,599.0,0.1,1540.57,18486.82,Annual,2027-02-01,Active
2026-06-01,CUST-0379,Professional,78,599.0,0.1,1604.38,19252.62,Annual,2027-02-01,Active
2025-11-01,CUST-0380,Starter,15,149.0,0.1,260.1,3121.2,Annual,2026-11-01,Active
2025-12-01,CUST-0380,Starter,16,149.0,0.1,273.38,3280.58,Annual,2026-11-01,Active
2026-01-01,CUST-0380,Starter,16,149.0,0.1,274.06,3288.76,Annual,2027-11-01,Active
2026-02-01,CUST-0380,Starter,16,149.0,0.1,274.75,3296.94,Annual,2027-11-01,Active
2026-03-01,CUST-0380,Starter,17,149.0,0.1,288.15,3457.84,Annual,2027-11-01,Active
2026-04-01,CUST-0380,Starter,18,149.0,0.1,301.62,3619.49,Annual,2027-11-01,Active
2026-05-01,CUST-0380,Starter,17,149.0,0.1,289.58,3474.95,Annual,2027-11-01,Active
2026-06-01,CUST-0380,Starter,16,149.0,0.1,277.47,3329.67,Annual,2027-11-01,Active
2025-01-01,CUST-0381,Professional,70,599.0,0.0,1596.94,19163.34,Monthly,2026-11-01,Active
2025-02-01,CUST-0381,Professional,71,599.0,0.0,1623.08,19476.99,Monthly,2026-11-01,Active
2025-03-01,CUST-0381,Professional,71,599.0,0.0,1627.11,19525.32,Monthly,2026-11-01,Active
2025-04-01,CUST-0381,Professional,66,599.0,0.0,1519.76,18237.15,Monthly,2026-11-01,Active
2025-05-01,CUST-0381,Professional,74,599.0,0.0,1702.15,20425.86,Monthly,2026-11-01,Active
2025-06-01,CUST-0381,Professional,77,599.0,0.0,1773.5,21282.03,Monthly,2026-11-01,Active
2025-07-01,CUST-0381,Professional,71,599.0,0.0,1643.22,19718.64,Monthly,2026-11-01,Active
2025-08-01,CUST-0381,Professional,73,599.0,0.0,1692.24,20306.85,Monthly,2026-11-01,Active
2025-09-01,CUST-0381,Professional,68,599.0,0.0,1583.62,19003.5,Monthly,2026-11-01,Active
2025-10-01,CUST-0381,Professional,75,599.0,0.0,1745.72,20948.67,Monthly,2026-11-01,Active
2025-11-01,CUST-0381,Professional,73,599.0,0.0,1704.65,20455.8,Monthly,2026-11-01,Active
2025-12-01,CUST-0381,Professional,71,599.0,0.0,1663.36,19960.29,Monthly,2026-11-01,Active
2026-01-01,CUST-0381,Professional,79,599.0,0.0,1849.54,22194.54,Monthly,2027-11-01,Active
2026-02-01,CUST-0381,Professional,77,599.0,0.0,1808.36,21700.35,Monthly,2027-11-01,Active
2026-03-01,CUST-0381,Professional,76,599.0,0.0,1789.84,21478.08,Monthly,2027-11-01,Active
2026-04-01,CUST-0381,Professional,79,599.0,0.0,1862.95,22355.37,Monthly,2027-11-01,Active
2026-05-01,CUST-0381,Professional,80,599.0,0.0,1890.4,22684.86,Monthly,2027-11-01,Active
2026-06-01,CUST-0381,Professional,82,599.0,0.0,1941.02,23292.21,Monthly,2027-11-01,Active
2025-01-01,CUST-0382,Professional,73,599.0,0.1,1515.57,18186.8,Annual,2026-06-01,Active
2025-02-01,CUST-0382,Professional,73,599.0,0.1,1519.29,18231.48,Annual,2026-06-01,Active
2025-03-01,CUST-0382,Professional,81,599.0,0.1,1684.98,20219.73,Annual,2026-06-01,Active
2025-04-01,CUST-0382,Professional,75,599.0,0.1,1567.33,18807.93,Annual,2026-06-01,Active
2025-05-01,CUST-0382,Professional,73,599.0,0.1,1530.46,18365.53,Annual,2026-06-01,Active
2025-06-01,CUST-0382,Professional,76,599.0,0.1,1595.37,19144.4,Annual,2026-06-01,Active
2025-07-01,CUST-0382,Professional,80,599.0,0.1,1681.01,20172.16,Annual,2026-06-01,Active
2025-08-01,CUST-0382,Professional,80,599.0,0.1,1685.08,20221.0,Annual,2026-06-01,Active
2025-09-01,CUST-0382,Professional,75,599.0,0.1,1586.44,19037.3,Annual,2026-06-01,Active
2025-10-01,CUST-0382,Professional,78,599.0,0.1,1652.04,19824.48,Annual,2026-06-01,Active
2025-11-01,CUST-0382,Professional,77,599.0,0.1,1635.37,19624.44,Annual,2026-06-01,Active
2025-12-01,CUST-0382,Professional,82,599.0,0.1,1742.75,20912.96,Annual,2026-06-01,Active
2026-01-01,CUST-0382,Professional,84,599.0,0.1,1788.4,21460.76,Annual,2027-06-01,Active
2026-02-01,CUST-0382,Professional,82,599.0,0.1,1751.09,21013.02,Annual,2027-06-01,Active
2026-03-01,CUST-0382,Professional,94,599.0,0.1,2005.33,24063.94,Annual,2027-06-01,Active
2026-04-01,CUST-0382,Professional,83,599.0,0.1,1780.31,21363.75,Annual,2027-06-01,Active
2026-05-01,CUST-0382,Professional,85,599.0,0.1,1826.41,21916.9,Annual,2027-06-01,Active
2026-06-01,CUST-0382,Professional,95,599.0,0.1,2040.61,24487.27,Annual,2027-06-01,Active
2026-01-01,CUST-0383,Starter,7,149.0,0.1,159.3,1911.6,Annual,2027-01-01,Active
2026-02-01,CUST-0383,Starter,7,149.0,0.1,159.7,1916.38,Annual,2027-01-01,Active
2026-03-01,CUST-0383,Starter,7,149.0,0.1,160.1,1921.16,Annual,2027-01-01,Active
2026-04-01,CUST-0383,Starter,7,149.0,0.1,160.49,1925.94,Annual,2027-01-01,Active
2026-05-01,CUST-0383,Starter,7,149.0,0.1,160.89,1930.72,Annual,2027-01-01,Active
2026-06-01,CUST-0383,Starter,7,149.0,0.1,161.29,1935.49,Annual,2027-01-01,Active
2025-01-01,CUST-0384,Starter,5,149.0,0.1,134.44,1613.22,Annual,2026-12-01,Active
2025-02-01,CUST-0384,Starter,5,149.0,0.1,134.77,1617.25,Annual,2026-12-01,Active
2025-03-01,CUST-0384,Starter,5,149.0,0.1,135.11,1621.27,Annual,2026-12-01,Active
2025-04-01,CUST-0384,Starter,5,149.0,0.1,135.44,1625.29,Annual,2026-12-01,Active
2025-05-01,CUST-0384,Starter,5,149.0,0.1,135.78,1629.31,Annual,2026-12-01,Active
2025-06-01,CUST-0384,Starter,5,149.0,0.1,136.11,1633.34,Annual,2026-12-01,Active
2025-07-01,CUST-0384,Starter,5,149.0,0.1,136.45,1637.36,Annual,2026-12-01,Active
2025-08-01,CUST-0384,Starter,5,149.0,0.1,136.78,1641.38,Annual,2026-12-01,Active
2025-09-01,CUST-0384,Starter,5,149.0,0.1,137.12,1645.41,Annual,2026-12-01,Active
2025-10-01,CUST-0384,Starter,5,149.0,0.1,137.45,1649.43,Annual,2026-12-01,Active
2025-11-01,CUST-0384,Starter,5,149.0,0.1,137.79,1653.45,Annual,2026-12-01,Active
2025-12-01,CUST-0384,Professional,25,599.0,0.1,555.27,6663.28,Annual,2026-12-01,Active
2026-01-01,CUST-0384,Professional,25,599.0,0.1,556.62,6679.45,Annual,2027-12-01,Active
2026-02-01,CUST-0384,Professional,25,599.0,0.1,557.97,6695.62,Annual,2027-12-01,Active
2026-03-01,CUST-0384,Professional,25,599.0,0.1,559.32,6711.8,Annual,2027-12-01,Active
2026-04-01,CUST-0384,Professional,25,599.0,0.1,560.66,6727.97,Annual,2027-12-01,Active
2026-05-01,CUST-0384,Professional,25,599.0,0.1,562.01,6744.14,Annual,2027-12-01,Active
2026-06-01,CUST-0384,Professional,25,599.0,0.1,563.36,6760.31,Annual,2027-12-01,Active
2025-03-01,CUST-0385,Professional,75,599.0,0.1,1529.1,18349.2,Annual,2026-03-01,Active
2025-04-01,CUST-0385,Professional,78,599.0,0.1,1592.47,19109.65,Annual,2026-03-01,Active
2025-05-01,CUST-0385,Professional,77,599.0,0.1,1576.54,18918.52,Annual,2026-03-01,Active
2025-06-01,CUST-0385,Professional,72,599.0,0.1,1480.72,17768.67,Annual,2026-03-01,Active
2025-07-01,CUST-0385,Professional,69,599.0,0.1,1424.4,17092.84,Annual,2026-03-01,Active
2025-08-01,CUST-0385,Professional,74,599.0,0.1,1528.17,18337.99,Annual,2026-03-01,Active
2025-09-01,CUST-0385,Professional,75,599.0,0.1,1552.04,18624.44,Annual,2026-03-01,Active
2025-10-01,CUST-0385,Professional,76,599.0,0.1,1576.01,18912.07,Annual,2026-03-01,Active
2025-01-01,CUST-0386,Starter,16,149.0,0.0,305.27,3663.27,Monthly,2026-10-01,Active
2025-02-01,CUST-0386,Starter,16,149.0,0.0,306.03,3672.36,Monthly,2026-10-01,Active
2025-03-01,CUST-0386,Starter,19,149.0,0.0,349.31,4191.75,Monthly,2026-10-01,Active
2025-04-01,CUST-0386,Starter,18,149.0,0.0,335.96,4031.58,Monthly,2026-10-01,Active
2025-05-01,CUST-0386,Starter,17,149.0,0.0,322.55,3870.57,Monthly,2026-10-01,Active
2025-06-01,CUST-0386,Starter,17,149.0,0.0,323.34,3880.08,Monthly,2026-10-01,Active
2025-07-01,CUST-0386,Starter,17,149.0,0.0,324.13,3889.59,Monthly,2026-10-01,Active
2025-08-01,CUST-0386,Starter,17,149.0,0.0,324.92,3899.1,Monthly,2026-10-01,Active
2025-09-01,CUST-0386,Starter,15,149.0,0.0,296.95,3563.37,Monthly,2026-10-01,Active
2025-10-01,CUST-0386,Starter,16,149.0,0.0,312.09,3745.08,Monthly,2026-10-01,Active
2025-11-01,CUST-0386,Starter,15,149.0,0.0,298.39,3580.71,Monthly,2026-10-01,Active
2025-12-01,CUST-0386,Starter,18,149.0,0.0,342.58,4111.02,Monthly,2026-10-01,Active
2026-01-01,CUST-0386,Starter,18,149.0,0.0,343.41,4120.95,Monthly,2027-10-01,Active
2025-01-01,CUST-0387,Professional,25,599.0,0.1,551.23,6614.76,Annual,2026-04-01,Active
2025-02-01,CUST-0387,Professional,25,599.0,0.1,552.58,6630.93,Annual,2026-04-01,Active
2025-03-01,CUST-0387,Professional,25,599.0,0.1,553.93,6647.1,Annual,2026-04-01,Active
2025-04-01,CUST-0387,Professional,25,599.0,0.1,555.27,6663.28,Annual,2026-04-01,Active
2025-05-01,CUST-0387,Professional,25,599.0,0.1,556.62,6679.45,Annual,2026-04-01,Active
2025-06-01,CUST-0387,Professional,25,599.0,0.1,557.97,6695.62,Annual,2026-04-01,Active
2025-07-01,CUST-0387,Professional,25,599.0,0.1,559.32,6711.8,Annual,2026-04-01,Active
2025-08-01,CUST-0387,Professional,25,599.0,0.1,560.66,6727.97,Annual,2026-04-01,Active
2025-09-01,CUST-0387,Professional,25,599.0,0.1,562.01,6744.14,Annual,2026-04-01,Active
2025-10-01,CUST-0387,Professional,25,599.0,0.1,563.36,6760.31,Annual,2026-04-01,Active
2025-11-01,CUST-0387,Professional,25,599.0,0.1,564.71,6776.49,Annual,2026-04-01,Active
2025-12-01,CUST-0387,Professional,25,599.0,0.1,566.06,6792.66,Annual,2026-04-01,Active
2026-01-01,CUST-0387,Professional,25,599.0,0.1,567.4,6808.83,Annual,2027-04-01,Active
2026-02-01,CUST-0387,Professional,25,599.0,0.1,568.75,6825.01,Annual,2027-04-01,Active
2026-03-01,CUST-0387,Enterprise,100,2499.0,0.13,2299.14,27589.71,Annual,2027-04-01,Active
2026-04-01,CUST-0387,Enterprise,100,2499.0,0.13,2304.58,27654.93,Annual,2027-04-01,Active
2026-05-01,CUST-0387,Enterprise,100,2499.0,0.13,2310.01,27720.16,Annual,2027-04-01,Active
2026-06-01,CUST-0387,Enterprise,100,2499.0,0.13,2315.45,27785.38,Annual,2027-04-01,Active
2025-01-01,CUST-0388,Starter,6,149.0,0.1,146.7,1760.4,Annual,2026-01-01,Active
2025-02-01,CUST-0388,Starter,6,149.0,0.1,147.07,1764.8,Annual,2026-01-01,Active
2025-03-01,CUST-0388,Starter,6,149.0,0.1,147.43,1769.2,Annual,2026-01-01,Active
2025-04-01,CUST-0388,Starter,6,149.0,0.1,147.8,1773.6,Annual,2026-01-01,Active
2025-05-01,CUST-0388,Starter,6,149.0,0.1,148.17,1778.0,Annual,2026-01-01,Active
2025-06-01,CUST-0388,Starter,6,149.0,0.1,148.53,1782.4,Annual,2026-01-01,Active
2025-07-01,CUST-0388,Starter,6,149.0,0.1,148.9,1786.81,Annual,2026-01-01,Active
2025-08-01,CUST-0388,Starter,6,149.0,0.1,149.27,1791.21,Annual,2026-01-01,Active
2025-09-01,CUST-0388,Starter,6,149.0,0.1,149.63,1795.61,Annual,2026-01-01,Active
2025-10-01,CUST-0388,Starter,6,149.0,0.1,150.0,1800.01,Annual,2026-01-01,Active
2025-11-01,CUST-0388,Starter,6,149.0,0.1,150.37,1804.41,Annual,2026-01-01,Active
2025-12-01,CUST-0388,Starter,6,149.0,0.1,150.73,1808.81,Annual,2026-01-01,Active
2026-01-01,CUST-0388,Starter,6,149.0,0.1,151.1,1813.21,Annual,2027-01-01,Active
2026-02-01,CUST-0388,Starter,7,149.0,0.1,164.48,1973.73,Annual,2027-01-01,Active
2026-03-01,CUST-0388,Starter,6,149.0,0.1,151.83,1822.01,Annual,2027-01-01,Active
2026-04-01,CUST-0388,Starter,6,149.0,0.1,152.2,1826.42,Annual,2027-01-01,Active
2026-05-01,CUST-0388,Starter,6,149.0,0.1,152.57,1830.82,Annual,2027-01-01,Active
2026-06-01,CUST-0388,Starter,7,149.0,0.1,166.07,1992.84,Annual,2027-01-01,Active
2025-01-01,CUST-0389,Starter,5,149.0,0.0,152.35,1828.23,Monthly,2026-04-01,Active
2025-02-01,CUST-0389,Starter,5,149.0,0.0,152.72,1832.7,Monthly,2026-04-01,Active
2025-03-01,CUST-0389,Starter,5,149.0,0.0,153.1,1837.17,Monthly,2026-04-01,Active
2025-04-01,CUST-0389,Starter,5,149.0,0.0,153.47,1841.64,Monthly,2026-04-01,Active
2025-05-01,CUST-0389,Starter,5,149.0,0.0,153.84,1846.11,Monthly,2026-04-01,Active
2025-06-01,CUST-0389,Starter,5,149.0,0.0,154.21,1850.58,Monthly,2026-04-01,Active
2025-07-01,CUST-0389,Starter,5,149.0,0.0,154.59,1855.05,Monthly,2026-04-01,Active
2025-08-01,CUST-0389,Starter,5,149.0,0.0,154.96,1859.52,Monthly,2026-04-01,Active
2025-09-01,CUST-0389,Starter,5,149.0,0.0,155.33,1863.99,Monthly,2026-04-01,Active
2025-10-01,CUST-0389,Starter,5,149.0,0.0,155.7,1868.46,Monthly,2026-04-01,Active
2025-11-01,CUST-0389,Starter,5,149.0,0.0,156.08,1872.93,Monthly,2026-04-01,Active
2025-12-01,CUST-0389,Starter,5,149.0,0.0,156.45,1877.4,Monthly,2026-04-01,Active
2026-01-01,CUST-0389,Starter,5,149.0,0.0,156.82,1881.87,Monthly,2027-04-01,Active
2026-02-01,CUST-0389,Starter,5,149.0,0.0,157.19,1886.34,Monthly,2027-04-01,Active
2026-03-01,CUST-0389,Starter,5,149.0,0.0,157.57,1890.81,Monthly,2027-04-01,Active
2026-04-01,CUST-0389,Starter,5,149.0,0.0,157.94,1895.28,Monthly,2027-04-01,Active
2026-05-01,CUST-0389,Starter,5,149.0,0.0,158.31,1899.75,Monthly,2027-04-01,Active
2026-06-01,CUST-0389,Starter,5,149.0,0.0,158.69,1904.22,Monthly,2027-04-01,Active
2025-01-01,CUST-0390,Enterprise,209,2499.0,0.13,5126.64,61519.74,Annual,2026-12-01,Active
2025-02-01,CUST-0390,Enterprise,226,2499.0,0.13,5600.21,67202.54,Annual,2026-12-01,Active
2025-03-01,CUST-0390,Enterprise,239,2499.0,0.13,5967.38,71608.59,Annual,2026-12-01,Active
2025-04-01,CUST-0390,Enterprise,240,2499.0,0.13,6009.43,72113.15,Annual,2026-12-01,Active
2025-05-01,CUST-0390,Enterprise,220,2499.0,0.13,5478.16,65737.94,Annual,2026-12-01,Active
2025-06-01,CUST-0390,Enterprise,222,2499.0,0.13,5546.44,66557.24,Annual,2026-12-01,Active
2025-07-01,CUST-0390,Enterprise,244,2499.0,0.13,6163.82,73965.86,Annual,2026-12-01,Active
2025-08-01,CUST-0390,Enterprise,235,2499.0,0.13,5931.38,71176.58,Annual,2026-12-01,Active
2025-09-01,CUST-0390,Enterprise,247,2499.0,0.13,6276.84,75322.09,Annual,2026-12-01,Active
2025-10-01,CUST-0390,Enterprise,236,2499.0,0.13,5988.1,71857.21,Annual,2026-12-01,Active
2025-11-01,CUST-0390,Enterprise,238,2499.0,0.13,6058.13,72697.56,Annual,2026-12-01,Active
2025-12-01,CUST-0390,Enterprise,262,2499.0,0.13,6739.57,80874.82,Annual,2026-12-01,Active
2026-01-01,CUST-0390,Enterprise,263,2499.0,0.13,6783.77,81405.27,Annual,2027-12-01,Active
2026-02-01,CUST-0390,Enterprise,279,2499.0,0.13,7246.82,86961.86,Annual,2027-12-01,Active
2026-03-01,CUST-0390,Enterprise,275,2499.0,0.13,7152.4,85828.81,Annual,2027-12-01,Active
2026-04-01,CUST-0390,Enterprise,295,2499.0,0.13,7730.61,92767.33,Annual,2027-12-01,Active
2026-05-01,CUST-0390,Enterprise,289,2499.0,0.13,7580.5,90965.96,Annual,2027-12-01,Active
2026-06-01,CUST-0390,Enterprise,298,2499.0,0.13,7852.33,94227.94,Annual,2027-12-01,Active
2025-10-01,CUST-0391,Starter,9,149.0,0.1,184.5,2214.0,Annual,2026-10-01,Active
2025-11-01,CUST-0391,Starter,10,149.0,0.1,197.59,2371.11,Annual,2026-10-01,Active
2025-12-01,CUST-0391,Starter,10,149.0,0.1,198.09,2377.03,Annual,2026-10-01,Active
2026-01-01,CUST-0391,Starter,10,149.0,0.1,198.58,2382.94,Annual,2027-10-01,Active
2026-02-01,CUST-0391,Starter,10,149.0,0.1,199.07,2388.85,Annual,2027-10-01,Active
2026-03-01,CUST-0391,Starter,9,149.0,0.1,186.81,2241.68,Annual,2027-10-01,Active
2026-04-01,CUST-0391,Starter,10,149.0,0.1,200.06,2400.68,Annual,2027-10-01,Active
2026-05-01,CUST-0391,Starter,10,149.0,0.1,200.55,2406.59,Annual,2027-10-01,Active
2026-06-01,CUST-0391,Starter,10,149.0,0.1,201.04,2412.5,Annual,2027-10-01,Active
2025-01-01,CUST-0392,Professional,32,599.0,0.22,593.21,7118.56,Annual,2026-09-01,Active
2025-02-01,CUST-0392,Professional,31,599.0,0.22,577.31,6927.69,Annual,2026-09-01,Active
2025-03-01,CUST-0392,Professional,33,599.0,0.22,613.57,7362.81,Annual,2026-09-01,Active
2025-04-01,CUST-0392,Professional,31,599.0,0.22,580.16,6961.9,Annual,2026-09-01,Active
2025-05-01,CUST-0392,Professional,33,599.0,0.22,616.59,7399.08,Annual,2026-09-01,Active
2025-06-01,CUST-0392,Professional,34,599.0,0.22,635.65,7627.77,Annual,2026-09-01,Active
2025-07-01,CUST-0392,Professional,34,599.0,0.22,637.2,7646.42,Annual,2026-09-01,Active
2025-08-01,CUST-0392,Professional,34,599.0,0.22,638.76,7665.07,Annual,2026-09-01,Active
2025-09-01,CUST-0392,Enterprise,100,2499.0,0.25,1930.48,23165.73,Annual,2026-09-01,Active
2025-10-01,CUST-0392,Enterprise,100,2499.0,0.25,1935.16,23221.96,Annual,2026-09-01,Active
2025-11-01,CUST-0392,Enterprise,100,2499.0,0.25,1939.85,23278.18,Annual,2026-09-01,Active
2025-12-01,CUST-0392,Enterprise,100,2499.0,0.25,1944.53,23334.41,Annual,2026-09-01,Active
2026-01-01,CUST-0392,Enterprise,100,2499.0,0.25,1949.22,23390.64,Annual,2027-09-01,Active
2026-02-01,CUST-0392,Enterprise,100,2499.0,0.25,1953.91,23446.87,Annual,2027-09-01,Active
2026-03-01,CUST-0392,Enterprise,100,2499.0,0.25,1958.59,23503.1,Annual,2027-09-01,Active
2026-04-01,CUST-0392,Enterprise,100,2499.0,0.25,1963.28,23559.32,Annual,2027-09-01,Active
2026-05-01,CUST-0392,Enterprise,100,2499.0,0.25,1967.96,23615.55,Annual,2027-09-01,Active
2026-06-01,CUST-0392,Enterprise,100,2499.0,0.25,1972.65,23671.78,Annual,2027-09-01,Active
2025-01-01,CUST-0393,Starter,16,149.0,0.1,278.15,3337.85,Annual,2026-05-01,Active
2025-02-01,CUST-0393,Starter,16,149.0,0.1,278.84,3346.03,Annual,2026-05-01,Active
2025-03-01,CUST-0393,Starter,17,149.0,0.1,292.43,3509.19,Annual,2026-05-01,Active
2025-04-01,CUST-0393,Starter,16,149.0,0.1,280.2,3362.39,Annual,2026-05-01,Active
2025-05-01,CUST-0393,Starter,19,149.0,0.1,319.81,3837.78,Annual,2026-05-01,Active
2025-06-01,CUST-0393,Starter,17,149.0,0.1,294.57,3534.87,Annual,2026-05-01,Active
2025-07-01,CUST-0393,Starter,16,149.0,0.1,282.24,3386.93,Annual,2026-05-01,Active
2025-08-01,CUST-0393,Professional,25,599.0,0.1,559.32,6711.8,Annual,2026-05-01,Active
2025-09-01,CUST-0393,Professional,25,599.0,0.1,560.66,6727.97,Annual,2026-05-01,Active
2025-10-01,CUST-0393,Professional,25,599.0,0.1,562.01,6744.14,Annual,2026-05-01,Active
2025-11-01,CUST-0393,Professional,25,599.0,0.1,563.36,6760.31,Annual,2026-05-01,Active
2025-12-01,CUST-0393,Professional,25,599.0,0.1,564.71,6776.49,Annual,2026-05-01,Active
2026-01-01,CUST-0393,Professional,25,599.0,0.1,566.06,6792.66,Annual,2027-05-01,Active
2026-02-01,CUST-0393,Professional,25,599.0,0.1,567.4,6808.83,Annual,2027-05-01,Active
2026-03-01,CUST-0393,Professional,25,599.0,0.1,568.75,6825.01,Annual,2027-05-01,Active
2026-04-01,CUST-0393,Professional,25,599.0,0.1,570.1,6841.18,Annual,2027-05-01,Active
2026-05-01,CUST-0393,Professional,25,599.0,0.1,571.45,6857.35,Annual,2027-05-01,Active
2026-06-01,CUST-0393,Professional,25,599.0,0.1,572.79,6873.53,Annual,2027-05-01,Active
2025-01-01,CUST-0394,Professional,83,599.0,0.22,1480.78,17769.38,Annual,2026-08-01,Active
2025-02-01,CUST-0394,Professional,86,599.0,0.22,1536.69,18440.28,Annual,2026-08-01,Active
2025-03-01,CUST-0394,Professional,93,599.0,0.22,1662.7,19952.36,Annual,2026-08-01,Active
2025-04-01,CUST-0394,Professional,91,599.0,0.22,1631.78,19581.31,Annual,2026-08-01,Active
2025-05-01,CUST-0394,Professional,88,599.0,0.22,1583.14,18997.64,Annual,2026-08-01,Active
2025-06-01,CUST-0394,Professional,89,599.0,0.22,1604.6,19255.16,Annual,2026-08-01,Active
2025-07-01,CUST-0394,Professional,91,599.0,0.22,1643.77,19725.29,Annual,2026-08-01,Active
2025-08-01,CUST-0394,Professional,88,599.0,0.22,1594.75,19136.99,Annual,2026-08-01,Active
2025-09-01,CUST-0394,Professional,92,599.0,0.22,1669.49,20033.89,Annual,2026-08-01,Active
2025-10-01,CUST-0394,Professional,84,599.0,0.22,1531.45,18377.38,Annual,2026-08-01,Active
2025-10-01,CUST-0395,Starter,15,149.0,0.1,260.1,3121.2,Annual,2026-10-01,Active
2025-11-01,CUST-0395,Starter,15,149.0,0.1,260.75,3129.0,Annual,2026-10-01,Active
2025-12-01,CUST-0395,Starter,17,149.0,0.1,286.73,3440.72,Annual,2026-10-01,Active
2026-01-01,CUST-0395,Starter,16,149.0,0.1,274.75,3296.94,Annual,2027-10-01,Active
2026-02-01,CUST-0395,Starter,17,149.0,0.1,288.15,3457.84,Annual,2027-10-01,Active
2026-03-01,CUST-0395,Starter,16,149.0,0.1,276.11,3313.3,Annual,2027-10-01,Active
2026-04-01,CUST-0395,Starter,17,149.0,0.1,289.58,3474.95,Annual,2027-10-01,Active
2026-05-01,CUST-0395,Starter,18,149.0,0.1,303.11,3637.36,Annual,2027-10-01,Active
2026-06-01,CUST-0395,Starter,17,149.0,0.1,291.01,3492.07,Annual,2027-10-01,Active
2025-10-01,CUST-0396,Enterprise,100,2499.0,0.13,2174.13,26089.56,Annual,2026-10-01,Active
2025-11-01,CUST-0396,Enterprise,100,2499.0,0.13,2179.57,26154.78,Annual,2026-10-01,Active
2025-12-01,CUST-0396,Enterprise,100,2499.0,0.13,2185.0,26220.01,Annual,2026-10-01,Active
2026-01-01,CUST-0396,Enterprise,100,2499.0,0.13,2190.44,26285.23,Annual,2027-10-01,Active
2026-02-01,CUST-0396,Enterprise,100,2499.0,0.13,2195.87,26350.46,Annual,2027-10-01,Active
2026-03-01,CUST-0396,Enterprise,100,2499.0,0.13,2201.31,26415.68,Annual,2027-10-01,Active
2026-04-01,CUST-0396,Enterprise,100,2499.0,0.13,2206.74,26480.9,Annual,2027-10-01,Active
2026-05-01,CUST-0396,Enterprise,100,2499.0,0.13,2212.18,26546.13,Annual,2027-10-01,Active
2026-06-01,CUST-0396,Enterprise,100,2499.0,0.13,2217.61,26611.35,Annual,2027-10-01,Active
2025-03-01,CUST-0397,Starter,5,149.0,0.0,149.0,1788.0,Monthly,2026-03-01,Active
2025-04-01,CUST-0397,Starter,5,149.0,0.0,149.37,1792.47,Monthly,2026-03-01,Active
2025-05-01,CUST-0397,Starter,5,149.0,0.0,149.74,1796.94,Monthly,2026-03-01,Active
2025-06-01,CUST-0397,Starter,5,149.0,0.0,150.12,1801.41,Monthly,2026-03-01,Active
2025-07-01,CUST-0397,Starter,5,149.0,0.0,150.49,1805.88,Monthly,2026-03-01,Active
2025-08-01,CUST-0397,Starter,5,149.0,0.0,150.86,1810.35,Monthly,2026-03-01,Active
2025-09-01,CUST-0397,Starter,5,149.0,0.0,151.23,1814.82,Monthly,2026-03-01,Active
2025-10-01,CUST-0397,Professional,25,599.0,0.0,609.48,7313.79,Monthly,2026-03-01,Active
2025-11-01,CUST-0397,Professional,25,599.0,0.0,610.98,7331.76,Monthly,2026-03-01,Active
2025-12-01,CUST-0397,Professional,25,599.0,0.0,612.48,7349.73,Monthly,2026-03-01,Active
2026-01-01,CUST-0397,Professional,25,599.0,0.0,613.97,7367.7,Monthly,2027-03-01,Active
2026-02-01,CUST-0397,Professional,25,599.0,0.0,615.47,7385.67,Monthly,2027-03-01,Active
2026-03-01,CUST-0397,Professional,25,599.0,0.0,616.97,7403.64,Monthly,2027-03-01,Active
2026-04-01,CUST-0397,Professional,25,599.0,0.0,618.47,7421.61,Monthly,2027-03-01,Active
2026-05-01,CUST-0397,Professional,25,599.0,0.0,619.96,7439.58,Monthly,2027-03-01,Active
2026-06-01,CUST-0397,Professional,25,599.0,0.0,621.46,7457.55,Monthly,2027-03-01,Active
2025-11-01,CUST-0398,Enterprise,265,2499.0,0.13,6624.18,79490.16,Annual,2026-11-01,Active
2025-12-01,CUST-0398,Enterprise,244,2499.0,0.13,6072.95,72875.45,Annual,2026-11-01,Active
2026-01-01,CUST-0398,Enterprise,285,2499.0,0.13,7199.4,86392.77,Annual,2027-11-01,Active
2026-02-01,CUST-0398,Enterprise,268,2499.0,0.13,6755.38,81064.54,Annual,2027-11-01,Active
2026-03-01,CUST-0398,Enterprise,300,2499.0,0.13,7643.81,91725.74,Annual,2027-11-01,Active
2026-04-01,CUST-0398,Enterprise,292,2499.0,0.13,7444.27,89331.3,Annual,2027-11-01,Active
2026-05-01,CUST-0398,Enterprise,312,2499.0,0.13,8010.15,96121.76,Annual,2027-11-01,Active
2026-06-01,CUST-0398,Enterprise,304,2499.0,0.13,7810.34,93724.08,Annual,2027-11-01,Active
2025-01-01,CUST-0399,Starter,12,149.0,0.0,250.7,3008.46,Monthly,2026-07-01,Active
2025-02-01,CUST-0399,Starter,13,149.0,0.0,265.57,3186.81,Monthly,2026-07-01,Active
2025-03-01,CUST-0399,Starter,12,149.0,0.0,251.94,3023.28,Monthly,2026-07-01,Active
2025-04-01,CUST-0399,Starter,12,149.0,0.0,252.56,3030.69,Monthly,2026-07-01,Active
2025-05-01,CUST-0399,Starter,13,149.0,0.0,267.52,3210.3,Monthly,2026-07-01,Active
2025-06-01,CUST-0399,Starter,12,149.0,0.0,253.79,3045.51,Monthly,2026-07-01,Active
2025-07-01,CUST-0399,Starter,13,149.0,0.0,268.83,3225.96,Monthly,2026-07-01,Active
2025-08-01,CUST-0399,Starter,12,149.0,0.0,255.03,3060.33,Monthly,2026-07-01,Active
2025-09-01,CUST-0399,Starter,12,149.0,0.0,255.64,3067.74,Monthly,2026-07-01,Active
2025-10-01,CUST-0399,Starter,12,149.0,0.0,256.26,3075.15,Monthly,2026-07-01,Active
2025-11-01,CUST-0399,Starter,13,149.0,0.0,271.44,3257.28,Monthly,2026-07-01,Active
2025-12-01,CUST-0399,Starter,12,149.0,0.0,257.5,3089.97,Monthly,2026-07-01,Active
2026-01-01,CUST-0399,Starter,14,149.0,0.0,287.38,3448.5,Monthly,2027-07-01,Active
2026-02-01,CUST-0399,Starter,12,149.0,0.0,258.73,3104.79,Monthly,2027-07-01,Active
2026-03-01,CUST-0399,Starter,13,149.0,0.0,274.05,3288.6,Monthly,2027-07-01,Active
2026-04-01,CUST-0399,Starter,14,149.0,0.0,289.44,3473.25,Monthly,2027-07-01,Active
2026-05-01,CUST-0399,Starter,14,149.0,0.0,290.12,3481.5,Monthly,2027-07-01,Active
2026-06-01,CUST-0399,Starter,14,149.0,0.0,290.81,3489.75,Monthly,2027-07-01,Active
2025-01-01,CUST-0400,Starter,9,149.0,0.1,184.5,2214.0,Annual,2026-01-01,Active
2025-02-01,CUST-0400,Starter,10,149.0,0.1,197.59,2371.11,Annual,2026-01-01,Active
2025-03-01,CUST-0400,Starter,10,149.0,0.1,198.09,2377.03,Annual,2026-01-01,Active
2025-04-01,CUST-0400,Starter,10,149.0,0.1,198.58,2382.94,Annual,2026-01-01,Active
2025-05-01,CUST-0400,Starter,10,149.0,0.1,199.07,2388.85,Annual,2026-01-01,Active
2025-06-01,CUST-0400,Starter,10,149.0,0.1,199.56,2394.76,Annual,2026-01-01,Active
2025-07-01,CUST-0400,Starter,10,149.0,0.1,200.06,2400.68,Annual,2026-01-01,Active
2025-08-01,CUST-0400,Starter,10,149.0,0.1,200.55,2406.59,Annual,2026-01-01,Active
2025-09-01,CUST-0400,Starter,10,149.0,0.1,201.04,2412.5,Annual,2026-01-01,Active
2025-10-01,CUST-0400,Starter,10,149.0,0.1,201.53,2418.42,Annual,2026-01-01,Active
2025-11-01,CUST-0400,Starter,10,149.0,0.1,202.03,2424.33,Annual,2026-01-01,Active
2025-12-01,CUST-0400,Starter,11,149.0,0.1,215.47,2585.6,Annual,2026-01-01,Active
2026-01-01,CUST-0400,Starter,11,149.0,0.1,215.99,2591.89,Annual,2027-01-01,Active
2026-02-01,CUST-0400,Starter,10,149.0,0.1,203.51,2442.07,Annual,2027-01-01,Active
2026-03-01,CUST-0400,Starter,11,149.0,0.1,217.04,2604.47,Annual,2027-01-01,Active
2026-04-01,CUST-0400,Starter,10,149.0,0.1,204.49,2453.89,Annual,2027-01-01,Active
2026-05-01,CUST-0400,Starter,11,149.0,0.1,218.09,2617.06,Annual,2027-01-01,Active
2026-06-01,CUST-0400,Starter,10,149.0,0.1,205.48,2465.72,Annual,2027-01-01,Active
2025-08-01,CUST-0401,Starter,14,149.0,0.1,247.5,2970.0,Annual,2026-08-01,Active
2025-09-01,CUST-0401,Starter,15,149.0,0.1,260.75,3129.0,Annual,2026-08-01,Active
2025-10-01,CUST-0401,Starter,13,149.0,0.1,236.07,2832.89,Annual,2026-08-01,Active
2025-11-01,CUST-0401,Starter,15,149.0,0.1,262.05,3144.61,Annual,2026-08-01,Active
2025-12-01,CUST-0401,Starter,15,149.0,0.1,262.7,3152.41,Annual,2026-08-01,Active
2026-01-01,CUST-0401,Starter,15,149.0,0.1,263.35,3160.22,Annual,2027-08-01,Active
2026-02-01,CUST-0401,Starter,15,149.0,0.1,264.0,3168.02,Annual,2027-08-01,Active
2026-03-01,CUST-0401,Starter,17,149.0,0.1,290.29,3483.51,Annual,2027-08-01,Active
2026-04-01,CUST-0401,Starter,16,149.0,0.1,278.15,3337.85,Annual,2027-08-01,Active
2026-05-01,CUST-0401,Starter,16,149.0,0.1,278.84,3346.03,Annual,2027-08-01,Active
2026-06-01,CUST-0401,Starter,16,149.0,0.1,279.52,3354.21,Annual,2027-08-01,Active
2025-12-01,CUST-0402,Starter,10,149.0,0.1,197.1,2365.2,Annual,2026-12-01,Active
2026-01-01,CUST-0402,Starter,10,149.0,0.1,197.59,2371.11,Annual,2027-12-01,Active
2026-02-01,CUST-0402,Starter,10,149.0,0.1,198.09,2377.03,Annual,2027-12-01,Active
2026-03-01,CUST-0402,Starter,11,149.0,0.1,211.27,2535.27,Annual,2027-12-01,Active
2026-04-01,CUST-0402,Starter,11,149.0,0.1,211.8,2541.56,Annual,2027-12-01,Active
2026-05-01,CUST-0402,Starter,11,149.0,0.1,212.32,2547.86,Annual,2027-12-01,Active
2026-06-01,CUST-0402,Starter,11,149.0,0.1,212.85,2554.15,Annual,2027-12-01,Active
2025-01-01,CUST-0403,Starter,10,149.0,0.1,202.03,2424.33,Annual,2026-03-01,Active
2025-02-01,CUST-0403,Starter,12,149.0,0.1,228.41,2740.96,Annual,2026-03-01,Active
2025-03-01,CUST-0403,Starter,11,149.0,0.1,215.99,2591.89,Annual,2026-03-01,Active
2025-04-01,CUST-0403,Starter,11,149.0,0.1,216.52,2598.18,Annual,2026-03-01,Active
2025-05-01,CUST-0403,Starter,12,149.0,0.1,230.08,2760.97,Annual,2026-03-01,Active
2025-06-01,CUST-0403,Starter,11,149.0,0.1,217.56,2610.77,Annual,2026-03-01,Active
2025-07-01,CUST-0403,Starter,12,149.0,0.1,231.19,2774.3,Annual,2026-03-01,Active
2025-08-01,CUST-0403,Starter,11,149.0,0.1,218.61,2623.35,Annual,2026-03-01,Active
2025-09-01,CUST-0403,Starter,12,149.0,0.1,232.3,2787.64,Annual,2026-03-01,Active
2025-10-01,CUST-0403,Starter,12,149.0,0.1,232.86,2794.31,Annual,2026-03-01,Active
2025-11-01,CUST-0403,Starter,12,149.0,0.1,233.42,2800.98,Annual,2026-03-01,Active
2025-12-01,CUST-0403,Starter,13,149.0,0.1,247.23,2966.79,Annual,2026-03-01,Active
2026-01-01,CUST-0403,Starter,12,149.0,0.1,234.53,2814.32,Annual,2027-03-01,Active
2026-02-01,CUST-0403,Starter,13,149.0,0.1,248.41,2980.88,Annual,2027-03-01,Active
2026-03-01,CUST-0403,Starter,13,149.0,0.1,248.99,2987.93,Annual,2027-03-01,Active
2026-04-01,CUST-0403,Starter,12,149.0,0.1,236.19,2834.33,Annual,2027-03-01,Active
2026-05-01,CUST-0403,Starter,12,149.0,0.1,236.75,2840.99,Annual,2027-03-01,Active
2026-06-01,CUST-0403,Starter,12,149.0,0.1,237.31,2847.66,Annual,2027-03-01,Active
2025-03-01,CUST-0404,Starter,12,149.0,0.1,222.3,2667.6,Annual,2026-03-01,Active
2025-04-01,CUST-0404,Starter,12,149.0,0.1,222.86,2674.27,Annual,2026-03-01,Active
2025-05-01,CUST-0404,Starter,13,149.0,0.1,236.07,2832.89,Annual,2026-03-01,Active
2025-06-01,CUST-0404,Starter,12,149.0,0.1,223.97,2687.61,Annual,2026-03-01,Active
2025-07-01,CUST-0404,Starter,12,149.0,0.1,224.52,2694.28,Annual,2026-03-01,Active
2025-08-01,CUST-0404,Starter,12,149.0,0.1,225.08,2700.95,Annual,2026-03-01,Active
2025-09-01,CUST-0404,Starter,12,149.0,0.1,225.63,2707.61,Annual,2026-03-01,Active
2025-10-01,CUST-0404,Starter,12,149.0,0.1,226.19,2714.28,Annual,2026-03-01,Active
2025-11-01,CUST-0404,Starter,12,149.0,0.1,226.75,2720.95,Annual,2026-03-01,Active
2025-12-01,CUST-0404,Starter,13,149.0,0.1,240.19,2882.22,Annual,2026-03-01,Active
2026-01-01,CUST-0404,Starter,13,149.0,0.1,240.77,2889.27,Annual,2027-03-01,Active
2026-02-01,CUST-0404,Starter,13,149.0,0.1,241.36,2896.32,Annual,2027-03-01,Active
2026-03-01,CUST-0404,Starter,13,149.0,0.1,241.95,2903.36,Annual,2027-03-01,Active
2026-04-01,CUST-0404,Starter,12,149.0,0.1,229.52,2754.3,Annual,2027-03-01,Active
2026-05-01,CUST-0404,Starter,13,149.0,0.1,243.12,2917.46,Annual,2027-03-01,Active
2026-06-01,CUST-0404,Starter,13,149.0,0.1,243.71,2924.51,Annual,2027-03-01,Active
2025-01-01,CUST-0405,Professional,25,599.0,0.1,545.84,6550.07,Annual,2026-08-01,Active
2025-02-01,CUST-0405,Professional,25,599.0,0.1,547.19,6566.24,Annual,2026-08-01,Active
2025-03-01,CUST-0405,Professional,25,599.0,0.1,548.53,6582.41,Annual,2026-08-01,Active
2025-04-01,CUST-0405,Professional,25,599.0,0.1,549.88,6598.58,Annual,2026-08-01,Active
2025-05-01,CUST-0405,Professional,25,599.0,0.1,551.23,6614.76,Annual,2026-08-01,Active
2025-06-01,CUST-0405,Professional,25,599.0,0.1,552.58,6630.93,Annual,2026-08-01,Active
2025-07-01,CUST-0405,Professional,25,599.0,0.1,553.93,6647.1,Annual,2026-08-01,Active
2025-08-01,CUST-0405,Professional,25,599.0,0.1,555.27,6663.28,Annual,2026-08-01,Active
2025-09-01,CUST-0405,Professional,25,599.0,0.1,556.62,6679.45,Annual,2026-08-01,Active
2025-10-01,CUST-0405,Professional,25,599.0,0.1,557.97,6695.62,Annual,2026-08-01,Active
2025-11-01,CUST-0405,Professional,25,599.0,0.1,559.32,6711.8,Annual,2026-08-01,Active
2025-12-01,CUST-0405,Professional,25,599.0,0.1,560.66,6727.97,Annual,2026-08-01,Active
2026-01-01,CUST-0405,Professional,25,599.0,0.1,562.01,6744.14,Annual,2027-08-01,Active
2026-02-01,CUST-0405,Professional,25,599.0,0.1,563.36,6760.31,Annual,2027-08-01,Active
2026-03-01,CUST-0405,Professional,25,599.0,0.1,564.71,6776.49,Annual,2027-08-01,Active
2026-04-01,CUST-0405,Professional,25,599.0,0.1,566.06,6792.66,Annual,2027-08-01,Active
2026-05-01,CUST-0405,Professional,25,599.0,0.1,567.4,6808.83,Annual,2027-08-01,Active
2026-06-01,CUST-0405,Professional,25,599.0,0.1,568.75,6825.01,Annual,2027-08-01,Active
2025-01-01,CUST-0406,Starter,10,149.0,0.1,200.55,2406.59,Annual,2026-06-01,Active
2025-02-01,CUST-0406,Starter,10,149.0,0.1,201.04,2412.5,Annual,2026-06-01,Active
2025-03-01,CUST-0406,Starter,11,149.0,0.1,214.42,2573.02,Annual,2026-06-01,Active
2025-04-01,CUST-0406,Starter,10,149.0,0.1,202.03,2424.33,Annual,2026-06-01,Active
2025-05-01,CUST-0406,Starter,10,149.0,0.1,202.52,2430.24,Annual,2026-06-01,Active
2025-06-01,CUST-0406,Starter,12,149.0,0.1,228.97,2747.63,Annual,2026-06-01,Active
2025-07-01,CUST-0406,Starter,11,149.0,0.1,216.52,2598.18,Annual,2026-06-01,Active
2025-08-01,CUST-0406,Starter,10,149.0,0.1,204.0,2447.98,Annual,2026-06-01,Active
2025-09-01,CUST-0406,Starter,10,149.0,0.1,204.49,2453.89,Annual,2026-06-01,Active
2025-10-01,CUST-0406,Starter,10,149.0,0.1,204.98,2459.81,Annual,2026-06-01,Active
2025-11-01,CUST-0406,Starter,10,149.0,0.1,205.48,2465.72,Annual,2026-06-01,Active
2025-12-01,CUST-0406,Starter,11,149.0,0.1,219.14,2629.64,Annual,2026-06-01,Active
2026-01-01,CUST-0406,Starter,10,149.0,0.1,206.46,2477.55,Annual,2027-06-01,Active
2026-02-01,CUST-0406,Starter,12,149.0,0.1,233.42,2800.98,Annual,2027-06-01,Active
2026-03-01,CUST-0406,Starter,11,149.0,0.1,220.71,2648.51,Annual,2027-06-01,Active
2026-04-01,CUST-0406,Starter,11,149.0,0.1,221.23,2654.8,Annual,2027-06-01,Active
2026-05-01,CUST-0406,Starter,12,149.0,0.1,235.08,2820.99,Annual,2027-06-01,Active
2026-06-01,CUST-0406,Starter,12,149.0,0.1,235.64,2827.66,Annual,2027-06-01,Active
2025-01-01,CUST-0407,Starter,16,149.0,0.1,276.79,3321.49,Annual,2026-07-01,Active
2025-02-01,CUST-0407,Starter,16,149.0,0.1,277.47,3329.67,Annual,2026-07-01,Active
2025-03-01,CUST-0407,Starter,16,149.0,0.1,278.15,3337.85,Annual,2026-07-01,Active
2025-04-01,CUST-0407,Starter,16,149.0,0.1,278.84,3346.03,Annual,2026-07-01,Active
2025-05-01,CUST-0407,Starter,18,149.0,0.1,305.35,3664.17,Annual,2026-07-01,Active
2025-06-01,CUST-0407,Starter,15,149.0,0.1,267.25,3207.03,Annual,2026-07-01,Active
2025-07-01,CUST-0407,Starter,16,149.0,0.1,280.88,3370.57,Annual,2026-07-01,Active
2025-08-01,CUST-0407,Starter,16,149.0,0.1,281.56,3378.75,Annual,2026-07-01,Active
2025-09-01,CUST-0407,Starter,18,149.0,0.1,308.33,3699.92,Annual,2026-07-01,Active
2025-10-01,CUST-0407,Starter,16,149.0,0.1,282.93,3395.12,Annual,2026-07-01,Active
2025-11-01,CUST-0407,Starter,17,149.0,0.1,296.71,3560.54,Annual,2026-07-01,Active
2025-12-01,CUST-0407,Starter,17,149.0,0.1,297.43,3569.1,Annual,2026-07-01,Active
2026-01-01,CUST-0407,Starter,19,149.0,0.1,324.47,3893.67,Annual,2027-07-01,Active
2026-02-01,CUST-0407,Starter,17,149.0,0.1,298.85,3586.22,Annual,2027-07-01,Active
2026-03-01,CUST-0407,Starter,18,149.0,0.1,312.8,3753.54,Annual,2027-07-01,Active
2026-04-01,CUST-0407,Starter,18,149.0,0.1,313.54,3762.48,Annual,2027-07-01,Active
2026-05-01,CUST-0407,Starter,18,149.0,0.1,314.28,3771.41,Annual,2027-07-01,Active
2026-06-01,CUST-0407,Starter,19,149.0,0.1,328.35,3940.25,Annual,2027-07-01,Active
2025-01-01,CUST-0408,Starter,11,149.0,0.1,211.8,2541.56,Annual,2026-09-01,Active
2025-02-01,CUST-0408,Starter,12,149.0,0.1,225.08,2700.95,Annual,2026-09-01,Active
2025-03-01,CUST-0408,Starter,13,149.0,0.1,238.42,2861.08,Annual,2026-09-01,Active
2025-04-01,CUST-0408,Starter,13,149.0,0.1,239.01,2868.13,Annual,2026-09-01,Active
2025-05-01,CUST-0408,Starter,12,149.0,0.1,226.75,2720.95,Annual,2026-09-01,Active
2025-06-01,CUST-0408,Starter,12,149.0,0.1,227.3,2727.62,Annual,2026-09-01,Active
2025-07-01,CUST-0408,Starter,11,149.0,0.1,214.94,2579.31,Annual,2026-09-01,Active
2025-08-01,CUST-0408,Starter,12,149.0,0.1,228.41,2740.96,Annual,2026-09-01,Active
2025-09-01,CUST-0408,Professional,25,599.0,0.1,555.27,6663.28,Annual,2026-09-01,Active
2025-10-01,CUST-0408,Professional,25,599.0,0.1,556.62,6679.45,Annual,2026-09-01,Active
2025-11-01,CUST-0408,Professional,25,599.0,0.1,557.97,6695.62,Annual,2026-09-01,Active
2025-12-01,CUST-0408,Professional,25,599.0,0.1,559.32,6711.8,Annual,2026-09-01,Active
2026-01-01,CUST-0408,Professional,25,599.0,0.1,560.66,6727.97,Annual,2027-09-01,Active
2026-02-01,CUST-0408,Professional,25,599.0,0.1,562.01,6744.14,Annual,2027-09-01,Active
2026-03-01,CUST-0408,Professional,25,599.0,0.1,563.36,6760.31,Annual,2027-09-01,Active
2026-04-01,CUST-0408,Professional,25,599.0,0.1,564.71,6776.49,Annual,2027-09-01,Active
2026-05-01,CUST-0408,Professional,25,599.0,0.1,566.06,6792.66,Annual,2027-09-01,Active
2026-06-01,CUST-0408,Professional,25,599.0,0.1,567.4,6808.83,Annual,2027-09-01,Active
2025-12-01,CUST-0409,Starter,14,149.0,0.1,247.5,2970.0,Annual,2026-12-01,Active
2026-01-01,CUST-0409,Starter,13,149.0,0.1,235.49,2825.85,Annual,2027-12-01,Active
2026-02-01,CUST-0409,Starter,14,149.0,0.1,248.74,2984.85,Annual,2027-12-01,Active
2026-03-01,CUST-0409,Starter,14,149.0,0.1,249.36,2992.28,Annual,2027-12-01,Active
2026-04-01,CUST-0409,Starter,13,149.0,0.1,237.25,2846.99,Annual,2027-12-01,Active
2026-05-01,CUST-0409,Starter,14,149.0,0.1,250.59,3007.12,Annual,2027-12-01,Active
2026-06-01,CUST-0409,Starter,14,149.0,0.1,251.21,3014.55,Annual,2027-12-01,Active
2025-12-01,CUST-0410,Professional,25,599.0,0.1,539.1,6469.2,Annual,2026-12-01,Active
2026-01-01,CUST-0410,Professional,25,599.0,0.1,540.45,6485.37,Annual,2027-12-01,Active
2026-02-01,CUST-0410,Professional,25,599.0,0.1,541.8,6501.55,Annual,2027-12-01,Active
2026-03-01,CUST-0410,Professional,25,599.0,0.1,543.14,6517.72,Annual,2027-12-01,Active
2026-04-01,CUST-0410,Professional,25,599.0,0.1,544.49,6533.89,Annual,2027-12-01,Active
2026-05-01,CUST-0410,Professional,25,599.0,0.1,545.84,6550.07,Annual,2027-12-01,Active
2026-06-01,CUST-0410,Professional,25,599.0,0.1,547.19,6566.24,Annual,2027-12-01,Active
2025-04-01,CUST-0411,Professional,80,599.0,0.1,1628.1,19537.2,Annual,2026-04-01,Active
2025-05-01,CUST-0411,Professional,70,599.0,0.1,1433.68,17204.1,Annual,2026-04-01,Active
2025-06-01,CUST-0411,Professional,83,599.0,0.1,1695.94,20351.25,Annual,2026-04-01,Active
2025-07-01,CUST-0411,Professional,78,599.0,0.1,1600.41,19204.97,Annual,2026-04-01,Active
2025-08-01,CUST-0411,Professional,79,599.0,0.1,1624.38,19492.6,Annual,2026-04-01,Active
2025-09-01,CUST-0411,Professional,82,599.0,0.1,1688.55,20262.56,Annual,2026-04-01,Active
2025-10-01,CUST-0411,Professional,77,599.0,0.1,1592.23,19106.77,Annual,2026-04-01,Active
2025-11-01,CUST-0411,Professional,86,599.0,0.1,1777.47,21329.65,Annual,2026-04-01,Active
2025-12-01,CUST-0411,Enterprise,100,2499.0,0.13,2217.61,26611.35,Annual,2026-04-01,Active
2026-01-01,CUST-0411,Enterprise,100,2499.0,0.13,2223.05,26676.58,Annual,2027-04-01,Active
2026-02-01,CUST-0411,Enterprise,100,2499.0,0.13,2228.48,26741.8,Annual,2027-04-01,Active
2026-03-01,CUST-0411,Enterprise,100,2499.0,0.13,2233.92,26807.02,Annual,2027-04-01,Active
2026-04-01,CUST-0411,Enterprise,100,2499.0,0.13,2239.35,26872.25,Annual,2027-04-01,Active
2026-05-01,CUST-0411,Enterprise,100,2499.0,0.13,2244.79,26937.47,Annual,2027-04-01,Active
2026-06-01,CUST-0411,Enterprise,100,2499.0,0.13,2250.22,27002.69,Annual,2027-04-01,Active
2025-01-01,CUST-0412,Professional,264,599.0,0.1,5324.01,63888.16,Annual,2026-09-01,Active
2025-02-01,CUST-0412,Professional,265,599.0,0.1,5357.24,64286.87,Annual,2026-09-01,Active
2025-03-01,CUST-0412,Professional,274,599.0,0.1,5551.34,66616.07,Annual,2026-09-01,Active
2025-04-01,CUST-0412,Professional,287,599.0,0.1,5826.92,69923.01,Annual,2026-09-01,Active
2025-05-01,CUST-0412,Professional,300,599.0,0.1,6103.78,73245.38,Annual,2026-09-01,Active
2025-06-01,CUST-0412,Professional,287,599.0,0.1,5855.55,70266.61,Annual,2026-09-01,Active
2025-07-01,CUST-0412,Professional,301,599.0,0.1,6154.0,73847.97,Annual,2026-09-01,Active
2025-08-01,CUST-0412,Professional,295,599.0,0.1,6046.94,72563.28,Annual,2026-09-01,Active
2025-09-01,CUST-0412,Professional,315,599.0,0.1,6469.53,77634.4,Annual,2026-09-01,Active
2025-10-01,CUST-0412,Professional,289,599.0,0.1,5953.7,71444.46,Annual,2026-09-01,Active
2025-11-01,CUST-0412,Professional,310,599.0,0.1,6398.47,76781.68,Annual,2026-09-01,Active
2025-12-01,CUST-0412,Professional,327,599.0,0.1,6763.15,81157.82,Annual,2026-09-01,Active
2026-01-01,CUST-0412,Professional,327,599.0,0.1,6779.45,81353.38,Annual,2027-09-01,Active
2026-02-01,CUST-0412,Professional,321,599.0,0.1,6671.9,80062.75,Annual,2027-09-01,Active
2026-03-01,CUST-0412,Professional,355,599.0,0.1,7391.39,88696.67,Annual,2027-09-01,Active
2026-04-01,CUST-0412,Professional,362,599.0,0.1,7554.26,90651.07,Annual,2027-09-01,Active
2026-05-01,CUST-0412,Professional,365,599.0,0.1,7634.66,91615.86,Annual,2027-09-01,Active
2026-06-01,CUST-0412,Professional,366,599.0,0.1,7673.67,92084.07,Annual,2027-09-01,Active
2025-03-01,CUST-0413,Starter,17,149.0,0.0,317.0,3804.0,Monthly,2026-03-01,Active
2025-04-01,CUST-0413,Starter,17,149.0,0.0,317.79,3813.51,Monthly,2026-03-01,Active
2025-05-01,CUST-0413,Starter,18,149.0,0.0,332.65,3991.86,Monthly,2026-03-01,Active
2025-06-01,CUST-0413,Starter,16,149.0,0.0,305.27,3663.27,Monthly,2026-03-01,Active
2025-07-01,CUST-0413,Starter,15,149.0,0.0,291.89,3502.68,Monthly,2026-03-01,Active
2025-08-01,CUST-0413,Starter,17,149.0,0.0,320.96,3851.55,Monthly,2026-03-01,Active
2025-09-01,CUST-0413,Starter,16,149.0,0.0,307.54,3690.54,Monthly,2026-03-01,Active
2025-10-01,CUST-0413,Starter,16,149.0,0.0,308.3,3699.63,Monthly,2026-03-01,Active
2025-11-01,CUST-0413,Starter,17,149.0,0.0,323.34,3880.08,Monthly,2026-03-01,Active
2025-12-01,CUST-0413,Starter,17,149.0,0.0,324.13,3889.59,Monthly,2026-03-01,Active
2026-01-01,CUST-0413,Starter,19,149.0,0.0,353.62,4243.5,Monthly,2027-03-01,Active
2026-02-01,CUST-0413,Starter,18,149.0,0.0,340.1,4081.23,Monthly,2027-03-01,Active
2026-03-01,CUST-0413,Starter,19,149.0,0.0,355.35,4264.2,Monthly,2027-03-01,Active
2026-04-01,CUST-0413,Starter,18,149.0,0.0,341.76,4101.09,Monthly,2027-03-01,Active
2026-05-01,CUST-0413,Starter,18,149.0,0.0,342.58,4111.02,Monthly,2027-03-01,Active
2026-06-01,CUST-0413,Starter,19,149.0,0.0,357.94,4295.25,Monthly,2027-03-01,Active
2025-11-01,CUST-0414,Starter,53,149.0,0.1,738.9,8866.8,Annual,2026-11-01,Active
2025-12-01,CUST-0414,Starter,55,149.0,0.1,766.01,9192.12,Annual,2026-11-01,Active
2026-01-01,CUST-0414,Starter,57,149.0,0.1,793.25,9518.96,Annual,2027-11-01,Active
2026-02-01,CUST-0414,Starter,58,149.0,0.1,807.91,9694.97,Annual,2027-11-01,Active
2026-03-01,CUST-0414,Starter,63,149.0,0.1,873.55,10482.59,Annual,2027-11-01,Active
2026-04-01,CUST-0414,Starter,64,149.0,0.1,888.47,10661.62,Annual,2027-11-01,Active
2026-05-01,CUST-0414,Starter,67,149.0,0.1,929.03,11148.35,Annual,2027-11-01,Active
2025-01-01,CUST-0415,Enterprise,261,2499.0,0.13,6679.21,80150.49,Annual,2026-03-01,Active
2025-02-01,CUST-0415,Enterprise,280,2499.0,0.13,7222.02,86664.24,Annual,2026-03-01,Active
2025-03-01,CUST-0415,Enterprise,279,2499.0,0.13,7211.81,86541.75,Annual,2026-03-01,Active
2025-04-01,CUST-0415,Enterprise,297,2499.0,0.13,7730.55,92766.66,Annual,2026-03-01,Active
2025-05-01,CUST-0415,Enterprise,305,2499.0,0.13,7972.58,95671.01,Annual,2026-03-01,Active
2025-06-01,CUST-0415,Enterprise,296,2499.0,0.13,7740.01,92880.11,Annual,2026-03-01,Active
2025-07-01,CUST-0415,Enterprise,289,2499.0,0.13,7562.32,90747.82,Annual,2026-03-01,Active
2025-08-01,CUST-0415,Enterprise,284,2499.0,0.13,7439.92,89278.99,Annual,2026-03-01,Active
2025-09-01,CUST-0415,Enterprise,295,2499.0,0.13,7767.78,93213.33,Annual,2026-03-01,Active
2025-10-01,CUST-0415,Enterprise,291,2499.0,0.13,7673.36,92080.28,Annual,2026-03-01,Active
2025-11-01,CUST-0415,Enterprise,316,2499.0,0.13,8399.63,100795.59,Annual,2026-03-01,Active
2025-12-01,CUST-0415,Enterprise,318,2499.0,0.13,8476.4,101716.84,Annual,2026-03-01,Active
2026-01-01,CUST-0415,Enterprise,329,2499.0,0.13,8809.52,105714.29,Annual,2027-03-01,Active
2026-02-01,CUST-0415,Enterprise,332,2499.0,0.13,8915.96,106991.55,Annual,2027-03-01,Active
2026-03-01,CUST-0415,Enterprise,354,2499.0,0.13,9565.98,114791.77,Annual,2027-03-01,Active
2026-04-01,CUST-0415,Enterprise,339,2499.0,0.13,9158.71,109904.49,Annual,2027-03-01,Active
2026-05-01,CUST-0415,Enterprise,381,2499.0,0.13,10386.63,124639.51,Annual,2027-03-01,Active
2026-06-01,CUST-0415,Enterprise,357,2499.0,0.13,9720.04,116640.43,Annual,2027-03-01,Active
2025-01-01,CUST-0416,Starter,15,149.0,0.0,291.17,3494.01,Monthly,2026-10-01,Active
2025-02-01,CUST-0416,Starter,16,149.0,0.0,306.03,3672.36,Monthly,2026-10-01,Active
2025-03-01,CUST-0416,Starter,16,149.0,0.0,306.79,3681.45,Monthly,2026-10-01,Active
2025-04-01,CUST-0416,Starter,16,149.0,0.0,307.54,3690.54,Monthly,2026-10-01,Active
2025-05-01,CUST-0416,Starter,16,149.0,0.0,308.3,3699.63,Monthly,2026-10-01,Active
2025-06-01,CUST-0416,Starter,16,149.0,0.0,309.06,3708.72,Monthly,2026-10-01,Active
2025-07-01,CUST-0416,Starter,15,149.0,0.0,295.5,3546.03,Monthly,2026-10-01,Active
2025-08-01,CUST-0416,Starter,15,149.0,0.0,296.22,3554.7,Monthly,2026-10-01,Active
2025-09-01,CUST-0416,Starter,15,149.0,0.0,296.95,3563.37,Monthly,2026-10-01,Active
2025-10-01,CUST-0416,Starter,15,149.0,0.0,297.67,3572.04,Monthly,2026-10-01,Active
2025-11-01,CUST-0416,Starter,15,149.0,0.0,298.39,3580.71,Monthly,2026-10-01,Active
2025-12-01,CUST-0416,Starter,15,149.0,0.0,299.11,3589.38,Monthly,2026-10-01,Active
2026-01-01,CUST-0416,Starter,17,149.0,0.0,328.89,3946.65,Monthly,2027-10-01,Active
2026-02-01,CUST-0416,Starter,18,149.0,0.0,344.24,4130.88,Monthly,2027-10-01,Active
2026-03-01,CUST-0416,Starter,16,149.0,0.0,315.88,3790.53,Monthly,2027-10-01,Active
2026-04-01,CUST-0416,Starter,16,149.0,0.0,316.63,3799.62,Monthly,2027-10-01,Active
2026-05-01,CUST-0416,Starter,17,149.0,0.0,332.06,3984.69,Monthly,2027-10-01,Active
2026-06-01,CUST-0416,Starter,17,149.0,0.0,332.85,3994.2,Monthly,2027-10-01,Active
2025-01-01,CUST-0417,Professional,73,599.0,0.0,1667.41,20008.95,Monthly,2026-10-01,Active
2025-02-01,CUST-0417,Professional,80,599.0,0.0,1827.09,21925.08,Monthly,2026-10-01,Active
2025-03-01,CUST-0417,Professional,77,599.0,0.0,1764.79,21177.45,Monthly,2026-10-01,Active
2025-04-01,CUST-0417,Professional,86,599.0,0.0,1970.11,23641.38,Monthly,2026-10-01,Active
2025-01-01,CUST-0418,Professional,41,599.0,0.12,855.71,10268.52,Monthly,2026-04-01,Active
2025-02-01,CUST-0418,Professional,43,599.0,0.12,897.49,10769.88,Monthly,2026-04-01,Active
2025-03-01,CUST-0418,Professional,45,599.0,0.12,939.46,11273.57,Monthly,2026-04-01,Active
2025-04-01,CUST-0418,Professional,44,599.0,0.12,921.81,11061.71,Monthly,2026-04-01,Active
2025-05-01,CUST-0418,Professional,47,599.0,0.12,984.01,11808.17,Monthly,2026-04-01,Active
2025-06-01,CUST-0418,Professional,49,599.0,0.12,1026.47,12317.66,Monthly,2026-04-01,Active
2025-07-01,CUST-0418,Professional,49,599.0,0.12,1028.95,12347.41,Monthly,2026-04-01,Active
2025-08-01,CUST-0418,Professional,45,599.0,0.12,950.89,11410.71,Monthly,2026-04-01,Active
2025-09-01,CUST-0418,Professional,45,599.0,0.12,953.18,11438.14,Monthly,2026-04-01,Active
2025-10-01,CUST-0418,Professional,45,599.0,0.12,955.46,11465.57,Monthly,2026-04-01,Active
2025-11-01,CUST-0418,Professional,48,599.0,0.12,1018.59,12223.07,Monthly,2026-04-01,Active
2025-12-01,CUST-0418,Professional,51,599.0,0.12,1082.0,12984.05,Monthly,2026-04-01,Active
2026-01-01,CUST-0418,Professional,52,599.0,0.12,1104.96,13259.48,Monthly,2027-04-01,Active
2026-02-01,CUST-0418,Professional,49,599.0,0.12,1046.31,12555.68,Monthly,2027-04-01,Active
2026-03-01,CUST-0418,Professional,52,599.0,0.12,1110.21,13322.47,Monthly,2027-04-01,Active
2025-01-01,CUST-0419,Professional,25,599.0,0.0,606.49,7277.85,Monthly,2026-08-01,Active
2025-02-01,CUST-0419,Professional,25,599.0,0.0,607.98,7295.82,Monthly,2026-08-01,Active
2025-03-01,CUST-0419,Professional,25,599.0,0.0,609.48,7313.79,Monthly,2026-08-01,Active
2025-04-01,CUST-0419,Professional,25,599.0,0.0,610.98,7331.76,Monthly,2026-08-01,Active
2025-05-01,CUST-0419,Professional,25,599.0,0.0,612.48,7349.73,Monthly,2026-08-01,Active
2025-06-01,CUST-0419,Professional,25,599.0,0.0,613.97,7367.7,Monthly,2026-08-01,Active
2025-07-01,CUST-0419,Professional,25,599.0,0.0,615.47,7385.67,Monthly,2026-08-01,Active
2025-08-01,CUST-0419,Professional,25,599.0,0.0,616.97,7403.64,Monthly,2026-08-01,Active
2025-09-01,CUST-0419,Professional,25,599.0,0.0,618.47,7421.61,Monthly,2026-08-01,Active
2025-10-01,CUST-0419,Professional,25,599.0,0.0,619.96,7439.58,Monthly,2026-08-01,Active
2025-11-01,CUST-0419,Professional,25,599.0,0.0,621.46,7457.55,Monthly,2026-08-01,Active
2025-12-01,CUST-0419,Professional,25,599.0,0.0,622.96,7475.52,Monthly,2026-08-01,Active
2026-01-01,CUST-0419,Professional,25,599.0,0.0,624.46,7493.49,Monthly,2027-08-01,Active
2026-02-01,CUST-0419,Professional,25,599.0,0.0,625.95,7511.46,Monthly,2027-08-01,Active
2026-03-01,CUST-0419,Professional,25,599.0,0.0,627.45,7529.43,Monthly,2027-08-01,Active
2026-04-01,CUST-0419,Professional,25,599.0,0.0,628.95,7547.4,Monthly,2027-08-01,Active
2026-05-01,CUST-0419,Professional,25,599.0,0.0,630.45,7565.37,Monthly,2027-08-01,Active
2026-06-01,CUST-0419,Professional,25,599.0,0.0,631.94,7583.34,Monthly,2027-08-01,Active
2025-11-01,CUST-0420,Starter,10,149.0,0.1,197.1,2365.2,Annual,2026-11-01,Active
2025-12-01,CUST-0420,Starter,11,149.0,0.1,210.22,2522.69,Annual,2026-11-01,Active
2026-01-01,CUST-0420,Starter,10,149.0,0.1,198.09,2377.03,Annual,2027-11-01,Active
2026-02-01,CUST-0420,Starter,11,149.0,0.1,211.27,2535.27,Annual,2027-11-01,Active
2026-03-01,CUST-0420,Starter,12,149.0,0.1,224.52,2694.28,Annual,2027-11-01,Active
2026-04-01,CUST-0420,Starter,10,149.0,0.1,199.56,2394.76,Annual,2027-11-01,Active
2026-05-01,CUST-0420,Starter,11,149.0,0.1,212.85,2554.15,Annual,2027-11-01,Active
2026-06-01,CUST-0420,Starter,11,149.0,0.1,213.37,2560.44,Annual,2027-11-01,Active
2025-04-01,CUST-0421,Professional,312,599.0,0.1,6221.7,74660.4,Annual,2026-04-01,Active
2025-05-01,CUST-0421,Professional,328,599.0,0.1,6554.85,78658.15,Annual,2026-04-01,Active
2025-06-01,CUST-0421,Professional,332,599.0,0.1,6650.79,79809.46,Annual,2026-04-01,Active
2025-07-01,CUST-0421,Professional,340,599.0,0.1,6826.92,81923.05,Annual,2026-04-01,Active
2025-08-01,CUST-0421,Professional,353,599.0,0.1,7103.84,85246.02,Annual,2026-04-01,Active
2025-09-01,CUST-0421,Professional,326,599.0,0.1,6580.14,78961.64,Annual,2026-04-01,Active
2025-10-01,CUST-0421,Professional,336,599.0,0.1,6797.35,81568.24,Annual,2026-04-01,Active
2025-11-01,CUST-0421,Professional,352,599.0,0.1,7136.44,85637.28,Annual,2026-04-01,Active
2025-12-01,CUST-0421,Professional,363,599.0,0.1,7376.13,88513.56,Annual,2026-04-01,Active
2026-01-01,CUST-0421,Professional,397,599.0,0.1,8082.56,96990.67,Annual,2027-04-01,Active
2026-02-01,CUST-0421,Professional,374,599.0,0.1,7635.53,91626.39,Annual,2027-04-01,Active
2026-03-01,CUST-0421,Professional,379,599.0,0.1,7755.88,93070.54,Annual,2027-04-01,Active
2026-04-01,CUST-0421,Professional,411,599.0,0.1,8427.36,101128.28,Annual,2027-04-01,Active
2026-05-01,CUST-0421,Professional,384,599.0,0.1,7895.84,94750.05,Annual,2027-04-01,Active
2026-06-01,CUST-0421,Professional,394,599.0,0.1,8119.89,97438.63,Annual,2027-04-01,Active
2025-04-01,CUST-0422,Professional,33,599.0,0.1,697.5,8370.0,Annual,2026-04-01,Active
2025-05-01,CUST-0422,Professional,34,599.0,0.1,719.09,8629.12,Annual,2026-04-01,Active
2025-06-01,CUST-0422,Professional,34,599.0,0.1,720.89,8650.64,Annual,2026-04-01,Active
2025-07-01,CUST-0422,Professional,37,599.0,0.1,782.53,9390.3,Annual,2026-04-01,Active
2025-08-01,CUST-0422,Professional,35,599.0,0.1,744.47,8933.65,Annual,2026-04-01,Active
2025-09-01,CUST-0422,Professional,34,599.0,0.1,726.27,8715.19,Annual,2026-04-01,Active
2025-10-01,CUST-0422,Professional,35,599.0,0.1,748.16,8977.88,Annual,2026-04-01,Active
2025-11-01,CUST-0422,Professional,36,599.0,0.1,770.15,9241.75,Annual,2026-04-01,Active
2025-12-01,CUST-0422,Professional,35,599.0,0.1,751.84,9022.1,Annual,2026-04-01,Active
2026-01-01,CUST-0422,Professional,36,599.0,0.1,773.93,9287.16,Annual,2027-04-01,Active
2026-02-01,CUST-0422,Professional,37,599.0,0.1,796.12,9553.41,Annual,2027-04-01,Active
2026-03-01,CUST-0422,Professional,35,599.0,0.1,757.37,9088.44,Annual,2027-04-01,Active
2026-04-01,CUST-0422,Professional,40,599.0,0.1,861.18,10334.2,Annual,2027-04-01,Active
2026-05-01,CUST-0422,Professional,39,599.0,0.1,842.83,10113.96,Annual,2027-04-01,Active
2026-06-01,CUST-0422,Professional,40,599.0,0.1,865.36,10384.36,Annual,2027-04-01,Active
2025-01-01,CUST-0423,Professional,136,599.0,0.1,2736.9,32842.8,Annual,2026-01-01,Active
2025-02-01,CUST-0423,Professional,145,599.0,0.1,2922.39,35068.65,Annual,2026-01-01,Active
2025-03-01,CUST-0423,Professional,137,599.0,0.1,2770.48,33245.8,Annual,2026-01-01,Active
2025-04-01,CUST-0423,Professional,138,599.0,0.1,2797.32,33567.89,Annual,2026-01-01,Active
2025-05-01,CUST-0423,Professional,145,599.0,0.1,2944.25,35331.01,Annual,2026-01-01,Active
2025-06-01,CUST-0423,Professional,134,599.0,0.1,2731.02,32772.19,Annual,2026-01-01,Active
2025-07-01,CUST-0423,Professional,143,599.0,0.1,2918.63,35023.59,Annual,2026-01-01,Active
2025-08-01,CUST-0423,Professional,146,599.0,0.1,2986.26,35835.13,Annual,2026-01-01,Active
2025-09-01,CUST-0423,Professional,141,599.0,0.1,2892.62,34711.42,Annual,2026-01-01,Active
2025-10-01,CUST-0423,Professional,152,599.0,0.1,3122.41,37468.9,Annual,2026-01-01,Active
2025-11-01,CUST-0423,Professional,161,599.0,0.1,3312.7,39752.37,Annual,2026-01-01,Active
2025-12-01,CUST-0423,Professional,159,599.0,0.1,3280.09,39361.06,Annual,2026-01-01,Active
2026-01-01,CUST-0423,Professional,157,599.0,0.1,3247.28,38967.37,Annual,2027-01-01,Active
2026-02-01,CUST-0423,Professional,169,599.0,0.1,3500.48,42005.82,Annual,2027-01-01,Active
2026-03-01,CUST-0423,Professional,178,599.0,0.1,3693.4,44320.77,Annual,2027-01-01,Active
2026-04-01,CUST-0423,Professional,178,599.0,0.1,3702.32,44427.83,Annual,2027-01-01,Active
2026-05-01,CUST-0423,Professional,169,599.0,0.1,3525.91,42310.94,Annual,2027-01-01,Active
2026-06-01,CUST-0423,Professional,176,599.0,0.1,3678.88,44146.54,Annual,2027-01-01,Active
2025-09-01,CUST-0424,Starter,16,149.0,0.0,303.0,3636.0,Monthly,2026-09-01,Active
2025-10-01,CUST-0424,Starter,15,149.0,0.0,289.72,3476.67,Monthly,2026-09-01,Active
2025-11-01,CUST-0424,Starter,16,149.0,0.0,304.51,3654.18,Monthly,2026-09-01,Active
2025-12-01,CUST-0424,Starter,16,149.0,0.0,305.27,3663.27,Monthly,2026-09-01,Active
2026-01-01,CUST-0424,Starter,17,149.0,0.0,320.17,3842.04,Monthly,2027-09-01,Active
2026-02-01,CUST-0424,Starter,17,149.0,0.0,320.96,3851.55,Monthly,2027-09-01,Active
2026-03-01,CUST-0424,Starter,19,149.0,0.0,350.17,4202.1,Monthly,2027-09-01,Active
2026-04-01,CUST-0424,Starter,17,149.0,0.0,322.55,3870.57,Monthly,2027-09-01,Active
2026-05-01,CUST-0424,Starter,18,149.0,0.0,337.62,4051.44,Monthly,2027-09-01,Active
2026-06-01,CUST-0424,Starter,19,149.0,0.0,352.76,4233.15,Monthly,2027-09-01,Active
2025-05-01,CUST-0425,Starter,14,149.0,0.1,247.5,2970.0,Annual,2026-05-01,Active
2025-06-01,CUST-0425,Starter,14,149.0,0.1,248.12,2977.42,Annual,2026-05-01,Active
2025-07-01,CUST-0425,Starter,14,149.0,0.1,248.74,2984.85,Annual,2026-05-01,Active
2025-08-01,CUST-0425,Starter,13,149.0,0.1,236.66,2839.94,Annual,2026-05-01,Active
2025-09-01,CUST-0425,Starter,14,149.0,0.1,249.97,2999.7,Annual,2026-05-01,Active
2025-10-01,CUST-0425,Starter,14,149.0,0.1,250.59,3007.12,Annual,2026-05-01,Active
2025-11-01,CUST-0425,Starter,14,149.0,0.1,251.21,3014.55,Annual,2026-05-01,Active
2025-12-01,CUST-0425,Starter,14,149.0,0.1,251.83,3021.98,Annual,2026-05-01,Active
2026-01-01,CUST-0425,Professional,25,599.0,0.1,549.88,6598.58,Annual,2027-05-01,Active
2026-02-01,CUST-0425,Professional,25,599.0,0.1,551.23,6614.76,Annual,2027-05-01,Active
2026-03-01,CUST-0425,Professional,25,599.0,0.1,552.58,6630.93,Annual,2027-05-01,Active
2026-04-01,CUST-0425,Professional,25,599.0,0.1,553.93,6647.1,Annual,2027-05-01,Active
2026-05-01,CUST-0425,Professional,25,599.0,0.1,555.27,6663.28,Annual,2027-05-01,Active
2026-06-01,CUST-0425,Professional,25,599.0,0.1,556.62,6679.45,Annual,2027-05-01,Active
2025-01-01,CUST-0426,Professional,25,599.0,0.1,543.14,6517.72,Annual,2026-10-01,Active
2025-02-01,CUST-0426,Professional,25,599.0,0.1,544.49,6533.89,Annual,2026-10-01,Active
2025-03-01,CUST-0426,Professional,25,599.0,0.1,545.84,6550.07,Annual,2026-10-01,Active
2025-04-01,CUST-0426,Professional,25,599.0,0.1,547.19,6566.24,Annual,2026-10-01,Active
2025-05-01,CUST-0426,Professional,25,599.0,0.1,548.53,6582.41,Annual,2026-10-01,Active
2025-06-01,CUST-0426,Professional,25,599.0,0.1,549.88,6598.58,Annual,2026-10-01,Active
2025-07-01,CUST-0426,Professional,25,599.0,0.1,551.23,6614.76,Annual,2026-10-01,Active
2025-08-01,CUST-0426,Professional,25,599.0,0.1,552.58,6630.93,Annual,2026-10-01,Active
2025-09-01,CUST-0426,Professional,25,599.0,0.1,553.93,6647.1,Annual,2026-10-01,Active
2025-10-01,CUST-0426,Professional,25,599.0,0.1,555.27,6663.28,Annual,2026-10-01,Active
2025-11-01,CUST-0426,Professional,25,599.0,0.1,556.62,6679.45,Annual,2026-10-01,Active
2025-12-01,CUST-0426,Professional,25,599.0,0.1,557.97,6695.62,Annual,2026-10-01,Active
2026-01-01,CUST-0426,Professional,25,599.0,0.1,559.32,6711.8,Annual,2027-10-01,Active
2026-02-01,CUST-0426,Professional,25,599.0,0.1,560.66,6727.97,Annual,2027-10-01,Active
2026-03-01,CUST-0426,Professional,25,599.0,0.1,562.01,6744.14,Annual,2027-10-01,Active
2026-04-01,CUST-0426,Professional,25,599.0,0.1,563.36,6760.31,Annual,2027-10-01,Active
2026-05-01,CUST-0426,Professional,25,599.0,0.1,564.71,6776.49,Annual,2027-10-01,Active
2026-06-01,CUST-0426,Professional,25,599.0,0.1,566.06,6792.66,Annual,2027-10-01,Active
2025-01-01,CUST-0427,Professional,25,599.0,0.0,604.99,7259.88,Monthly,2026-09-01,Active
2025-02-01,CUST-0427,Professional,25,599.0,0.0,606.49,7277.85,Monthly,2026-09-01,Active
2025-03-01,CUST-0427,Professional,25,599.0,0.0,607.98,7295.82,Monthly,2026-09-01,Active
2025-04-01,CUST-0427,Professional,25,599.0,0.0,609.48,7313.79,Monthly,2026-09-01,Active
2025-05-01,CUST-0427,Professional,25,599.0,0.0,610.98,7331.76,Monthly,2026-09-01,Active
2025-06-01,CUST-0427,Professional,25,599.0,0.0,612.48,7349.73,Monthly,2026-09-01,Active
2025-07-01,CUST-0427,Professional,25,599.0,0.0,613.97,7367.7,Monthly,2026-09-01,Active
2025-08-01,CUST-0427,Professional,25,599.0,0.0,615.47,7385.67,Monthly,2026-09-01,Active
2025-09-01,CUST-0427,Professional,25,599.0,0.0,616.97,7403.64,Monthly,2026-09-01,Active
2025-10-01,CUST-0427,Professional,26,599.0,0.0,641.18,7694.19,Monthly,2026-09-01,Active
2025-11-01,CUST-0427,Professional,25,599.0,0.0,619.96,7439.58,Monthly,2026-09-01,Active
2025-12-01,CUST-0427,Professional,25,599.0,0.0,621.46,7457.55,Monthly,2026-09-01,Active
2026-01-01,CUST-0427,Professional,27,599.0,0.0,668.72,8024.64,Monthly,2027-09-01,Active
2026-02-01,CUST-0427,Professional,27,599.0,0.0,670.33,8043.93,Monthly,2027-09-01,Active
2026-03-01,CUST-0427,Professional,29,599.0,0.0,717.91,8614.98,Monthly,2027-09-01,Active
2026-04-01,CUST-0427,Professional,28,599.0,0.0,696.59,8359.05,Monthly,2027-09-01,Active
2026-05-01,CUST-0427,Professional,28,599.0,0.0,698.25,8379.0,Monthly,2027-09-01,Active
2026-06-01,CUST-0427,Professional,29,599.0,0.0,723.07,8676.81,Monthly,2027-09-01,Active
2025-01-01,CUST-0428,Starter,7,149.0,0.1,159.7,1916.38,Annual,2026-12-01,Active
2025-02-01,CUST-0428,Starter,6,149.0,0.1,147.43,1769.2,Annual,2026-12-01,Active
2025-03-01,CUST-0428,Starter,7,149.0,0.1,160.49,1925.94,Annual,2026-12-01,Active
2025-04-01,CUST-0428,Starter,7,149.0,0.1,160.89,1930.72,Annual,2026-12-01,Active
2025-05-01,CUST-0428,Starter,7,149.0,0.1,161.29,1935.49,Annual,2026-12-01,Active
2025-06-01,CUST-0428,Starter,7,149.0,0.1,161.69,1940.27,Annual,2026-12-01,Active
2025-07-01,CUST-0428,Starter,7,149.0,0.1,162.09,1945.05,Annual,2026-12-01,Active
2025-08-01,CUST-0428,Starter,7,149.0,0.1,162.49,1949.83,Annual,2026-12-01,Active
2025-09-01,CUST-0428,Starter,7,149.0,0.1,162.88,1954.61,Annual,2026-12-01,Active
2025-10-01,CUST-0428,Starter,7,149.0,0.1,163.28,1959.39,Annual,2026-12-01,Active
2025-11-01,CUST-0428,Starter,7,149.0,0.1,163.68,1964.17,Annual,2026-12-01,Active
2025-12-01,CUST-0428,Starter,7,149.0,0.1,164.08,1968.95,Annual,2026-12-01,Active
2026-01-01,CUST-0428,Starter,7,149.0,0.1,164.48,1973.73,Annual,2027-12-01,Active
2026-02-01,CUST-0428,Starter,8,149.0,0.1,177.92,2135.0,Annual,2027-12-01,Active
2026-03-01,CUST-0428,Starter,7,149.0,0.1,165.27,1983.29,Annual,2027-12-01,Active
2026-04-01,CUST-0428,Starter,7,149.0,0.1,165.67,1988.06,Annual,2027-12-01,Active
2026-05-01,CUST-0428,Starter,8,149.0,0.1,179.21,2150.47,Annual,2027-12-01,Active
2026-06-01,CUST-0428,Starter,7,149.0,0.1,166.47,1997.62,Annual,2027-12-01,Active
2025-01-01,CUST-0429,Starter,11,149.0,0.1,210.22,2522.69,Annual,2026-12-01,Active
2025-02-01,CUST-0429,Starter,10,149.0,0.1,198.09,2377.03,Annual,2026-12-01,Active
2025-03-01,CUST-0429,Starter,10,149.0,0.1,198.58,2382.94,Annual,2026-12-01,Active
2025-04-01,CUST-0429,Starter,11,149.0,0.1,211.8,2541.56,Annual,2026-12-01,Active
2025-05-01,CUST-0429,Starter,11,149.0,0.1,212.32,2547.86,Annual,2026-12-01,Active
2025-06-01,CUST-0429,Starter,11,149.0,0.1,212.85,2554.15,Annual,2026-12-01,Active
2025-07-01,CUST-0429,Starter,11,149.0,0.1,213.37,2560.44,Annual,2026-12-01,Active
2025-08-01,CUST-0429,Starter,11,149.0,0.1,213.89,2566.73,Annual,2026-12-01,Active
2025-09-01,CUST-0429,Starter,11,149.0,0.1,214.42,2573.02,Annual,2026-12-01,Active
2025-10-01,CUST-0429,Starter,10,149.0,0.1,202.03,2424.33,Annual,2026-12-01,Active
2025-11-01,CUST-0429,Starter,11,149.0,0.1,215.47,2585.6,Annual,2026-12-01,Active
2025-12-01,CUST-0429,Starter,10,149.0,0.1,203.01,2436.16,Annual,2026-12-01,Active
2026-01-01,CUST-0429,Professional,25,599.0,0.1,556.62,6679.45,Annual,2027-12-01,Active
2026-02-01,CUST-0429,Professional,25,599.0,0.1,557.97,6695.62,Annual,2027-12-01,Active
2026-03-01,CUST-0429,Professional,25,599.0,0.1,559.32,6711.8,Annual,2027-12-01,Active
2026-04-01,CUST-0429,Professional,25,599.0,0.1,560.66,6727.97,Annual,2027-12-01,Active
2026-05-01,CUST-0429,Professional,25,599.0,0.1,562.01,6744.14,Annual,2027-12-01,Active
2026-06-01,CUST-0429,Professional,25,599.0,0.1,563.36,6760.31,Annual,2027-12-01,Active
2025-01-01,CUST-0430,Enterprise,294,2499.0,0.13,7535.92,90431.05,Annual,2026-06-01,Active
2025-02-01,CUST-0430,Enterprise,360,2499.0,0.13,9370.06,112440.68,Annual,2026-06-01,Active
2025-03-01,CUST-0430,Enterprise,344,2499.0,0.13,8951.79,107421.52,Annual,2026-06-01,Active
2025-04-01,CUST-0430,Enterprise,338,2499.0,0.13,8807.81,105693.78,Annual,2026-06-01,Active
2025-05-01,CUST-0430,Enterprise,386,2499.0,0.13,10159.46,121913.49,Annual,2026-06-01,Active
2025-06-01,CUST-0430,Enterprise,346,2499.0,0.13,9073.01,108876.15,Annual,2026-06-01,Active
2025-07-01,CUST-0430,Enterprise,347,2499.0,0.13,9122.88,109474.57,Annual,2026-06-01,Active
2025-08-01,CUST-0430,Enterprise,334,2499.0,0.13,8782.09,105385.07,Annual,2026-06-01,Active
2025-09-01,CUST-0430,Enterprise,365,2499.0,0.13,9670.72,116048.69,Annual,2026-06-01,Active
2025-10-01,CUST-0430,Enterprise,349,2499.0,0.13,9245.25,110942.96,Annual,2026-06-01,Active
2025-11-01,CUST-0430,Enterprise,368,2499.0,0.13,9801.68,117620.15,Annual,2026-06-01,Active
2025-12-01,CUST-0430,Enterprise,376,2499.0,0.13,10050.65,120607.84,Annual,2026-06-01,Active
2026-01-01,CUST-0430,Enterprise,404,2499.0,0.13,10865.73,130388.74,Annual,2027-06-01,Active
2026-02-01,CUST-0430,Enterprise,428,2499.0,0.13,11571.3,138855.65,Annual,2027-06-01,Active
2026-03-01,CUST-0430,Enterprise,410,2499.0,0.13,11087.91,133054.9,Annual,2027-06-01,Active
2026-04-01,CUST-0430,Enterprise,414,2499.0,0.13,11228.06,134736.71,Annual,2027-06-01,Active
2026-05-01,CUST-0430,Enterprise,424,2499.0,0.13,11539.87,138478.48,Annual,2027-06-01,Active
2026-06-01,CUST-0430,Enterprise,440,2499.0,0.13,12024.57,144294.79,Annual,2027-06-01,Active
2026-01-01,CUST-0431,Professional,35,599.0,0.0,819.0,9828.0,Monthly,2027-01-01,Active
2026-02-01,CUST-0431,Professional,37,599.0,0.0,865.16,10381.89,Monthly,2027-01-01,Active
2026-03-01,CUST-0431,Professional,35,599.0,0.0,823.09,9877.14,Monthly,2027-01-01,Active
2026-04-01,CUST-0431,Professional,39,599.0,0.0,913.8,10965.63,Monthly,2027-01-01,Active
2026-05-01,CUST-0431,Professional,39,599.0,0.0,916.07,10992.84,Monthly,2027-01-01,Active
2026-06-01,CUST-0431,Professional,37,599.0,0.0,873.79,10485.45,Monthly,2027-01-01,Active
2025-09-01,CUST-0432,Professional,76,599.0,0.1,1548.9,18586.8,Annual,2026-09-01,Active
2025-10-01,CUST-0432,Professional,76,599.0,0.1,1552.77,18633.27,Annual,2026-09-01,Active
2025-11-01,CUST-0432,Professional,72,599.0,0.1,1477.05,17724.58,Annual,2026-09-01,Active
2025-12-01,CUST-0432,Professional,78,599.0,0.1,1600.41,19204.97,Annual,2026-09-01,Active
2026-01-01,CUST-0432,Professional,81,599.0,0.1,1664.38,19972.55,Annual,2027-09-01,Active
2026-02-01,CUST-0432,Professional,82,599.0,0.1,1688.55,20262.56,Annual,2027-09-01,Active
2026-03-01,CUST-0432,Professional,87,599.0,0.1,1793.2,21518.41,Annual,2027-09-01,Active
2026-04-01,CUST-0432,Professional,87,599.0,0.1,1797.62,21571.41,Annual,2027-09-01,Active
2026-05-01,CUST-0432,Professional,90,599.0,0.1,1862.62,22351.46,Annual,2027-09-01,Active
2026-06-01,CUST-0432,Professional,82,599.0,0.1,1705.22,20462.68,Annual,2027-09-01,Active
2025-01-01,CUST-0433,Starter,8,149.0,0.0,195.3,2343.57,Monthly,2026-04-01,Active
2025-02-01,CUST-0433,Starter,10,149.0,0.0,224.47,2693.7,Monthly,2026-04-01,Active
2025-03-01,CUST-0433,Starter,9,149.0,0.0,210.64,2527.65,Monthly,2026-04-01,Active
2025-04-01,CUST-0433,Starter,9,149.0,0.0,211.15,2533.8,Monthly,2026-04-01,Active
2025-05-01,CUST-0433,Starter,10,149.0,0.0,226.12,2713.41,Monthly,2026-04-01,Active
2025-06-01,CUST-0433,Starter,9,149.0,0.0,212.17,2546.1,Monthly,2026-04-01,Active
2025-07-01,CUST-0433,Starter,9,149.0,0.0,212.69,2552.25,Monthly,2026-04-01,Active
2025-08-01,CUST-0433,Starter,9,149.0,0.0,213.2,2558.4,Monthly,2026-04-01,Active
2025-09-01,CUST-0433,Starter,9,149.0,0.0,213.71,2564.55,Monthly,2026-04-01,Active
2025-10-01,CUST-0433,Starter,9,149.0,0.0,214.22,2570.7,Monthly,2026-04-01,Active
2025-11-01,CUST-0433,Starter,10,149.0,0.0,229.4,2752.83,Monthly,2026-04-01,Active
2025-12-01,CUST-0433,Starter,9,149.0,0.0,215.25,2583.0,Monthly,2026-04-01,Active
2026-01-01,CUST-0433,Starter,10,149.0,0.0,230.5,2765.97,Monthly,2027-04-01,Active
2026-02-01,CUST-0433,Starter,9,149.0,0.0,216.27,2595.3,Monthly,2027-04-01,Active
2026-03-01,CUST-0433,Starter,10,149.0,0.0,231.59,2779.11,Monthly,2027-04-01,Active
2026-04-01,CUST-0433,Starter,10,149.0,0.0,232.14,2785.68,Monthly,2027-04-01,Active
2026-05-01,CUST-0433,Starter,10,149.0,0.0,232.69,2792.25,Monthly,2027-04-01,Active
2026-06-01,CUST-0433,Starter,10,149.0,0.0,233.23,2798.82,Monthly,2027-04-01,Active
2025-05-01,CUST-0434,Starter,5,149.0,0.1,134.1,1609.2,Annual,2026-05-01,Active
2025-06-01,CUST-0434,Starter,5,149.0,0.1,134.44,1613.22,Annual,2026-05-01,Active
2025-07-01,CUST-0434,Starter,5,149.0,0.1,134.77,1617.25,Annual,2026-05-01,Active
2025-08-01,CUST-0434,Starter,5,149.0,0.1,135.11,1621.27,Annual,2026-05-01,Active
2025-09-01,CUST-0434,Starter,5,149.0,0.1,135.44,1625.29,Annual,2026-05-01,Active
2025-10-01,CUST-0434,Starter,5,149.0,0.1,135.78,1629.31,Annual,2026-05-01,Active
2025-11-01,CUST-0434,Starter,5,149.0,0.1,136.11,1633.34,Annual,2026-05-01,Active
2025-12-01,CUST-0434,Starter,5,149.0,0.1,136.45,1637.36,Annual,2026-05-01,Active
2026-01-01,CUST-0434,Starter,5,149.0,0.1,136.78,1641.38,Annual,2027-05-01,Active
2026-02-01,CUST-0434,Starter,5,149.0,0.1,137.12,1645.41,Annual,2027-05-01,Active
2026-03-01,CUST-0434,Starter,5,149.0,0.1,137.45,1649.43,Annual,2027-05-01,Active
2026-04-01,CUST-0434,Starter,5,149.0,0.1,137.79,1653.45,Annual,2027-05-01,Active
2026-05-01,CUST-0434,Starter,5,149.0,0.1,138.12,1657.48,Annual,2027-05-01,Active
2026-06-01,CUST-0434,Starter,5,149.0,0.1,138.46,1661.5,Annual,2027-05-01,Active
2025-07-01,CUST-0435,Starter,13,149.0,0.0,261.0,3132.0,Monthly,2026-07-01,Active
2025-08-01,CUST-0435,Starter,13,149.0,0.0,261.65,3139.83,Monthly,2026-07-01,Active
2025-09-01,CUST-0435,Starter,13,149.0,0.0,262.3,3147.66,Monthly,2026-07-01,Active
2025-10-01,CUST-0435,Starter,14,149.0,0.0,277.06,3324.75,Monthly,2026-07-01,Active
2025-11-01,CUST-0435,Starter,14,149.0,0.0,277.75,3333.0,Monthly,2026-07-01,Active
2025-12-01,CUST-0435,Starter,13,149.0,0.0,264.26,3171.15,Monthly,2026-07-01,Active
2026-01-01,CUST-0435,Starter,15,149.0,0.0,293.33,3520.02,Monthly,2027-07-01,Active
2026-02-01,CUST-0435,Starter,15,149.0,0.0,294.06,3528.69,Monthly,2027-07-01,Active
2026-03-01,CUST-0435,Starter,14,149.0,0.0,280.5,3366.0,Monthly,2027-07-01,Active
2026-04-01,CUST-0435,Starter,14,149.0,0.0,281.19,3374.25,Monthly,2027-07-01,Active
2026-05-01,CUST-0435,Starter,14,149.0,0.0,281.88,3382.5,Monthly,2027-07-01,Active
2026-06-01,CUST-0435,Starter,14,149.0,0.0,282.56,3390.75,Monthly,2027-07-01,Active
2025-08-01,CUST-0436,Starter,10,149.0,0.0,219.0,2628.0,Monthly,2026-08-01,Active
2025-09-01,CUST-0436,Starter,11,149.0,0.0,233.58,2802.99,Monthly,2026-08-01,Active
2025-10-01,CUST-0436,Starter,10,149.0,0.0,220.09,2641.14,Monthly,2026-08-01,Active
2025-11-01,CUST-0436,Starter,10,149.0,0.0,220.64,2647.71,Monthly,2026-08-01,Active
2025-12-01,CUST-0436,Starter,11,149.0,0.0,235.33,2823.96,Monthly,2026-08-01,Active
2026-01-01,CUST-0436,Starter,12,149.0,0.0,250.09,3001.05,Monthly,2027-08-01,Active
2026-02-01,CUST-0436,Starter,12,149.0,0.0,250.7,3008.46,Monthly,2027-08-01,Active
2026-03-01,CUST-0436,Starter,11,149.0,0.0,237.08,2844.93,Monthly,2027-08-01,Active
2026-04-01,CUST-0436,Starter,11,149.0,0.0,237.66,2851.92,Monthly,2027-08-01,Active
2026-05-01,CUST-0436,Starter,11,149.0,0.0,238.24,2858.91,Monthly,2027-08-01,Active
2026-06-01,CUST-0436,Starter,12,149.0,0.0,253.17,3038.1,Monthly,2027-08-01,Active
2025-04-01,CUST-0437,Professional,25,599.0,0.1,539.1,6469.2,Annual,2026-04-01,Active
2025-05-01,CUST-0437,Professional,25,599.0,0.1,540.45,6485.37,Annual,2026-04-01,Active
2025-06-01,CUST-0437,Professional,25,599.0,0.1,541.8,6501.55,Annual,2026-04-01,Active
2025-07-01,CUST-0437,Professional,25,599.0,0.1,543.14,6517.72,Annual,2026-04-01,Active
2025-08-01,CUST-0437,Professional,25,599.0,0.1,544.49,6533.89,Annual,2026-04-01,Active
2025-09-01,CUST-0437,Professional,25,599.0,0.1,545.84,6550.07,Annual,2026-04-01,Active
2025-10-01,CUST-0437,Professional,25,599.0,0.1,547.19,6566.24,Annual,2026-04-01,Active
2025-11-01,CUST-0437,Professional,25,599.0,0.1,548.53,6582.41,Annual,2026-04-01,Active
2025-12-01,CUST-0437,Professional,25,599.0,0.1,549.88,6598.58,Annual,2026-04-01,Active
2026-01-01,CUST-0437,Professional,25,599.0,0.1,551.23,6614.76,Annual,2027-04-01,Active
2026-02-01,CUST-0437,Professional,25,599.0,0.1,552.58,6630.93,Annual,2027-04-01,Active
2026-03-01,CUST-0437,Professional,25,599.0,0.1,553.93,6647.1,Annual,2027-04-01,Active
2026-04-01,CUST-0437,Professional,25,599.0,0.1,555.27,6663.28,Annual,2027-04-01,Active
2026-05-01,CUST-0437,Professional,25,599.0,0.1,556.62,6679.45,Annual,2027-04-01,Active
2026-06-01,CUST-0437,Professional,25,599.0,0.1,557.97,6695.62,Annual,2027-04-01,Active
2026-01-01,CUST-0438,Starter,61,149.0,0.0,933.0,11196.0,Monthly,2027-01-01,Active
2026-02-01,CUST-0438,Starter,62,149.0,0.0,949.37,11392.41,Monthly,2027-01-01,Active
2026-03-01,CUST-0438,Starter,62,149.0,0.0,951.73,11420.82,Monthly,2027-01-01,Active
2026-04-01,CUST-0438,Starter,67,149.0,0.0,1024.63,12295.53,Monthly,2027-01-01,Active
2026-05-01,CUST-0438,Starter,67,149.0,0.0,1027.17,12326.04,Monthly,2027-01-01,Active
2026-06-01,CUST-0438,Starter,62,149.0,0.0,958.84,11506.05,Monthly,2027-01-01,Active
2026-01-01,CUST-0439,Enterprise,105,2499.0,0.12,2335.52,28026.24,Monthly,2027-01-01,Active
2026-02-01,CUST-0439,Enterprise,100,2499.0,0.12,2204.62,26455.41,Monthly,2027-01-01,Active
2026-03-01,CUST-0439,Enterprise,114,2499.0,0.12,2593.95,31127.34,Monthly,2027-01-01,Active
2026-04-01,CUST-0439,Enterprise,114,2499.0,0.12,2600.4,31204.77,Monthly,2027-01-01,Active
2026-05-01,CUST-0439,Enterprise,117,2499.0,0.12,2689.51,32274.11,Monthly,2027-01-01,Active
2026-06-01,CUST-0439,Enterprise,118,2499.0,0.12,2723.79,32685.44,Monthly,2027-01-01,Active
2025-10-01,CUST-0440,Professional,64,599.0,0.1,1311.3,15735.6,Annual,2026-10-01,Active
2025-11-01,CUST-0440,Professional,66,599.0,0.1,1354.28,16251.33,Annual,2026-10-01,Active
2025-12-01,CUST-0440,Professional,69,599.0,0.1,1417.35,17008.22,Annual,2026-10-01,Active
2026-01-01,CUST-0440,Professional,70,599.0,0.1,1440.83,17289.91,Annual,2027-10-01,Active
2026-02-01,CUST-0440,Professional,74,599.0,0.1,1524.39,18292.72,Annual,2027-10-01,Active
2026-03-01,CUST-0440,Professional,71,599.0,0.1,1468.02,17616.28,Annual,2027-10-01,Active
2026-04-01,CUST-0440,Professional,77,599.0,0.1,1592.23,19106.77,Annual,2027-10-01,Active
2026-05-01,CUST-0440,Professional,71,599.0,0.1,1475.27,17703.28,Annual,2027-10-01,Active
2026-06-01,CUST-0440,Professional,79,599.0,0.1,1640.47,19685.59,Annual,2027-10-01,Active
2025-05-01,CUST-0441,Starter,10,149.0,0.1,197.1,2365.2,Annual,2026-05-01,Active
2025-06-01,CUST-0441,Starter,9,149.0,0.1,184.96,2219.53,Annual,2026-05-01,Active
2025-07-01,CUST-0441,Starter,10,149.0,0.1,198.09,2377.03,Annual,2026-05-01,Active
2025-08-01,CUST-0441,Starter,9,149.0,0.1,185.88,2230.61,Annual,2026-05-01,Active
2025-09-01,CUST-0441,Starter,10,149.0,0.1,199.07,2388.85,Annual,2026-05-01,Active
2025-10-01,CUST-0441,Starter,9,149.0,0.1,186.81,2241.68,Annual,2026-05-01,Active
2025-11-01,CUST-0441,Starter,9,149.0,0.1,187.27,2247.21,Annual,2026-05-01,Active
2025-12-01,CUST-0441,Starter,9,149.0,0.1,187.73,2252.75,Annual,2026-05-01,Active
2026-01-01,CUST-0441,Starter,9,149.0,0.1,188.19,2258.28,Annual,2027-05-01,Active
2026-02-01,CUST-0441,Starter,10,149.0,0.1,201.53,2418.42,Annual,2027-05-01,Active
2026-03-01,CUST-0441,Starter,10,149.0,0.1,202.03,2424.33,Annual,2027-05-01,Active
2026-04-01,CUST-0441,Starter,11,149.0,0.1,215.47,2585.6,Annual,2027-05-01,Active
2026-05-01,CUST-0441,Starter,11,149.0,0.1,215.99,2591.89,Annual,2027-05-01,Active
2026-06-01,CUST-0441,Starter,11,149.0,0.1,216.52,2598.18,Annual,2027-05-01,Active
2025-01-01,CUST-0442,Enterprise,282,2499.0,0.0,8222.41,98668.92,Monthly,2026-09-01,Active
2025-02-01,CUST-0442,Enterprise,248,2499.0,0.0,7175.59,86107.05,Monthly,2026-09-01,Active
2025-03-01,CUST-0442,Enterprise,276,2499.0,0.0,8074.32,96891.9,Monthly,2026-09-01,Active
2025-04-01,CUST-0442,Enterprise,289,2499.0,0.0,8504.27,102051.18,Monthly,2026-09-01,Active
2025-05-01,CUST-0442,Enterprise,307,2499.0,0.0,9094.32,109131.84,Monthly,2026-09-01,Active
2025-06-01,CUST-0442,Enterprise,302,2499.0,0.0,8958.12,107497.47,Monthly,2026-09-01,Active
2025-07-01,CUST-0442,Enterprise,303,2499.0,0.0,9011.8,108141.6,Monthly,2026-09-01,Active
2025-08-01,CUST-0442,Enterprise,299,2499.0,0.0,8906.37,106876.44,Monthly,2026-09-01,Active
2025-09-01,CUST-0442,Enterprise,295,2499.0,0.0,8800.32,105603.84,Monthly,2026-09-01,Active
2025-10-01,CUST-0442,Enterprise,298,2499.0,0.0,8917.7,107012.43,Monthly,2026-09-01,Active
2025-11-01,CUST-0442,Enterprise,316,2499.0,0.0,9516.82,114201.9,Monthly,2026-09-01,Active
2025-12-01,CUST-0442,Enterprise,350,2499.0,0.0,10633.34,127600.05,Monthly,2026-09-01,Active
2026-01-01,CUST-0442,Enterprise,351,2499.0,0.0,10691.2,128294.4,Monthly,2027-09-01,Active
2026-02-01,CUST-0442,Enterprise,332,2499.0,0.0,10102.87,121234.41,Monthly,2027-09-01,Active
2026-03-01,CUST-0442,Enterprise,328,2499.0,0.0,9997.51,119970.18,Monthly,2027-09-01,Active
2026-04-01,CUST-0442,Enterprise,367,2499.0,0.0,11287.86,135454.32,Monthly,2027-09-01,Active
2026-05-01,CUST-0442,Enterprise,340,2499.0,0.0,10435.95,125231.4,Monthly,2027-09-01,Active
2026-06-01,CUST-0442,Enterprise,378,2499.0,0.0,11700.64,140407.71,Monthly,2027-09-01,Active
2025-07-01,CUST-0443,Starter,15,149.0,0.0,289.0,3468.0,Monthly,2026-07-01,Active
2025-08-01,CUST-0443,Starter,15,149.0,0.0,289.72,3476.67,Monthly,2026-07-01,Active
2025-09-01,CUST-0443,Starter,15,149.0,0.0,290.44,3485.34,Monthly,2026-07-01,Active
2025-10-01,CUST-0443,Starter,14,149.0,0.0,277.06,3324.75,Monthly,2026-07-01,Active
2025-11-01,CUST-0443,Starter,15,149.0,0.0,291.89,3502.68,Monthly,2026-07-01,Active
2025-12-01,CUST-0443,Starter,16,149.0,0.0,306.79,3681.45,Monthly,2026-07-01,Active
2026-01-01,CUST-0443,Starter,16,149.0,0.0,307.54,3690.54,Monthly,2027-07-01,Active
2026-02-01,CUST-0443,Starter,17,149.0,0.0,322.55,3870.57,Monthly,2027-07-01,Active
2026-03-01,CUST-0443,Starter,16,149.0,0.0,309.06,3708.72,Monthly,2027-07-01,Active
2026-04-01,CUST-0443,Starter,18,149.0,0.0,338.45,4061.37,Monthly,2027-07-01,Active
2026-05-01,CUST-0443,Starter,18,149.0,0.0,339.27,4071.3,Monthly,2027-07-01,Active
2026-06-01,CUST-0443,Starter,17,149.0,0.0,325.72,3908.61,Monthly,2027-07-01,Active
2025-06-01,CUST-0444,Professional,61,599.0,0.0,1391.0,16692.0,Monthly,2026-06-01,Active
2025-07-01,CUST-0444,Professional,64,599.0,0.0,1460.64,17527.71,Monthly,2026-06-01,Active
2025-08-01,CUST-0444,Professional,63,599.0,0.0,1442.17,17306.1,Monthly,2026-06-01,Active
2025-09-01,CUST-0444,Professional,60,599.0,0.0,1379.27,16551.21,Monthly,2026-06-01,Active
2025-10-01,CUST-0444,Professional,64,599.0,0.0,1471.57,17658.84,Monthly,2026-06-01,Active
2025-11-01,CUST-0444,Professional,63,599.0,0.0,1452.94,17435.25,Monthly,2026-06-01,Active
2025-12-01,CUST-0444,Professional,65,599.0,0.0,1501.18,18014.22,Monthly,2026-06-01,Active
2026-01-01,CUST-0444,Professional,67,599.0,0.0,1549.65,18595.83,Monthly,2027-06-01,Active
2026-02-01,CUST-0444,Professional,62,599.0,0.0,1441.26,17295.12,Monthly,2027-06-01,Active
2026-03-01,CUST-0444,Professional,73,599.0,0.0,1692.24,20306.85,Monthly,2027-06-01,Active
2026-04-01,CUST-0444,Professional,72,599.0,0.0,1673.82,20085.9,Monthly,2027-06-01,Active
2026-05-01,CUST-0444,Professional,71,599.0,0.0,1655.3,19863.63,Monthly,2027-06-01,Active
2026-06-01,CUST-0444,Professional,74,599.0,0.0,1727.31,20727.72,Monthly,2027-06-01,Active
2025-01-01,CUST-0445,Professional,250,599.0,0.0,5618.36,67420.35,Monthly,2026-08-01,Active
2025-02-01,CUST-0445,Professional,256,599.0,0.0,5766.21,69194.58,Monthly,2026-08-01,Active
2025-03-01,CUST-0445,Professional,274,599.0,0.0,6183.35,74200.17,Monthly,2026-08-01,Active
2025-04-01,CUST-0445,Professional,287,599.0,0.0,6490.26,77883.12,Monthly,2026-08-01,Active
2025-05-01,CUST-0445,Professional,284,599.0,0.0,6438.68,77264.19,Monthly,2026-08-01,Active
2025-06-01,CUST-0445,Professional,276,599.0,0.0,6274.02,75288.3,Monthly,2026-08-01,Active
2025-07-01,CUST-0445,Professional,284,599.0,0.0,6470.17,77642.01,Monthly,2026-08-01,Active
2025-08-01,CUST-0445,Professional,290,599.0,0.0,6621.87,79462.44,Monthly,2026-08-01,Active
2025-09-01,CUST-0445,Professional,299,599.0,0.0,6842.38,82108.53,Monthly,2026-08-01,Active
2025-10-01,CUST-0445,Professional,294,599.0,0.0,6745.09,80941.14,Monthly,2026-08-01,Active
2025-11-01,CUST-0445,Professional,301,599.0,0.0,6921.16,83053.95,Monthly,2026-08-01,Active
2025-12-01,CUST-0445,Professional,297,599.0,0.0,6846.32,82155.84,Monthly,2026-08-01,Active
2026-01-01,CUST-0445,Professional,311,599.0,0.0,7183.87,86206.41,Monthly,2027-08-01,Active
2026-02-01,CUST-0445,Professional,282,599.0,0.0,6534.38,78412.62,Monthly,2027-08-01,Active
2026-03-01,CUST-0445,Professional,337,599.0,0.0,7817.49,93809.91,Monthly,2027-08-01,Active
2026-04-01,CUST-0445,Professional,339,599.0,0.0,7882.35,94588.2,Monthly,2027-08-01,Active
2026-05-01,CUST-0445,Professional,374,599.0,0.0,8711.54,104538.51,Monthly,2027-08-01,Active
2026-06-01,CUST-0445,Professional,344,599.0,0.0,8035.93,96431.22,Monthly,2027-08-01,Active
2025-01-01,CUST-0446,Starter,8,149.0,0.1,173.62,2083.43,Annual,2026-09-01,Active
2025-02-01,CUST-0446,Starter,8,149.0,0.1,174.05,2088.59,Annual,2026-09-01,Active
2025-03-01,CUST-0446,Starter,8,149.0,0.1,174.48,2093.74,Annual,2026-09-01,Active
2025-04-01,CUST-0446,Starter,8,149.0,0.1,174.91,2098.9,Annual,2026-09-01,Active
2025-05-01,CUST-0446,Starter,8,149.0,0.1,175.34,2104.06,Annual,2026-09-01,Active
2025-06-01,CUST-0446,Starter,8,149.0,0.1,175.77,2109.21,Annual,2026-09-01,Active
2025-07-01,CUST-0446,Starter,8,149.0,0.1,176.2,2114.37,Annual,2026-09-01,Active
2025-08-01,CUST-0446,Starter,8,149.0,0.1,176.63,2119.53,Annual,2026-09-01,Active
2025-09-01,CUST-0446,Starter,8,149.0,0.1,177.06,2124.68,Annual,2026-09-01,Active
2025-10-01,CUST-0446,Starter,7,149.0,0.1,164.48,1973.73,Annual,2026-09-01,Active
2025-11-01,CUST-0446,Starter,8,149.0,0.1,177.92,2135.0,Annual,2026-09-01,Active
2025-12-01,CUST-0446,Starter,8,149.0,0.1,178.35,2140.16,Annual,2026-09-01,Active
2026-01-01,CUST-0446,Starter,9,149.0,0.1,191.88,2302.56,Annual,2027-09-01,Active
2026-02-01,CUST-0446,Starter,8,149.0,0.1,179.21,2150.47,Annual,2027-09-01,Active
2026-03-01,CUST-0446,Starter,9,149.0,0.1,192.8,2313.63,Annual,2027-09-01,Active
2026-04-01,CUST-0446,Starter,9,149.0,0.1,193.26,2319.16,Annual,2027-09-01,Active
2026-05-01,CUST-0446,Starter,9,149.0,0.1,193.72,2324.7,Annual,2027-09-01,Active
2026-06-01,CUST-0446,Starter,9,149.0,0.1,194.19,2330.24,Annual,2027-09-01,Active
2026-01-01,CUST-0447,Starter,5,149.0,0.1,134.1,1609.2,Annual,2027-01-01,Active
2026-02-01,CUST-0447,Starter,5,149.0,0.1,134.44,1613.22,Annual,2027-01-01,Active
2026-03-01,CUST-0447,Starter,5,149.0,0.1,134.77,1617.25,Annual,2027-01-01,Active
2026-04-01,CUST-0447,Starter,5,149.0,0.1,135.11,1621.27,Annual,2027-01-01,Active
2026-05-01,CUST-0447,Starter,5,149.0,0.1,135.44,1625.29,Annual,2027-01-01,Active
2026-06-01,CUST-0447,Starter,5,149.0,0.1,135.78,1629.31,Annual,2027-01-01,Active
2026-01-01,CUST-0448,Starter,8,149.0,0.1,171.9,2062.8,Annual,2027-01-01,Active
2026-02-01,CUST-0448,Starter,9,149.0,0.1,184.96,2219.53,Annual,2027-01-01,Active
2026-03-01,CUST-0448,Starter,9,149.0,0.1,185.42,2225.07,Annual,2027-01-01,Active
2026-04-01,CUST-0448,Starter,9,149.0,0.1,185.88,2230.61,Annual,2027-01-01,Active
2026-05-01,CUST-0448,Starter,9,149.0,0.1,186.34,2236.14,Annual,2027-01-01,Active
2026-06-01,CUST-0448,Starter,8,149.0,0.1,174.05,2088.59,Annual,2027-01-01,Active
2025-01-01,CUST-0449,Enterprise,180,2499.0,0.0,5066.13,60793.59,Monthly,2026-06-01,Active
2025-02-01,CUST-0449,Enterprise,185,2499.0,0.0,5236.68,62840.16,Monthly,2026-06-01,Active
2025-03-01,CUST-0449,Enterprise,183,2499.0,0.0,5186.12,62233.44,Monthly,2026-06-01,Active
2025-04-01,CUST-0449,Enterprise,189,2499.0,0.0,5389.45,64673.4,Monthly,2026-06-01,Active
2025-05-01,CUST-0449,Enterprise,191,2499.0,0.0,5466.3,65595.6,Monthly,2026-06-01,Active
2025-06-01,CUST-0449,Enterprise,180,2499.0,0.0,5128.37,61540.44,Monthly,2026-06-01,Active
2025-07-01,CUST-0449,Enterprise,193,2499.0,0.0,5556.91,66682.98,Monthly,2026-06-01,Active
2025-08-01,CUST-0449,Enterprise,199,2499.0,0.0,5762.88,69154.56,Monthly,2026-06-01,Active
2025-09-01,CUST-0449,Enterprise,202,2499.0,0.0,5873.29,70479.45,Monthly,2026-06-01,Active
2025-10-01,CUST-0449,Enterprise,192,2499.0,0.0,5565.04,66780.48,Monthly,2026-06-01,Active
2025-11-01,CUST-0449,Enterprise,193,2499.0,0.0,5610.73,67328.82,Monthly,2026-06-01,Active
2025-12-01,CUST-0449,Enterprise,223,2499.0,0.0,6596.04,79152.48,Monthly,2026-06-01,Active
2026-01-01,CUST-0449,Enterprise,221,2499.0,0.0,6546.88,78562.5,Monthly,2027-06-01,Active
2026-02-01,CUST-0449,Enterprise,216,2499.0,0.0,6399.75,76797.0,Monthly,2027-06-01,Active
2026-03-01,CUST-0449,Enterprise,227,2499.0,0.0,6773.89,81286.68,Monthly,2027-06-01,Active
2026-04-01,CUST-0449,Enterprise,227,2499.0,0.0,6789.98,81479.76,Monthly,2027-06-01,Active
2026-05-01,CUST-0449,Enterprise,227,2499.0,0.0,6806.07,81672.84,Monthly,2027-06-01,Active
2026-06-01,CUST-0449,Enterprise,227,2499.0,0.0,6822.16,81865.92,Monthly,2027-06-01,Active
2026-01-01,CUST-0450,Starter,14,149.0,0.0,275.0,3300.0,Monthly,2027-01-01,Active
2026-02-01,CUST-0450,Starter,15,149.0,0.0,289.72,3476.67,Monthly,2027-01-01,Active
2026-03-01,CUST-0450,Starter,14,149.0,0.0,276.37,3316.5,Monthly,2027-01-01,Active
2026-04-01,CUST-0450,Starter,16,149.0,0.0,305.27,3663.27,Monthly,2027-01-01,Active
2026-05-01,CUST-0450,Starter,15,149.0,0.0,291.89,3502.68,Monthly,2027-01-01,Active
2026-06-01,CUST-0450,Starter,15,149.0,0.0,292.61,3511.35,Monthly,2027-01-01,Active
2026-02-01,CUST-0451,Professional,54,599.0,0.1,1113.3,13359.6,Annual,2027-02-01,Active
2026-03-01,CUST-0451,Professional,53,599.0,0.1,1096.23,13154.8,Annual,2027-02-01,Active
2026-04-01,CUST-0451,Professional,49,599.0,0.1,1019.37,12232.46,Annual,2027-02-01,Active
2026-05-01,CUST-0451,Professional,55,599.0,0.1,1141.6,13699.18,Annual,2027-02-01,Active
2026-06-01,CUST-0451,Professional,58,599.0,0.1,1204.42,14453.1,Annual,2027-02-01,Active
2025-09-01,CUST-0452,Starter,10,149.0,0.1,197.1,2365.2,Annual,2026-09-01,Active
2025-10-01,CUST-0452,Starter,10,149.0,0.1,197.59,2371.11,Annual,2026-09-01,Active
2025-11-01,CUST-0452,Starter,10,149.0,0.1,198.09,2377.03,Annual,2026-09-01,Active
2025-12-01,CUST-0452,Starter,11,149.0,0.1,211.27,2535.27,Annual,2026-09-01,Active
2026-01-01,CUST-0452,Starter,11,149.0,0.1,211.8,2541.56,Annual,2027-09-01,Active
2026-02-01,CUST-0452,Starter,12,149.0,0.1,225.08,2700.95,Annual,2027-09-01,Active
2026-03-01,CUST-0452,Starter,11,149.0,0.1,212.85,2554.15,Annual,2027-09-01,Active
2025-10-01,CUST-0453,Professional,25,599.0,0.1,539.1,6469.2,Annual,2026-10-01,Active
2025-11-01,CUST-0453,Professional,25,599.0,0.1,540.45,6485.37,Annual,2026-10-01,Active
2025-12-01,CUST-0453,Professional,25,599.0,0.1,541.8,6501.55,Annual,2026-10-01,Active
2026-01-01,CUST-0453,Professional,26,599.0,0.1,563.09,6757.1,Annual,2027-10-01,Active
2026-02-01,CUST-0453,Professional,27,599.0,0.1,584.49,7013.84,Annual,2027-10-01,Active
2026-03-01,CUST-0453,Professional,25,599.0,0.1,545.84,6550.07,Annual,2027-10-01,Active
2026-04-01,CUST-0453,Professional,25,599.0,0.1,547.19,6566.24,Annual,2027-10-01,Active
2025-01-01,CUST-0454,Professional,25,599.0,0.1,549.88,6598.58,Annual,2026-05-01,Active
2025-02-01,CUST-0454,Professional,25,599.0,0.1,551.23,6614.76,Annual,2026-05-01,Active
2025-03-01,CUST-0454,Professional,25,599.0,0.1,552.58,6630.93,Annual,2026-05-01,Active
2025-04-01,CUST-0454,Professional,25,599.0,0.1,553.93,6647.1,Annual,2026-05-01,Active
2025-05-01,CUST-0454,Professional,25,599.0,0.1,555.27,6663.28,Annual,2026-05-01,Active
2025-06-01,CUST-0454,Professional,25,599.0,0.1,556.62,6679.45,Annual,2026-05-01,Active
2025-07-01,CUST-0454,Professional,25,599.0,0.1,557.97,6695.62,Annual,2026-05-01,Active
2025-08-01,CUST-0454,Professional,25,599.0,0.1,559.32,6711.8,Annual,2026-05-01,Active
2025-09-01,CUST-0454,Professional,25,599.0,0.1,560.66,6727.97,Annual,2026-05-01,Active
2025-10-01,CUST-0454,Professional,25,599.0,0.1,562.01,6744.14,Annual,2026-05-01,Active
2025-11-01,CUST-0454,Professional,25,599.0,0.1,563.36,6760.31,Annual,2026-05-01,Active
2025-12-01,CUST-0454,Professional,25,599.0,0.1,564.71,6776.49,Annual,2026-05-01,Active
2026-01-01,CUST-0454,Professional,25,599.0,0.1,566.06,6792.66,Annual,2027-05-01,Active
2026-02-01,CUST-0454,Professional,25,599.0,0.1,567.4,6808.83,Annual,2027-05-01,Active
2026-03-01,CUST-0454,Professional,25,599.0,0.1,568.75,6825.01,Annual,2027-05-01,Active
2026-04-01,CUST-0454,Professional,25,599.0,0.1,570.1,6841.18,Annual,2027-05-01,Active
2026-05-01,CUST-0454,Professional,25,599.0,0.1,571.45,6857.35,Annual,2027-05-01,Active
2026-06-01,CUST-0454,Professional,25,599.0,0.1,572.79,6873.53,Annual,2027-05-01,Active
2026-03-01,CUST-0455,Starter,15,149.0,0.0,289.0,3468.0,Monthly,2027-03-01,Active
2026-04-01,CUST-0455,Starter,15,149.0,0.0,289.72,3476.67,Monthly,2027-03-01,Active
2026-05-01,CUST-0455,Starter,16,149.0,0.0,304.51,3654.18,Monthly,2027-03-01,Active
2026-06-01,CUST-0455,Starter,16,149.0,0.0,305.27,3663.27,Monthly,2027-03-01,Active
2025-04-01,CUST-0456,Professional,43,599.0,0.1,895.5,10746.0,Annual,2026-04-01,Active
2025-05-01,CUST-0456,Professional,43,599.0,0.1,897.74,10772.86,Annual,2026-04-01,Active
2025-06-01,CUST-0456,Professional,47,599.0,0.1,979.57,11754.88,Annual,2026-04-01,Active
2025-07-01,CUST-0456,Professional,44,599.0,0.1,922.16,11065.98,Annual,2026-04-01,Active
2025-08-01,CUST-0456,Professional,44,599.0,0.1,924.45,11093.44,Annual,2026-04-01,Active
2025-09-01,CUST-0456,Professional,44,599.0,0.1,926.74,11120.9,Annual,2026-04-01,Active
2025-10-01,CUST-0456,Professional,44,599.0,0.1,929.03,11148.35,Annual,2026-04-01,Active
2025-11-01,CUST-0456,Professional,45,599.0,0.1,951.46,11417.57,Annual,2026-04-01,Active
2025-12-01,CUST-0456,Professional,49,599.0,0.1,1034.59,12415.03,Annual,2026-04-01,Active
2026-01-01,CUST-0456,Professional,45,599.0,0.1,956.14,11473.68,Annual,2027-04-01,Active
2026-02-01,CUST-0456,Professional,52,599.0,0.1,1100.54,13206.51,Annual,2027-04-01,Active
2026-03-01,CUST-0456,Professional,53,599.0,0.1,1123.57,13482.86,Annual,2027-04-01,Active
2026-04-01,CUST-0456,Professional,48,599.0,0.1,1024.34,12292.02,Annual,2027-04-01,Active
2025-01-01,CUST-0457,Starter,12,149.0,0.0,247.0,2964.0,Monthly,2026-01-01,Active
2025-02-01,CUST-0457,Starter,12,149.0,0.0,247.62,2971.41,Monthly,2026-01-01,Active
2025-03-01,CUST-0457,Starter,12,149.0,0.0,248.23,2978.82,Monthly,2026-01-01,Active
2025-04-01,CUST-0457,Starter,12,149.0,0.0,248.85,2986.23,Monthly,2026-01-01,Active
2025-05-01,CUST-0457,Starter,12,149.0,0.0,249.47,2993.64,Monthly,2026-01-01,Active
2025-06-01,CUST-0457,Starter,13,149.0,0.0,264.26,3171.15,Monthly,2026-01-01,Active
2025-07-01,CUST-0457,Starter,12,149.0,0.0,250.7,3008.46,Monthly,2026-01-01,Active
2025-08-01,CUST-0457,Starter,12,149.0,0.0,251.32,3015.87,Monthly,2026-01-01,Active
2025-09-01,CUST-0457,Starter,12,149.0,0.0,251.94,3023.28,Monthly,2026-01-01,Active
2025-10-01,CUST-0457,Starter,12,149.0,0.0,252.56,3030.69,Monthly,2026-01-01,Active
2025-11-01,CUST-0457,Starter,13,149.0,0.0,267.52,3210.3,Monthly,2026-01-01,Active
2025-12-01,CUST-0457,Starter,12,149.0,0.0,253.79,3045.51,Monthly,2026-01-01,Active
2026-01-01,CUST-0457,Starter,12,149.0,0.0,254.41,3052.92,Monthly,2027-01-01,Active
2026-02-01,CUST-0457,Starter,13,149.0,0.0,269.48,3233.79,Monthly,2027-01-01,Active
2026-03-01,CUST-0457,Starter,13,149.0,0.0,270.13,3241.62,Monthly,2027-01-01,Active
2026-04-01,CUST-0457,Starter,14,149.0,0.0,285.31,3423.75,Monthly,2027-01-01,Active
2026-05-01,CUST-0457,Starter,13,149.0,0.0,271.44,3257.28,Monthly,2027-01-01,Active
2026-06-01,CUST-0457,Starter,12,149.0,0.0,257.5,3089.97,Monthly,2027-01-01,Active
2025-04-01,CUST-0458,Professional,155,599.0,0.0,3459.0,41508.0,Monthly,2026-04-01,Active
2025-05-01,CUST-0458,Professional,151,599.0,0.0,3379.43,40553.13,Monthly,2026-04-01,Active
2025-06-01,CUST-0458,Professional,154,599.0,0.0,3454.18,41450.22,Monthly,2026-04-01,Active
2025-07-01,CUST-0458,Professional,154,599.0,0.0,3462.78,41553.33,Monthly,2026-04-01,Active
2025-08-01,CUST-0458,Professional,149,599.0,0.0,3360.27,40323.24,Monthly,2026-04-01,Active
2025-09-01,CUST-0458,Professional,157,599.0,0.0,3546.79,42561.45,Monthly,2026-04-01,Active
2025-10-01,CUST-0458,Professional,149,599.0,0.0,3376.9,40522.86,Monthly,2026-04-01,Active
2025-11-01,CUST-0458,Professional,160,599.0,0.0,3631.46,43577.49,Monthly,2026-04-01,Active
2025-12-01,CUST-0458,Professional,158,599.0,0.0,3595.5,43146.0,Monthly,2026-04-01,Active
2026-01-01,CUST-0458,Professional,170,599.0,0.0,3874.25,46491.03,Monthly,2027-04-01,Active
2026-02-01,CUST-0458,Professional,183,599.0,0.0,4176.88,50122.5,Monthly,2027-04-01,Active
2025-01-01,CUST-0459,Professional,68,599.0,0.1,1390.5,16686.0,Annual,2026-01-01,Active
2025-02-01,CUST-0459,Professional,73,599.0,0.1,1493.22,17918.68,Annual,2026-01-01,Active
2025-03-01,CUST-0459,Professional,76,599.0,0.1,1556.64,18679.73,Annual,2026-01-01,Active
2025-04-01,CUST-0459,Professional,77,599.0,0.1,1580.47,18965.58,Annual,2026-01-01,Active
2025-05-01,CUST-0459,Professional,77,599.0,0.1,1584.39,19012.64,Annual,2026-01-01,Active
2025-06-01,CUST-0459,Professional,74,599.0,0.1,1528.17,18337.99,Annual,2026-01-01,Active
2025-07-01,CUST-0459,Professional,78,599.0,0.1,1612.33,19347.93,Annual,2026-01-01,Active
2025-08-01,CUST-0459,Professional,75,599.0,0.1,1555.86,18670.31,Annual,2026-01-01,Active
2025-09-01,CUST-0459,Professional,77,599.0,0.1,1600.07,19200.89,Annual,2026-01-01,Active
2025-10-01,CUST-0459,Professional,75,599.0,0.1,1563.5,18762.06,Annual,2026-01-01,Active
2025-11-01,CUST-0459,Professional,73,599.0,0.1,1526.74,18320.85,Annual,2026-01-01,Active
2025-12-01,CUST-0459,Professional,76,599.0,0.1,1591.49,19097.94,Annual,2026-01-01,Active
2026-01-01,CUST-0459,Professional,78,599.0,0.1,1636.15,19633.86,Annual,2027-01-01,Active
2026-02-01,CUST-0459,Professional,85,599.0,0.1,1783.23,21398.77,Annual,2027-01-01,Active
2026-03-01,CUST-0459,Professional,88,599.0,0.1,1849.03,22188.33,Annual,2027-01-01,Active
2026-04-01,CUST-0459,Professional,84,599.0,0.1,1771.32,21255.89,Annual,2027-01-01,Active
2026-05-01,CUST-0459,Professional,92,599.0,0.1,1940.33,23283.94,Annual,2027-01-01,Active
2026-06-01,CUST-0459,Professional,92,599.0,0.1,1944.99,23339.91,Annual,2027-01-01,Active
2025-11-01,CUST-0460,Starter,13,149.0,0.1,234.9,2818.8,Annual,2026-11-01,Active
2025-12-01,CUST-0460,Starter,14,149.0,0.1,248.12,2977.42,Annual,2026-11-01,Active
2026-01-01,CUST-0460,Starter,13,149.0,0.1,236.07,2832.89,Annual,2027-11-01,Active
2026-02-01,CUST-0460,Starter,14,149.0,0.1,249.36,2992.28,Annual,2027-11-01,Active
2026-03-01,CUST-0460,Starter,13,149.0,0.1,237.25,2846.99,Annual,2027-11-01,Active
2026-04-01,CUST-0460,Starter,15,149.0,0.1,263.35,3160.22,Annual,2027-11-01,Active
2026-05-01,CUST-0460,Starter,14,149.0,0.1,251.21,3014.55,Annual,2027-11-01,Active
2026-06-01,CUST-0460,Starter,14,149.0,0.1,251.83,3021.98,Annual,2027-11-01,Active
2026-02-01,CUST-0461,Starter,17,149.0,0.1,285.3,3423.6,Annual,2027-02-01,Active
2026-03-01,CUST-0461,Starter,16,149.0,0.1,273.38,3280.58,Annual,2027-02-01,Active
2026-04-01,CUST-0461,Starter,16,149.0,0.1,274.06,3288.76,Annual,2027-02-01,Active
2026-05-01,CUST-0461,Starter,17,149.0,0.1,287.44,3449.28,Annual,2027-02-01,Active
2026-06-01,CUST-0461,Starter,18,149.0,0.1,300.88,3610.55,Annual,2027-02-01,Active
2025-01-01,CUST-0462,Starter,12,149.0,0.0,248.85,2986.23,Monthly,2026-10-01,Active
2025-02-01,CUST-0462,Starter,14,149.0,0.0,277.75,3333.0,Monthly,2026-10-01,Active
2025-03-01,CUST-0462,Starter,14,149.0,0.0,278.44,3341.25,Monthly,2026-10-01,Active
2025-04-01,CUST-0462,Starter,13,149.0,0.0,264.91,3178.98,Monthly,2026-10-01,Active
2025-05-01,CUST-0462,Starter,13,149.0,0.0,265.57,3186.81,Monthly,2026-10-01,Active
2025-06-01,CUST-0462,Starter,13,149.0,0.0,266.22,3194.64,Monthly,2026-10-01,Active
2025-07-01,CUST-0462,Starter,14,149.0,0.0,281.19,3374.25,Monthly,2026-10-01,Active
2025-08-01,CUST-0462,Starter,14,149.0,0.0,281.88,3382.5,Monthly,2026-10-01,Active
2025-09-01,CUST-0462,Starter,13,149.0,0.0,268.18,3218.13,Monthly,2026-10-01,Active
2025-10-01,CUST-0462,Starter,14,149.0,0.0,283.25,3399.0,Monthly,2026-10-01,Active
2025-11-01,CUST-0462,Starter,14,149.0,0.0,283.94,3407.25,Monthly,2026-10-01,Active
2025-12-01,CUST-0462,Starter,14,149.0,0.0,284.62,3415.5,Monthly,2026-10-01,Active
2026-01-01,CUST-0462,Starter,16,149.0,0.0,314.36,3772.35,Monthly,2027-10-01,Active
2026-02-01,CUST-0462,Starter,14,149.0,0.0,286.0,3432.0,Monthly,2027-10-01,Active
2026-03-01,CUST-0462,Starter,15,149.0,0.0,301.28,3615.39,Monthly,2027-10-01,Active
2026-04-01,CUST-0462,Starter,15,149.0,0.0,302.0,3624.06,Monthly,2027-10-01,Active
2026-05-01,CUST-0462,Starter,15,149.0,0.0,302.73,3632.73,Monthly,2027-10-01,Active
2026-06-01,CUST-0462,Starter,14,149.0,0.0,288.75,3465.0,Monthly,2027-10-01,Active
2025-01-01,CUST-0463,Starter,8,149.0,0.1,176.2,2114.37,Annual,2026-03-01,Active
2025-02-01,CUST-0463,Starter,8,149.0,0.1,176.63,2119.53,Annual,2026-03-01,Active
2025-03-01,CUST-0463,Starter,8,149.0,0.1,177.06,2124.68,Annual,2026-03-01,Active
2025-04-01,CUST-0463,Starter,9,149.0,0.1,190.5,2285.95,Annual,2026-03-01,Active
2025-05-01,CUST-0463,Starter,8,149.0,0.1,177.92,2135.0,Annual,2026-03-01,Active
2025-06-01,CUST-0463,Starter,8,149.0,0.1,178.35,2140.16,Annual,2026-03-01,Active
2025-07-01,CUST-0463,Starter,8,149.0,0.1,178.78,2145.31,Annual,2026-03-01,Active
2025-08-01,CUST-0463,Starter,9,149.0,0.1,192.34,2308.1,Annual,2026-03-01,Active
2025-09-01,CUST-0463,Starter,8,149.0,0.1,179.64,2155.63,Annual,2026-03-01,Active
2025-10-01,CUST-0463,Starter,9,149.0,0.1,193.26,2319.16,Annual,2026-03-01,Active
2025-11-01,CUST-0463,Starter,9,149.0,0.1,193.72,2324.7,Annual,2026-03-01,Active
2025-12-01,CUST-0463,Starter,8,149.0,0.1,180.92,2171.1,Annual,2026-03-01,Active
2026-01-01,CUST-0463,Starter,9,149.0,0.1,194.65,2335.77,Annual,2027-03-01,Active
2026-02-01,CUST-0463,Starter,9,149.0,0.1,195.11,2341.31,Annual,2027-03-01,Active
2026-03-01,CUST-0463,Starter,9,149.0,0.1,195.57,2346.84,Annual,2027-03-01,Active
2026-04-01,CUST-0463,Starter,10,149.0,0.1,209.42,2513.02,Annual,2027-03-01,Active
2026-05-01,CUST-0463,Starter,9,149.0,0.1,196.49,2357.91,Annual,2027-03-01,Active
2026-06-01,CUST-0463,Starter,8,149.0,0.1,183.5,2202.04,Annual,2027-03-01,Active
2025-01-01,CUST-0464,Starter,5,149.0,0.0,152.35,1828.23,Monthly,2026-04-01,Active
2025-02-01,CUST-0464,Starter,5,149.0,0.0,152.72,1832.7,Monthly,2026-04-01,Active
2025-03-01,CUST-0464,Starter,5,149.0,0.0,153.1,1837.17,Monthly,2026-04-01,Active
2025-04-01,CUST-0464,Starter,5,149.0,0.0,153.47,1841.64,Monthly,2026-04-01,Active
2025-05-01,CUST-0464,Starter,5,149.0,0.0,153.84,1846.11,Monthly,2026-04-01,Active
2025-06-01,CUST-0464,Starter,5,149.0,0.0,154.21,1850.58,Monthly,2026-04-01,Active
2025-07-01,CUST-0464,Starter,5,149.0,0.0,154.59,1855.05,Monthly,2026-04-01,Active
2025-08-01,CUST-0464,Starter,5,149.0,0.0,154.96,1859.52,Monthly,2026-04-01,Active
2025-09-01,CUST-0464,Starter,5,149.0,0.0,155.33,1863.99,Monthly,2026-04-01,Active
2025-10-01,CUST-0464,Starter,5,149.0,0.0,155.7,1868.46,Monthly,2026-04-01,Active
2025-11-01,CUST-0464,Starter,5,149.0,0.0,156.08,1872.93,Monthly,2026-04-01,Active
2025-12-01,CUST-0464,Starter,5,149.0,0.0,156.45,1877.4,Monthly,2026-04-01,Active
2026-01-01,CUST-0464,Starter,5,149.0,0.0,156.82,1881.87,Monthly,2027-04-01,Active
2026-02-01,CUST-0464,Starter,5,149.0,0.0,157.19,1886.34,Monthly,2027-04-01,Active
2026-03-01,CUST-0464,Starter,5,149.0,0.0,157.57,1890.81,Monthly,2027-04-01,Active
2026-04-01,CUST-0464,Starter,5,149.0,0.0,157.94,1895.28,Monthly,2027-04-01,Active
2026-05-01,CUST-0464,Starter,5,149.0,0.0,158.31,1899.75,Monthly,2027-04-01,Active
2026-06-01,CUST-0464,Starter,5,149.0,0.0,158.69,1904.22,Monthly,2027-04-01,Active
2025-09-01,CUST-0465,Starter,12,149.0,0.1,222.3,2667.6,Annual,2026-09-01,Active
2025-10-01,CUST-0465,Starter,13,149.0,0.1,235.49,2825.85,Annual,2026-09-01,Active
2025-11-01,CUST-0465,Starter,13,149.0,0.1,236.07,2832.89,Annual,2026-09-01,Active
2025-12-01,CUST-0465,Starter,13,149.0,0.1,236.66,2839.94,Annual,2026-09-01,Active
2026-01-01,CUST-0465,Starter,13,149.0,0.1,237.25,2846.99,Annual,2027-09-01,Active
2026-02-01,CUST-0465,Starter,14,149.0,0.1,250.59,3007.12,Annual,2027-09-01,Active
2026-03-01,CUST-0465,Starter,14,149.0,0.1,251.21,3014.55,Annual,2027-09-01,Active
2026-04-01,CUST-0465,Starter,14,149.0,0.1,251.83,3021.98,Annual,2027-09-01,Active
2026-05-01,CUST-0465,Starter,15,149.0,0.1,265.3,3183.62,Annual,2027-09-01,Active
2026-06-01,CUST-0465,Starter,15,149.0,0.1,265.95,3191.43,Annual,2027-09-01,Active
2025-01-01,CUST-0466,Starter,14,149.0,0.0,277.75,3333.0,Monthly,2026-09-01,Active
2025-02-01,CUST-0466,Starter,15,149.0,0.0,292.61,3511.35,Monthly,2026-09-01,Active
2025-03-01,CUST-0466,Starter,14,149.0,0.0,279.12,3349.5,Monthly,2026-09-01,Active
2025-04-01,CUST-0466,Starter,14,149.0,0.0,279.81,3357.75,Monthly,2026-09-01,Active
2025-05-01,CUST-0466,Starter,15,149.0,0.0,294.78,3537.36,Monthly,2026-09-01,Active
2025-06-01,CUST-0466,Starter,14,149.0,0.0,281.19,3374.25,Monthly,2026-09-01,Active
2025-07-01,CUST-0466,Starter,14,149.0,0.0,281.88,3382.5,Monthly,2026-09-01,Active
2025-08-01,CUST-0466,Starter,14,149.0,0.0,282.56,3390.75,Monthly,2026-09-01,Active
2025-09-01,CUST-0466,Starter,14,149.0,0.0,283.25,3399.0,Monthly,2026-09-01,Active
2025-10-01,CUST-0466,Professional,25,599.0,0.0,618.47,7421.61,Monthly,2026-09-01,Active
2025-11-01,CUST-0466,Professional,25,599.0,0.0,619.96,7439.58,Monthly,2026-09-01,Active
2025-12-01,CUST-0466,Professional,25,599.0,0.0,621.46,7457.55,Monthly,2026-09-01,Active
2026-01-01,CUST-0466,Professional,25,599.0,0.0,622.96,7475.52,Monthly,2027-09-01,Active
2026-02-01,CUST-0466,Professional,25,599.0,0.0,624.46,7493.49,Monthly,2027-09-01,Active
2026-03-01,CUST-0466,Professional,25,599.0,0.0,625.95,7511.46,Monthly,2027-09-01,Active
2026-04-01,CUST-0466,Professional,25,599.0,0.0,627.45,7529.43,Monthly,2027-09-01,Active
2026-05-01,CUST-0466,Professional,25,599.0,0.0,628.95,7547.4,Monthly,2027-09-01,Active
2026-06-01,CUST-0466,Professional,25,599.0,0.0,630.45,7565.37,Monthly,2027-09-01,Active
2026-02-01,CUST-0467,Professional,47,599.0,0.1,974.7,11696.4,Annual,2027-02-01,Active
2026-03-01,CUST-0467,Professional,50,599.0,0.1,1036.69,12440.22,Annual,2027-02-01,Active
2026-04-01,CUST-0467,Professional,50,599.0,0.1,1039.27,12471.25,Annual,2027-02-01,Active
2026-05-01,CUST-0467,Professional,52,599.0,0.1,1081.75,12981.03,Annual,2027-02-01,Active
2026-06-01,CUST-0467,Professional,53,599.0,0.1,1104.43,13253.22,Annual,2027-02-01,Active
2026-02-01,CUST-0468,Professional,26,599.0,0.1,558.9,6706.8,Annual,2027-02-01,Active
2026-03-01,CUST-0468,Professional,28,599.0,0.1,600.0,7199.95,Annual,2027-02-01,Active
2026-04-01,CUST-0468,Professional,31,599.0,0.1,661.19,7934.27,Annual,2027-02-01,Active
2026-05-01,CUST-0468,Professional,32,599.0,0.1,682.78,8193.39,Annual,2027-02-01,Active
2026-06-01,CUST-0468,Professional,31,599.0,0.1,664.48,7973.75,Annual,2027-02-01,Active
2025-01-01,CUST-0469,Starter,12,149.0,0.0,252.56,3030.69,Monthly,2026-04-01,Active
2025-02-01,CUST-0469,Starter,13,149.0,0.0,267.52,3210.3,Monthly,2026-04-01,Active
2025-03-01,CUST-0469,Starter,13,149.0,0.0,268.18,3218.13,Monthly,2026-04-01,Active
2025-04-01,CUST-0469,Starter,13,149.0,0.0,268.83,3225.96,Monthly,2026-04-01,Active
2025-05-01,CUST-0469,Starter,13,149.0,0.0,269.48,3233.79,Monthly,2026-04-01,Active
2025-06-01,CUST-0469,Starter,13,149.0,0.0,270.13,3241.62,Monthly,2026-04-01,Active
2025-07-01,CUST-0469,Starter,13,149.0,0.0,270.79,3249.45,Monthly,2026-04-01,Active
2025-08-01,CUST-0469,Starter,13,149.0,0.0,271.44,3257.28,Monthly,2026-04-01,Active
2025-09-01,CUST-0469,Starter,14,149.0,0.0,286.69,3440.25,Monthly,2026-04-01,Active
2025-10-01,CUST-0469,Starter,13,149.0,0.0,272.75,3272.94,Monthly,2026-04-01,Active
2025-11-01,CUST-0469,Starter,14,149.0,0.0,288.06,3456.75,Monthly,2026-04-01,Active
2026-01-01,CUST-0470,Starter,13,149.0,0.1,234.9,2818.8,Annual,2027-01-01,Active
2026-02-01,CUST-0470,Starter,13,149.0,0.1,235.49,2825.85,Annual,2027-01-01,Active
2026-03-01,CUST-0470,Starter,13,149.0,0.1,236.07,2832.89,Annual,2027-01-01,Active
2026-04-01,CUST-0470,Starter,13,149.0,0.1,236.66,2839.94,Annual,2027-01-01,Active
2026-05-01,CUST-0470,Starter,13,149.0,0.1,237.25,2846.99,Annual,2027-01-01,Active
2026-06-01,CUST-0470,Starter,13,149.0,0.1,237.84,2854.03,Annual,2027-01-01,Active
2025-01-01,CUST-0471,Professional,38,599.0,0.1,802.47,9629.68,Annual,2026-10-01,Active
2025-02-01,CUST-0471,Professional,42,599.0,0.1,884.46,10613.48,Annual,2026-10-01,Active
2025-03-01,CUST-0471,Professional,41,599.0,0.1,866.6,10399.18,Annual,2026-10-01,Active
2025-04-01,CUST-0471,Professional,42,599.0,0.1,888.84,10666.03,Annual,2026-10-01,Active
2025-05-01,CUST-0471,Professional,43,599.0,0.1,911.17,10934.06,Annual,2026-10-01,Active
2025-06-01,CUST-0471,Professional,41,599.0,0.1,873.02,10476.22,Annual,2026-10-01,Active
2025-07-01,CUST-0471,Professional,44,599.0,0.1,935.89,11230.73,Annual,2026-10-01,Active
2025-08-01,CUST-0471,Professional,43,599.0,0.1,917.89,11014.65,Annual,2026-10-01,Active
2025-09-01,CUST-0471,Professional,44,599.0,0.1,940.47,11285.65,Annual,2026-10-01,Active
2025-10-01,CUST-0471,Professional,41,599.0,0.1,881.58,10578.92,Annual,2026-10-01,Active
2025-11-01,CUST-0471,Professional,41,599.0,0.1,883.72,10604.6,Annual,2026-10-01,Active
2025-12-01,CUST-0471,Professional,43,599.0,0.1,926.84,11122.11,Annual,2026-10-01,Active
2026-01-01,CUST-0471,Professional,47,599.0,0.1,1011.25,12135.02,Annual,2027-10-01,Active
2026-02-01,CUST-0471,Professional,44,599.0,0.1,951.91,11422.94,Annual,2027-10-01,Active
2026-03-01,CUST-0471,Professional,50,599.0,0.1,1078.05,12936.59,Annual,2027-10-01,Active
2026-04-01,CUST-0471,Professional,50,599.0,0.1,1080.63,12967.61,Annual,2027-10-01,Active
2026-05-01,CUST-0471,Professional,55,599.0,0.1,1186.92,14243.07,Annual,2027-10-01,Active
2026-06-01,CUST-0471,Professional,46,599.0,0.1,1002.64,12031.74,Annual,2027-10-01,Active
2025-01-01,CUST-0472,Professional,25,599.0,0.0,599.0,7188.0,Monthly,2026-01-01,Active
2025-02-01,CUST-0472,Professional,25,599.0,0.0,600.5,7205.97,Monthly,2026-01-01,Active
2025-03-01,CUST-0472,Professional,25,599.0,0.0,601.99,7223.94,Monthly,2026-01-01,Active
2025-04-01,CUST-0472,Professional,25,599.0,0.0,603.49,7241.91,Monthly,2026-01-01,Active
2025-05-01,CUST-0472,Professional,25,599.0,0.0,604.99,7259.88,Monthly,2026-01-01,Active
2025-06-01,CUST-0472,Professional,25,599.0,0.0,606.49,7277.85,Monthly,2026-01-01,Active
2025-07-01,CUST-0472,Professional,25,599.0,0.0,607.98,7295.82,Monthly,2026-01-01,Active
2025-08-01,CUST-0472,Professional,25,599.0,0.0,609.48,7313.79,Monthly,2026-01-01,Active
2025-09-01,CUST-0472,Professional,25,599.0,0.0,610.98,7331.76,Monthly,2026-01-01,Active
2025-10-01,CUST-0472,Professional,25,599.0,0.0,612.48,7349.73,Monthly,2026-01-01,Active
2025-11-01,CUST-0472,Professional,25,599.0,0.0,613.97,7367.7,Monthly,2026-01-01,Active
2025-12-01,CUST-0472,Professional,25,599.0,0.0,615.47,7385.67,Monthly,2026-01-01,Active
2026-01-01,CUST-0472,Professional,25,599.0,0.0,616.97,7403.64,Monthly,2027-01-01,Active
2026-02-01,CUST-0472,Professional,25,599.0,0.0,618.47,7421.61,Monthly,2027-01-01,Active
2026-03-01,CUST-0472,Professional,25,599.0,0.0,619.96,7439.58,Monthly,2027-01-01,Active
2026-04-01,CUST-0472,Professional,25,599.0,0.0,621.46,7457.55,Monthly,2027-01-01,Active
2026-05-01,CUST-0472,Professional,25,599.0,0.0,622.96,7475.52,Monthly,2027-01-01,Active
2026-06-01,CUST-0472,Professional,25,599.0,0.0,624.46,7493.49,Monthly,2027-01-01,Active
2025-01-01,CUST-0473,Starter,17,149.0,0.0,324.13,3889.59,Monthly,2026-04-01,Active
2025-02-01,CUST-0473,Starter,19,149.0,0.0,353.62,4243.5,Monthly,2026-04-01,Active
2025-03-01,CUST-0473,Starter,17,149.0,0.0,325.72,3908.61,Monthly,2026-04-01,Active
2025-04-01,CUST-0473,Starter,18,149.0,0.0,340.93,4091.16,Monthly,2026-04-01,Active
2025-05-01,CUST-0473,Starter,18,149.0,0.0,341.76,4101.09,Monthly,2026-04-01,Active
2025-06-01,CUST-0473,Starter,18,149.0,0.0,342.58,4111.02,Monthly,2026-04-01,Active
2025-07-01,CUST-0473,Starter,18,149.0,0.0,343.41,4120.95,Monthly,2026-04-01,Active
2025-08-01,CUST-0473,Starter,18,149.0,0.0,344.24,4130.88,Monthly,2026-04-01,Active
2025-09-01,CUST-0473,Starter,18,149.0,0.0,345.07,4140.81,Monthly,2026-04-01,Active
2025-10-01,CUST-0473,Starter,18,149.0,0.0,345.89,4150.74,Monthly,2026-04-01,Active
2025-11-01,CUST-0473,Starter,17,149.0,0.0,332.06,3984.69,Monthly,2026-04-01,Active
2025-12-01,CUST-0473,Starter,18,149.0,0.0,347.55,4170.6,Monthly,2026-04-01,Active
2026-01-01,CUST-0473,Starter,19,149.0,0.0,363.11,4357.35,Monthly,2027-04-01,Active
2026-02-01,CUST-0473,Starter,20,149.0,0.0,378.75,4544.94,Monthly,2027-04-01,Active
2026-03-01,CUST-0473,Starter,20,149.0,0.0,379.64,4555.71,Monthly,2027-04-01,Active
2026-04-01,CUST-0473,Starter,19,149.0,0.0,365.7,4388.4,Monthly,2027-04-01,Active
2026-05-01,CUST-0473,Starter,20,149.0,0.0,381.44,4577.25,Monthly,2027-04-01,Active
2026-06-01,CUST-0473,Starter,21,149.0,0.0,397.25,4766.94,Monthly,2027-04-01,Active
2025-01-01,CUST-0474,Professional,25,599.0,0.0,606.49,7277.85,Monthly,2026-08-01,Active
2025-02-01,CUST-0474,Professional,25,599.0,0.0,607.98,7295.82,Monthly,2026-08-01,Active
2025-03-01,CUST-0474,Professional,25,599.0,0.0,609.48,7313.79,Monthly,2026-08-01,Active
2025-04-01,CUST-0474,Professional,25,599.0,0.0,610.98,7331.76,Monthly,2026-08-01,Active
2025-05-01,CUST-0474,Professional,25,599.0,0.0,612.48,7349.73,Monthly,2026-08-01,Active
2025-06-01,CUST-0474,Professional,25,599.0,0.0,613.97,7367.7,Monthly,2026-08-01,Active
2025-07-01,CUST-0474,Professional,25,599.0,0.0,615.47,7385.67,Monthly,2026-08-01,Active
2025-08-01,CUST-0474,Professional,25,599.0,0.0,616.97,7403.64,Monthly,2026-08-01,Active
2025-09-01,CUST-0474,Professional,25,599.0,0.0,618.47,7421.61,Monthly,2026-08-01,Active
2025-10-01,CUST-0474,Professional,25,599.0,0.0,619.96,7439.58,Monthly,2026-08-01,Active
2025-11-01,CUST-0474,Professional,25,599.0,0.0,621.46,7457.55,Monthly,2026-08-01,Active
2025-12-01,CUST-0474,Professional,25,599.0,0.0,622.96,7475.52,Monthly,2026-08-01,Active
2026-01-01,CUST-0474,Professional,25,599.0,0.0,624.46,7493.49,Monthly,2027-08-01,Active
2026-02-01,CUST-0474,Professional,25,599.0,0.0,625.95,7511.46,Monthly,2027-08-01,Active
2026-03-01,CUST-0474,Professional,25,599.0,0.0,627.45,7529.43,Monthly,2027-08-01,Active
2026-04-01,CUST-0474,Professional,25,599.0,0.0,628.95,7547.4,Monthly,2027-08-01,Active
2026-05-01,CUST-0474,Professional,25,599.0,0.0,630.45,7565.37,Monthly,2027-08-01,Active
2026-06-01,CUST-0474,Professional,25,599.0,0.0,631.94,7583.34,Monthly,2027-08-01,Active
2025-01-01,CUST-0475,Professional,47,599.0,0.22,857.41,10288.93,Annual,2026-07-01,Active
2025-02-01,CUST-0475,Professional,53,599.0,0.22,964.28,11571.42,Annual,2026-07-01,Active
2025-03-01,CUST-0475,Professional,51,599.0,0.22,931.65,11179.77,Annual,2026-07-01,Active
2025-04-01,CUST-0475,Professional,51,599.0,0.22,933.93,11207.17,Annual,2026-07-01,Active
2025-05-01,CUST-0475,Professional,55,599.0,0.22,1006.57,12078.85,Annual,2026-07-01,Active
2025-06-01,CUST-0475,Professional,52,599.0,0.22,956.13,11473.56,Annual,2026-07-01,Active
2025-07-01,CUST-0475,Professional,51,599.0,0.22,940.78,11289.38,Annual,2026-07-01,Active
2025-08-01,CUST-0475,Professional,55,599.0,0.22,1013.94,12167.23,Annual,2026-07-01,Active
2025-09-01,CUST-0475,Professional,57,599.0,0.22,1051.91,12622.94,Annual,2026-07-01,Active
2025-10-01,CUST-0475,Professional,52,599.0,0.22,965.44,11585.22,Annual,2026-07-01,Active
2025-11-01,CUST-0475,Professional,55,599.0,0.22,1021.3,12255.61,Annual,2026-07-01,Active
2025-12-01,CUST-0475,Professional,55,599.0,0.22,1023.76,12285.07,Annual,2026-07-01,Active
2026-01-01,CUST-0475,Professional,53,599.0,0.22,990.35,11884.16,Annual,2027-07-01,Active
2026-02-01,CUST-0475,Professional,55,599.0,0.22,1028.67,12343.99,Annual,2027-07-01,Active
2026-03-01,CUST-0475,Professional,58,599.0,0.22,1085.17,13022.1,Annual,2027-07-01,Active
2026-04-01,CUST-0475,Professional,61,599.0,0.22,1141.94,13703.3,Annual,2027-07-01,Active
2026-05-01,CUST-0475,Professional,59,599.0,0.22,1108.45,13301.36,Annual,2027-07-01,Active
2026-06-01,CUST-0475,Professional,64,599.0,0.22,1201.81,14421.68,Annual,2027-07-01,Active
2026-03-01,CUST-0476,Enterprise,330,2499.0,0.13,8377.23,100526.76,Annual,2027-03-01,Active
2026-04-01,CUST-0476,Enterprise,326,2499.0,0.13,8290.02,99480.28,Annual,2027-03-01,Active
2026-05-01,CUST-0476,Enterprise,340,2499.0,0.13,8690.16,104281.98,Annual,2027-03-01,Active
2026-06-01,CUST-0476,Enterprise,351,2499.0,0.13,9010.68,108128.12,Annual,2027-03-01,Active
2025-01-01,CUST-0477,Starter,9,149.0,0.1,184.5,2214.0,Annual,2026-01-01,Active
2025-02-01,CUST-0477,Starter,9,149.0,0.1,184.96,2219.53,Annual,2026-01-01,Active
2025-03-01,CUST-0477,Starter,10,149.0,0.1,198.09,2377.03,Annual,2026-01-01,Active
2025-04-01,CUST-0477,Starter,10,149.0,0.1,198.58,2382.94,Annual,2026-01-01,Active
2025-05-01,CUST-0477,Starter,10,149.0,0.1,199.07,2388.85,Annual,2026-01-01,Active
2025-06-01,CUST-0477,Starter,10,149.0,0.1,199.56,2394.76,Annual,2026-01-01,Active
2025-07-01,CUST-0477,Starter,10,149.0,0.1,200.06,2400.68,Annual,2026-01-01,Active
2025-08-01,CUST-0477,Starter,9,149.0,0.1,187.73,2252.75,Annual,2026-01-01,Active
2025-09-01,CUST-0477,Starter,10,149.0,0.1,201.04,2412.5,Annual,2026-01-01,Active
2025-10-01,CUST-0477,Starter,10,149.0,0.1,201.53,2418.42,Annual,2026-01-01,Active
2025-11-01,CUST-0477,Starter,10,149.0,0.1,202.03,2424.33,Annual,2026-01-01,Active
2025-12-01,CUST-0477,Starter,11,149.0,0.1,215.47,2585.6,Annual,2026-01-01,Active
2026-01-01,CUST-0477,Starter,10,149.0,0.1,203.01,2436.16,Annual,2027-01-01,Active
2026-02-01,CUST-0477,Starter,10,149.0,0.1,203.51,2442.07,Annual,2027-01-01,Active
2026-03-01,CUST-0477,Professional,25,599.0,0.1,557.97,6695.62,Annual,2027-01-01,Active
2026-04-01,CUST-0477,Professional,25,599.0,0.1,559.32,6711.8,Annual,2027-01-01,Active
2026-05-01,CUST-0477,Professional,25,599.0,0.1,560.66,6727.97,Annual,2027-01-01,Active
2026-06-01,CUST-0477,Professional,25,599.0,0.1,562.01,6744.14,Annual,2027-01-01,Active
2025-01-01,CUST-0478,Starter,14,149.0,0.0,277.06,3324.75,Monthly,2026-10-01,Active
2025-02-01,CUST-0478,Starter,14,149.0,0.0,277.75,3333.0,Monthly,2026-10-01,Active
2025-03-01,CUST-0478,Starter,15,149.0,0.0,292.61,3511.35,Monthly,2026-10-01,Active
2025-04-01,CUST-0478,Starter,14,149.0,0.0,279.12,3349.5,Monthly,2026-10-01,Active
2025-05-01,CUST-0478,Starter,15,149.0,0.0,294.06,3528.69,Monthly,2026-10-01,Active
2025-06-01,CUST-0478,Starter,15,149.0,0.0,294.78,3537.36,Monthly,2026-10-01,Active
2025-07-01,CUST-0478,Starter,15,149.0,0.0,295.5,3546.03,Monthly,2026-10-01,Active
2025-08-01,CUST-0478,Starter,15,149.0,0.0,296.22,3554.7,Monthly,2026-10-01,Active
2025-09-01,CUST-0478,Starter,14,149.0,0.0,282.56,3390.75,Monthly,2026-10-01,Active
2025-10-01,CUST-0478,Starter,14,149.0,0.0,283.25,3399.0,Monthly,2026-10-01,Active
2025-11-01,CUST-0478,Starter,15,149.0,0.0,298.39,3580.71,Monthly,2026-10-01,Active
2025-12-01,CUST-0478,Starter,14,149.0,0.0,284.62,3415.5,Monthly,2026-10-01,Active
2026-01-01,CUST-0478,Starter,16,149.0,0.0,314.36,3772.35,Monthly,2027-10-01,Active
2026-02-01,CUST-0478,Starter,15,149.0,0.0,300.56,3606.72,Monthly,2027-10-01,Active
2026-03-01,CUST-0478,Starter,15,149.0,0.0,301.28,3615.39,Monthly,2027-10-01,Active
2026-04-01,CUST-0478,Starter,16,149.0,0.0,316.63,3799.62,Monthly,2027-10-01,Active
2026-05-01,CUST-0478,Starter,15,149.0,0.0,302.73,3632.73,Monthly,2027-10-01,Active
2026-06-01,CUST-0478,Starter,16,149.0,0.0,318.15,3817.8,Monthly,2027-10-01,Active
2025-12-01,CUST-0479,Starter,15,149.0,0.0,289.0,3468.0,Monthly,2026-12-01,Active
2026-01-01,CUST-0479,Starter,14,149.0,0.0,275.69,3308.25,Monthly,2027-12-01,Active
2026-02-01,CUST-0479,Starter,15,149.0,0.0,290.44,3485.34,Monthly,2027-12-01,Active
2026-03-01,CUST-0479,Starter,16,149.0,0.0,305.27,3663.27,Monthly,2027-12-01,Active
2026-04-01,CUST-0479,Starter,16,149.0,0.0,306.03,3672.36,Monthly,2027-12-01,Active
2026-05-01,CUST-0479,Starter,16,149.0,0.0,306.79,3681.45,Monthly,2027-12-01,Active
2026-06-01,CUST-0479,Starter,14,149.0,0.0,279.12,3349.5,Monthly,2027-12-01,Active
2025-01-01,CUST-0480,Enterprise,287,2499.0,0.0,8337.48,100049.76,Monthly,2026-11-01,Active
2025-02-01,CUST-0480,Enterprise,302,2499.0,0.0,8826.71,105920.49,Monthly,2026-11-01,Active
2025-03-01,CUST-0480,Enterprise,312,2499.0,0.0,9161.71,109940.52,Monthly,2026-11-01,Active
2025-04-01,CUST-0480,Enterprise,322,2499.0,0.0,9498.26,113979.15,Monthly,2026-11-01,Active
2025-05-01,CUST-0480,Enterprise,321,2499.0,0.0,9490.25,113883.0,Monthly,2026-11-01,Active
2025-06-01,CUST-0480,Enterprise,331,2499.0,0.0,9829.05,117948.6,Monthly,2026-11-01,Active
2025-07-01,CUST-0480,Enterprise,320,2499.0,0.0,9505.38,114064.56,Monthly,2026-11-01,Active
2025-08-01,CUST-0480,Enterprise,326,2499.0,0.0,9718.86,116626.35,Monthly,2026-11-01,Active
2025-09-01,CUST-0480,Enterprise,318,2499.0,0.0,9488.42,113861.1,Monthly,2026-11-01,Active
2025-10-01,CUST-0480,Enterprise,342,2499.0,0.0,10276.03,123312.33,Monthly,2026-11-01,Active
2025-11-01,CUST-0480,Enterprise,327,2499.0,0.0,9822.08,117864.96,Monthly,2026-11-01,Active
2025-12-01,CUST-0480,Enterprise,364,2499.0,0.0,11030.2,132362.37,Monthly,2026-11-01,Active
2026-01-01,CUST-0480,Enterprise,376,2499.0,0.0,11441.92,137303.1,Monthly,2027-11-01,Active
2026-02-01,CUST-0480,Enterprise,374,2499.0,0.0,11405.24,136862.85,Monthly,2027-11-01,Active
2026-03-01,CUST-0480,Enterprise,371,2499.0,0.0,11336.0,136032.0,Monthly,2027-11-01,Active
2026-04-01,CUST-0480,Enterprise,371,2499.0,0.0,11363.25,136359.0,Monthly,2027-11-01,Active
2026-05-01,CUST-0480,Enterprise,382,2499.0,0.0,11746.84,140962.14,Monthly,2027-11-01,Active
2026-06-01,CUST-0480,Enterprise,400,2499.0,0.0,12359.45,148313.43,Monthly,2027-11-01,Active
