month,customer_id,ticket_count,high_severity_tickets,avg_resolution_hours,csat_score
2025-01-01,CUST-0001,1,0,7.12,4.22
2025-02-01,CUST-0001,3,0,6.73,4.36
2025-03-01,CUST-0001,1,0,4.81,4.58
2025-04-01,CUST-0001,0,0,0.0,4.36
2025-05-01,CUST-0001,0,0,0.0,4.55
2025-06-01,CUST-0001,1,0,4.39,4.27
2025-07-01,CUST-0001,0,0,0.0,4.52
2025-08-01,CUST-0001,0,0,0.0,4.48
2025-09-01,CUST-0001,0,0,0.0,4.33
2025-10-01,CUST-0001,1,0,9.09,4.66
2025-11-01,CUST-0001,0,0,0.0,4.67
2025-12-01,CUST-0001,1,0,1.68,4.03
2026-01-01,CUST-0001,2,1,11.54,3.72
2026-02-01,CUST-0001,1,0,8.66,4.68
2026-03-01,CUST-0001,4,0,5.15,4.28
2026-04-01,CUST-0001,0,0,0.0,5.0
2026-05-01,CUST-0001,0,0,0.0,4.36
2026-06-01,CUST-0001,2,0,13.12,3.75
2025-01-01,CUST-0002,2,1,10.53,3.86
2025-02-01,CUST-0002,0,0,0.0,4.38
2025-03-01,CUST-0002,3,0,10.88,4.55
2025-04-01,CUST-0002,0,0,0.0,4.12
2025-05-01,CUST-0002,1,0,12.26,4.67
2025-06-01,CUST-0002,1,0,8.06,4.3
2025-07-01,CUST-0002,2,0,15.4,4.74
2025-08-01,CUST-0002,0,0,0.0,4.5
2025-09-01,CUST-0002,0,0,0.0,4.51
2025-10-01,CUST-0002,1,0,2.8,4.62
2025-11-01,CUST-0002,2,0,8.68,4.0
2025-12-01,CUST-0002,1,0,9.11,4.32
2026-01-01,CUST-0002,3,0,7.24,4.37
2026-02-01,CUST-0002,1,0,12.15,4.36
2026-03-01,CUST-0002,1,0,6.85,4.49
2026-04-01,CUST-0002,2,1,13.5,4.21
2026-05-01,CUST-0002,1,0,6.96,4.8
2026-06-01,CUST-0002,1,0,5.5,4.32
2025-01-01,CUST-0003,2,0,10.32,4.85
2025-02-01,CUST-0003,0,0,0.0,4.58
2025-03-01,CUST-0003,4,0,7.12,4.63
2025-04-01,CUST-0003,1,0,7.84,3.93
2025-05-01,CUST-0003,0,0,0.0,4.46
2025-06-01,CUST-0003,1,0,4.81,4.18
2025-07-01,CUST-0003,1,0,7.66,4.05
2025-08-01,CUST-0003,0,0,0.0,4.17
2025-09-01,CUST-0003,0,0,0.0,4.54
2025-10-01,CUST-0003,0,0,0.0,4.79
2025-11-01,CUST-0003,0,0,0.0,4.52
2025-12-01,CUST-0003,0,0,0.0,4.68
2026-01-01,CUST-0003,1,0,9.46,4.64
2026-02-01,CUST-0003,1,0,3.78,4.68
2026-03-01,CUST-0003,4,0,13.85,4.3
2026-04-01,CUST-0003,1,0,15.88,4.48
2026-05-01,CUST-0003,3,0,8.12,3.84
2026-06-01,CUST-0003,2,0,10.65,4.61
2025-01-01,CUST-0004,1,0,0.5,4.5
2025-02-01,CUST-0004,0,0,0.0,4.63
2025-03-01,CUST-0004,2,1,11.76,3.64
2025-04-01,CUST-0004,0,0,0.0,4.9
2025-05-01,CUST-0004,2,0,7.93,4.53
2025-06-01,CUST-0004,1,0,8.11,4.59
2025-07-01,CUST-0004,2,0,4.35,3.97
2025-08-01,CUST-0004,0,0,0.0,4.05
2025-09-01,CUST-0004,0,0,0.0,4.19
2025-10-01,CUST-0004,1,1,12.18,3.86
2025-11-01,CUST-0004,1,0,7.5,3.94
2025-12-01,CUST-0004,0,0,0.0,4.56
2025-03-01,CUST-0005,1,0,13.48,4.29
2025-04-01,CUST-0005,1,0,6.75,4.24
2025-05-01,CUST-0005,2,0,4.59,4.74
2025-06-01,CUST-0005,1,0,8.61,4.37
2025-07-01,CUST-0005,0,0,0.0,4.48
2025-08-01,CUST-0005,2,0,12.68,4.29
2025-09-01,CUST-0005,2,0,8.65,3.9
2025-10-01,CUST-0005,1,0,4.65,4.4
2025-11-01,CUST-0005,0,0,0.0,4.65
2025-12-01,CUST-0005,0,0,0.0,4.32
2026-01-01,CUST-0005,0,0,0.0,4.5
2026-02-01,CUST-0005,1,0,9.83,4.62
2026-03-01,CUST-0005,2,0,13.29,4.14
2026-04-01,CUST-0005,0,0,0.0,4.79
2026-05-01,CUST-0005,1,0,0.5,4.33
2026-06-01,CUST-0005,1,0,11.04,5.0
2025-09-01,CUST-0006,1,0,11.43,4.63
2025-10-01,CUST-0006,0,0,0.0,4.64
2025-11-01,CUST-0006,0,0,0.0,4.33
2025-12-01,CUST-0006,0,0,0.0,4.48
2026-01-01,CUST-0006,0,0,0.0,4.49
2026-02-01,CUST-0006,2,0,5.27,4.43
2026-03-01,CUST-0006,2,0,8.56,5.0
2026-04-01,CUST-0006,1,0,7.13,4.51
2026-05-01,CUST-0006,0,0,0.0,4.48
2026-06-01,CUST-0006,0,0,0.0,4.71
2025-03-01,CUST-0007,2,0,3.6,4.49
2025-04-01,CUST-0007,0,0,0.0,4.6
2025-05-01,CUST-0007,1,1,17.05,3.88
2025-06-01,CUST-0007,2,0,7.47,4.07
2025-07-01,CUST-0007,0,0,0.0,4.42
2025-08-01,CUST-0007,1,0,6.91,4.68
2025-09-01,CUST-0007,2,0,6.46,4.11
2025-10-01,CUST-0007,0,0,0.0,4.71
2025-11-01,CUST-0007,0,0,0.0,4.53
2025-12-01,CUST-0007,1,0,8.13,4.38
2026-01-01,CUST-0007,1,0,11.11,4.71
2026-02-01,CUST-0007,0,0,0.0,4.35
2026-03-01,CUST-0007,3,0,8.93,4.29
2026-04-01,CUST-0007,2,0,6.29,4.36
2026-05-01,CUST-0007,1,0,11.14,4.6
2026-06-01,CUST-0007,1,0,8.16,4.29
2025-01-01,CUST-0008,1,0,4.71,4.33
2025-02-01,CUST-0008,1,0,9.09,4.39
2025-03-01,CUST-0008,1,0,8.98,3.8
2025-04-01,CUST-0008,3,0,10.73,4.23
2025-05-01,CUST-0008,1,0,4.68,3.83
2025-06-01,CUST-0008,0,0,0.0,5.0
2025-07-01,CUST-0008,2,0,9.41,3.5
2025-08-01,CUST-0008,2,0,6.58,4.25
2025-09-01,CUST-0008,1,0,10.51,4.1
2025-10-01,CUST-0008,0,0,0.0,4.46
2025-11-01,CUST-0008,3,0,6.68,3.85
2025-12-01,CUST-0008,2,0,0.5,3.62
2026-01-01,CUST-0008,5,0,11.82,4.36
2026-02-01,CUST-0008,4,0,5.87,4.37
2026-03-01,CUST-0008,2,0,12.18,4.08
2026-04-01,CUST-0008,1,0,7.05,4.05
2026-05-01,CUST-0008,3,1,14.18,3.64
2026-06-01,CUST-0008,0,0,0.0,4.67
2025-01-01,CUST-0009,0,0,0.0,4.67
2025-02-01,CUST-0009,0,0,0.0,4.6
2025-03-01,CUST-0009,3,0,5.42,4.56
2025-04-01,CUST-0009,1,0,8.9,4.58
2025-05-01,CUST-0009,1,0,8.94,4.37
2025-06-01,CUST-0009,1,0,9.15,4.35
2025-07-01,CUST-0009,2,0,11.0,4.78
2025-08-01,CUST-0009,1,0,4.75,4.27
2025-09-01,CUST-0009,1,0,6.73,4.48
2025-10-01,CUST-0009,2,0,6.01,3.99
2025-11-01,CUST-0009,1,0,9.11,4.1
2025-12-01,CUST-0009,0,0,0.0,4.66
2026-01-01,CUST-0009,2,0,11.43,4.05
2026-02-01,CUST-0009,4,0,1.68,4.17
2026-03-01,CUST-0009,2,1,17.23,4.05
2026-04-01,CUST-0009,1,0,4.8,4.35
2026-05-01,CUST-0009,1,0,6.05,4.29
2026-06-01,CUST-0009,1,0,12.0,3.86
2025-01-01,CUST-0010,0,0,0.0,4.33
2025-02-01,CUST-0010,0,0,0.0,4.63
2025-03-01,CUST-0010,1,0,7.74,5.0
2025-04-01,CUST-0010,0,0,0.0,4.52
2025-05-01,CUST-0010,5,0,10.66,4.64
2025-06-01,CUST-0010,2,0,9.57,3.96
2025-07-01,CUST-0010,2,0,10.94,4.32
2025-08-01,CUST-0010,3,0,6.29,4.6
2025-09-01,CUST-0010,1,0,8.76,4.25
2025-10-01,CUST-0010,0,0,0.0,4.71
2025-11-01,CUST-0010,2,1,9.8,3.75
2025-12-01,CUST-0010,0,0,0.0,4.52
2026-01-01,CUST-0010,1,0,8.26,4.25
2026-02-01,CUST-0010,1,0,12.43,4.69
2026-03-01,CUST-0010,2,0,6.51,4.46
2026-04-01,CUST-0010,4,0,10.82,3.69
2026-05-01,CUST-0010,3,0,6.73,4.13
2026-06-01,CUST-0010,2,0,5.36,3.75
2025-06-01,CUST-0011,1,0,14.5,4.47
2025-07-01,CUST-0011,0,0,0.0,4.26
2025-08-01,CUST-0011,1,0,8.58,3.89
2025-09-01,CUST-0011,0,0,0.0,4.73
2025-10-01,CUST-0011,0,0,0.0,4.68
2025-11-01,CUST-0011,1,0,5.08,4.71
2025-12-01,CUST-0011,1,0,11.72,3.79
2026-01-01,CUST-0011,2,0,7.22,4.0
2026-02-01,CUST-0011,3,0,6.82,4.26
2026-03-01,CUST-0011,2,1,12.99,4.33
2026-04-01,CUST-0011,1,0,4.42,4.71
2026-05-01,CUST-0011,0,0,0.0,4.21
2026-06-01,CUST-0011,1,0,14.17,4.89
2025-01-01,CUST-0012,1,0,7.1,4.07
2025-02-01,CUST-0012,1,0,9.98,4.34
2025-03-01,CUST-0012,0,0,0.0,4.56
2025-04-01,CUST-0012,1,0,4.34,4.99
2025-05-01,CUST-0012,3,2,20.95,3.7
2025-06-01,CUST-0012,1,1,16.38,3.99
2025-07-01,CUST-0012,0,0,0.0,4.68
2025-08-01,CUST-0012,2,1,4.37,4.07
2025-09-01,CUST-0012,3,0,4.88,4.08
2025-10-01,CUST-0012,0,0,0.0,4.6
2025-11-01,CUST-0012,0,0,0.0,4.45
2025-12-01,CUST-0012,2,0,13.49,3.8
2026-01-01,CUST-0012,0,0,0.0,4.57
2026-02-01,CUST-0012,2,0,7.59,4.25
2026-03-01,CUST-0012,4,0,6.83,3.5
2026-04-01,CUST-0012,1,0,9.13,4.19
2026-05-01,CUST-0012,0,0,0.0,4.31
2026-06-01,CUST-0012,0,0,0.0,4.56
2025-03-01,CUST-0013,1,0,10.8,4.34
2025-04-01,CUST-0013,0,0,0.0,4.41
2025-05-01,CUST-0013,2,0,11.32,3.83
2025-06-01,CUST-0013,0,0,0.0,4.38
2025-07-01,CUST-0013,3,1,11.74,3.61
2025-08-01,CUST-0013,3,0,10.37,4.3
2025-09-01,CUST-0013,3,0,11.08,4.51
2025-10-01,CUST-0013,0,0,0.0,4.64
2025-11-01,CUST-0013,0,0,0.0,4.33
2025-12-01,CUST-0013,1,0,10.06,4.83
2026-01-01,CUST-0013,3,1,11.88,3.65
2026-02-01,CUST-0013,3,0,7.8,4.34
2026-03-01,CUST-0013,3,2,19.24,3.56
2026-04-01,CUST-0013,3,0,8.17,3.71
2026-05-01,CUST-0013,1,0,9.38,4.8
2026-06-01,CUST-0013,3,1,9.42,4.08
2025-01-01,CUST-0014,2,0,8.34,3.93
2025-02-01,CUST-0014,0,0,0.0,4.26
2025-03-01,CUST-0014,1,1,13.25,4.44
2025-04-01,CUST-0014,1,0,3.96,4.91
2025-05-01,CUST-0014,3,1,11.41,3.86
2025-06-01,CUST-0014,0,0,0.0,4.76
2025-07-01,CUST-0014,1,0,8.84,4.25
2025-08-01,CUST-0014,0,0,0.0,4.4
2025-09-01,CUST-0014,1,0,4.6,4.11
2025-10-01,CUST-0014,1,0,7.67,4.17
2025-11-01,CUST-0014,0,0,0.0,4.49
2025-12-01,CUST-0014,1,0,5.86,4.16
2026-01-01,CUST-0014,1,0,3.54,4.37
2026-02-01,CUST-0014,2,0,8.84,4.37
2025-01-01,CUST-0015,1,0,13.8,4.28
2025-02-01,CUST-0015,2,1,9.55,3.56
2025-03-01,CUST-0015,0,0,0.0,4.55
2025-04-01,CUST-0015,1,0,10.2,4.26
2025-05-01,CUST-0015,1,0,6.79,3.94
2025-06-01,CUST-0015,3,0,6.69,4.51
2025-07-01,CUST-0015,0,0,0.0,4.66
2025-08-01,CUST-0015,0,0,0.0,4.72
2025-09-01,CUST-0015,1,0,6.29,4.13
2025-10-01,CUST-0015,2,0,6.42,3.56
2025-11-01,CUST-0015,1,0,4.95,5.0
2025-12-01,CUST-0015,1,0,10.55,4.73
2026-01-01,CUST-0015,1,0,12.09,4.73
2026-02-01,CUST-0015,3,0,3.37,4.43
2026-03-01,CUST-0015,2,0,7.56,3.93
2026-04-01,CUST-0015,1,1,12.65,4.7
2026-05-01,CUST-0015,2,0,8.12,4.16
2026-06-01,CUST-0015,1,0,6.51,4.48
2025-09-01,CUST-0016,0,0,0.0,4.47
2025-10-01,CUST-0016,2,0,9.58,4.19
2025-11-01,CUST-0016,1,0,9.31,4.06
2025-12-01,CUST-0016,0,0,0.0,4.71
2026-01-01,CUST-0016,0,0,0.0,4.35
2026-02-01,CUST-0016,2,2,19.2,3.86
2026-03-01,CUST-0016,2,0,1.76,4.64
2026-04-01,CUST-0016,0,0,0.0,4.32
2026-05-01,CUST-0016,2,0,4.4,3.89
2026-06-01,CUST-0016,1,0,9.42,4.17
2025-07-01,CUST-0017,1,0,10.07,4.03
2025-08-01,CUST-0017,1,0,4.4,4.87
2025-09-01,CUST-0017,2,0,2.93,4.65
2025-10-01,CUST-0017,1,0,13.55,4.46
2025-11-01,CUST-0017,2,0,12.39,4.36
2025-12-01,CUST-0017,2,1,13.99,4.87
2026-01-01,CUST-0017,1,0,0.5,4.75
2026-02-01,CUST-0017,5,0,7.03,4.55
2026-03-01,CUST-0017,1,0,10.24,3.75
2026-04-01,CUST-0017,1,0,5.92,4.27
2026-05-01,CUST-0017,4,0,9.56,4.74
2026-06-01,CUST-0017,1,0,10.85,5.0
2025-11-01,CUST-0018,1,0,8.96,4.49
2025-12-01,CUST-0018,0,0,0.0,4.58
2026-01-01,CUST-0018,0,0,0.0,4.42
2026-02-01,CUST-0018,0,0,0.0,4.63
2026-03-01,CUST-0018,1,0,13.7,4.69
2026-04-01,CUST-0018,1,0,12.46,3.72
2026-05-01,CUST-0018,1,0,8.32,4.82
2026-06-01,CUST-0018,1,0,7.64,4.9
2025-01-01,CUST-0019,1,0,11.54,4.3
2025-02-01,CUST-0019,2,0,8.0,4.24
2025-03-01,CUST-0019,1,0,7.82,4.75
2025-04-01,CUST-0019,0,0,0.0,4.6
2025-05-01,CUST-0019,2,0,7.73,3.99
2025-06-01,CUST-0019,1,1,15.63,4.79
2025-07-01,CUST-0019,0,0,0.0,4.48
2025-08-01,CUST-0019,1,0,16.43,3.95
2025-09-01,CUST-0019,3,0,5.43,4.32
2025-10-01,CUST-0019,1,0,4.11,4.63
2025-11-01,CUST-0019,0,0,0.0,4.62
2025-12-01,CUST-0019,3,0,6.86,4.25
2026-01-01,CUST-0019,0,0,0.0,4.64
2026-02-01,CUST-0019,1,0,12.73,5.0
2026-03-01,CUST-0019,0,0,0.0,4.54
2026-04-01,CUST-0019,2,0,7.48,3.93
2026-05-01,CUST-0019,3,0,7.62,4.14
2026-06-01,CUST-0019,1,0,7.15,4.18
2025-01-01,CUST-0020,0,0,0.0,4.74
2025-02-01,CUST-0020,1,0,0.5,4.68
2025-03-01,CUST-0020,0,0,0.0,5.0
2025-04-01,CUST-0020,1,0,5.3,4.14
2025-05-01,CUST-0020,2,0,6.26,3.95
2025-06-01,CUST-0020,3,1,5.6,3.69
2025-07-01,CUST-0020,1,0,10.44,4.21
2025-08-01,CUST-0020,0,0,0.0,4.21
2025-09-01,CUST-0020,2,0,5.71,4.16
2025-10-01,CUST-0020,1,0,8.92,3.87
2025-11-01,CUST-0020,0,0,0.0,4.64
2025-12-01,CUST-0020,2,0,12.42,3.98
2026-01-01,CUST-0020,3,0,7.23,4.14
2026-02-01,CUST-0020,0,0,0.0,4.66
2026-03-01,CUST-0020,1,1,9.97,3.75
2026-04-01,CUST-0020,3,0,6.6,4.78
2026-05-01,CUST-0020,0,0,0.0,4.34
2026-06-01,CUST-0020,2,0,4.98,4.49
2025-04-01,CUST-0021,1,1,16.03,4.33
2025-05-01,CUST-0021,2,0,9.6,4.06
2025-06-01,CUST-0021,3,2,15.38,4.42
2025-07-01,CUST-0021,1,1,15.45,4.36
2025-08-01,CUST-0021,2,0,8.37,4.65
2025-09-01,CUST-0021,1,0,10.85,4.94
2025-10-01,CUST-0021,6,0,5.73,4.2
2025-11-01,CUST-0021,1,0,10.94,4.64
2025-12-01,CUST-0021,2,0,2.89,4.12
2026-01-01,CUST-0021,2,0,2.11,4.22
2026-02-01,CUST-0021,2,0,7.53,4.72
2026-03-01,CUST-0021,0,0,0.0,4.54
2026-04-01,CUST-0021,0,0,0.0,4.61
2026-05-01,CUST-0021,1,1,13.28,3.79
2026-06-01,CUST-0021,2,0,7.08,3.89
2026-03-01,CUST-0022,0,0,0.0,4.82
2026-04-01,CUST-0022,2,0,8.96,3.88
2026-05-01,CUST-0022,0,0,0.0,4.35
2026-06-01,CUST-0022,1,0,11.62,5.0
2025-04-01,CUST-0023,0,0,0.0,4.57
2025-05-01,CUST-0023,1,0,15.18,4.45
2025-06-01,CUST-0023,1,0,5.67,3.52
2025-07-01,CUST-0023,1,0,10.87,4.26
2025-08-01,CUST-0023,2,0,6.96,5.0
2025-09-01,CUST-0023,3,0,2.98,4.92
2025-10-01,CUST-0023,1,1,13.1,4.61
2025-11-01,CUST-0023,0,0,0.0,4.69
2025-12-01,CUST-0023,0,0,0.0,4.4
2026-01-01,CUST-0023,0,0,0.0,4.56
2026-02-01,CUST-0023,3,0,4.03,4.8
2026-03-01,CUST-0023,1,0,8.34,4.13
2026-04-01,CUST-0023,1,0,3.49,4.34
2026-05-01,CUST-0023,1,0,6.63,4.27
2026-06-01,CUST-0023,1,0,7.26,4.34
2025-01-01,CUST-0024,2,0,11.92,4.79
2025-02-01,CUST-0024,0,0,0.0,4.81
2025-03-01,CUST-0024,1,0,6.68,4.23
2025-04-01,CUST-0024,1,0,7.22,4.51
2025-05-01,CUST-0024,2,1,11.38,3.73
2025-06-01,CUST-0024,1,0,9.92,4.36
2025-07-01,CUST-0024,3,0,7.77,4.29
2025-08-01,CUST-0024,0,0,0.0,4.76
2025-09-01,CUST-0024,1,1,16.11,4.22
2025-10-01,CUST-0024,0,0,0.0,4.61
2025-11-01,CUST-0024,1,0,7.18,4.11
2025-12-01,CUST-0024,1,0,6.0,4.1
2026-01-01,CUST-0024,4,0,6.55,4.6
2026-02-01,CUST-0024,0,0,0.0,4.26
2026-03-01,CUST-0024,2,0,5.44,4.65
2026-04-01,CUST-0024,1,0,9.77,4.45
2026-05-01,CUST-0024,2,1,16.42,3.88
2026-06-01,CUST-0024,0,0,0.0,4.37
2025-01-01,CUST-0025,0,0,0.0,4.84
2025-02-01,CUST-0025,1,0,7.19,4.87
2025-03-01,CUST-0025,0,0,0.0,4.77
2025-04-01,CUST-0025,0,0,0.0,4.19
2025-05-01,CUST-0025,2,0,12.75,3.93
2025-06-01,CUST-0025,1,0,8.44,4.35
2025-07-01,CUST-0025,2,0,5.71,3.95
2025-08-01,CUST-0025,1,0,3.76,3.88
2025-09-01,CUST-0025,3,1,12.24,3.7
2025-10-01,CUST-0025,1,1,12.21,4.72
2025-11-01,CUST-0025,1,0,9.07,4.15
2025-12-01,CUST-0025,2,0,7.07,3.94
2026-01-01,CUST-0025,0,0,0.0,4.29
2026-02-01,CUST-0025,2,0,6.53,4.01
2026-03-01,CUST-0025,2,0,8.61,4.26
2026-04-01,CUST-0025,0,0,0.0,4.27
2026-05-01,CUST-0025,1,0,1.25,3.81
2026-06-01,CUST-0025,0,0,0.0,4.78
2026-04-01,CUST-0026,0,0,0.0,4.58
2026-05-01,CUST-0026,2,0,4.87,4.81
2026-06-01,CUST-0026,0,0,0.0,4.7
2025-02-01,CUST-0027,0,0,0.0,4.75
2025-03-01,CUST-0027,0,0,0.0,4.35
2025-04-01,CUST-0027,0,0,0.0,4.65
2025-05-01,CUST-0027,0,0,0.0,4.52
2025-06-01,CUST-0027,1,0,6.72,3.7
2025-07-01,CUST-0027,2,0,5.19,4.7
2025-08-01,CUST-0027,0,0,0.0,4.58
2025-09-01,CUST-0027,1,0,11.65,4.07
2025-10-01,CUST-0027,0,0,0.0,4.44
2025-11-01,CUST-0027,3,1,12.91,4.22
2025-12-01,CUST-0027,2,0,11.04,4.48
2026-01-01,CUST-0027,2,0,3.92,3.87
2026-02-01,CUST-0027,3,0,5.01,3.53
2026-03-01,CUST-0027,1,0,5.46,3.95
2026-04-01,CUST-0027,0,0,0.0,4.53
2025-08-01,CUST-0028,1,0,6.9,4.19
2025-09-01,CUST-0028,0,0,0.0,4.53
2025-10-01,CUST-0028,0,0,0.0,4.71
2025-11-01,CUST-0028,1,0,3.18,4.18
2025-12-01,CUST-0028,0,0,0.0,4.88
2026-01-01,CUST-0028,0,0,0.0,4.71
2026-02-01,CUST-0028,2,0,10.05,4.09
2026-03-01,CUST-0028,1,0,5.2,4.46
2026-04-01,CUST-0028,1,0,6.8,4.35
2026-05-01,CUST-0028,2,0,8.34,4.59
2026-06-01,CUST-0028,3,0,7.97,4.73
2025-01-01,CUST-0029,0,0,0.0,4.64
2025-02-01,CUST-0029,0,0,0.0,4.34
2025-03-01,CUST-0029,0,0,0.0,4.54
2025-04-01,CUST-0029,2,0,9.81,4.59
2025-05-01,CUST-0029,1,0,5.25,4.22
2025-06-01,CUST-0029,3,0,9.98,4.22
2025-07-01,CUST-0029,2,0,8.07,4.61
2025-08-01,CUST-0029,1,0,11.34,4.26
2025-09-01,CUST-0029,2,0,5.04,3.88
2025-10-01,CUST-0029,0,0,0.0,4.84
2025-11-01,CUST-0029,4,0,10.36,4.09
2025-12-01,CUST-0029,1,0,8.07,4.32
2026-01-01,CUST-0029,0,0,0.0,4.2
2026-02-01,CUST-0029,2,0,6.22,4.17
2026-03-01,CUST-0029,1,0,11.79,4.47
2026-04-01,CUST-0029,0,0,0.0,4.72
2026-05-01,CUST-0029,0,0,0.0,4.58
2026-06-01,CUST-0029,4,0,4.22,3.13
2025-01-01,CUST-0030,1,1,15.91,4.11
2025-02-01,CUST-0030,1,0,11.12,4.96
2025-03-01,CUST-0030,1,0,7.71,4.51
2025-04-01,CUST-0030,1,0,2.46,4.45
2025-05-01,CUST-0030,0,0,0.0,4.78
2025-06-01,CUST-0030,3,0,3.37,4.16
2025-07-01,CUST-0030,1,0,5.34,4.18
2025-08-01,CUST-0030,1,0,6.92,4.47
2025-09-01,CUST-0030,0,0,0.0,4.43
2025-10-01,CUST-0030,1,0,6.79,3.95
2025-11-01,CUST-0030,2,0,4.9,4.67
2025-12-01,CUST-0030,2,0,6.59,4.19
2026-01-01,CUST-0030,1,0,6.01,4.42
2026-02-01,CUST-0030,6,0,8.9,3.96
2026-03-01,CUST-0030,3,1,10.46,4.17
2026-04-01,CUST-0030,0,0,0.0,4.72
2026-05-01,CUST-0030,1,0,5.87,4.26
2026-06-01,CUST-0030,0,0,0.0,4.61
2026-03-01,CUST-0031,1,0,7.68,4.56
2026-04-01,CUST-0031,2,1,10.26,4.46
2026-05-01,CUST-0031,1,0,9.16,4.42
2026-06-01,CUST-0031,0,0,0.0,4.6
2025-12-01,CUST-0032,0,0,0.0,4.42
2026-01-01,CUST-0032,1,0,8.59,4.51
2026-02-01,CUST-0032,1,0,4.85,4.34
2026-03-01,CUST-0032,0,0,0.0,4.48
2026-04-01,CUST-0032,2,0,5.47,4.63
2026-05-01,CUST-0032,3,0,6.68,3.81
2026-06-01,CUST-0032,3,0,3.28,4.59
2025-04-01,CUST-0033,1,0,5.13,3.96
2025-05-01,CUST-0033,3,0,5.44,4.31
2025-06-01,CUST-0033,0,0,0.0,4.59
2025-07-01,CUST-0033,0,0,0.0,4.51
2025-08-01,CUST-0033,3,0,3.7,4.38
2025-09-01,CUST-0033,0,0,0.0,4.82
2025-10-01,CUST-0033,1,0,12.14,4.39
2025-11-01,CUST-0033,2,0,7.35,4.46
2025-12-01,CUST-0033,0,0,0.0,4.49
2026-01-01,CUST-0033,1,0,7.83,4.01
2026-02-01,CUST-0033,1,0,4.83,4.21
2026-03-01,CUST-0033,3,0,6.62,4.38
2026-04-01,CUST-0033,2,0,9.99,4.46
2026-05-01,CUST-0033,1,0,9.41,4.68
2026-06-01,CUST-0033,1,1,13.72,4.17
2025-04-01,CUST-0034,1,0,3.02,4.47
2025-05-01,CUST-0034,0,0,0.0,4.33
2025-06-01,CUST-0034,3,0,12.7,3.73
2025-07-01,CUST-0034,1,0,5.7,3.06
2025-08-01,CUST-0034,2,0,8.56,4.95
2025-09-01,CUST-0034,1,0,12.96,4.92
2025-10-01,CUST-0034,0,0,0.0,4.4
2025-11-01,CUST-0034,1,0,10.83,4.11
2025-12-01,CUST-0034,1,0,6.75,4.64
2026-01-01,CUST-0034,3,0,6.1,4.67
2026-02-01,CUST-0034,3,0,17.13,4.41
2026-03-01,CUST-0034,2,0,9.85,4.38
2026-04-01,CUST-0034,1,0,4.76,4.15
2026-05-01,CUST-0034,0,0,0.0,4.58
2026-06-01,CUST-0034,1,0,12.03,4.39
2025-05-01,CUST-0035,0,0,0.0,4.2
2025-06-01,CUST-0035,1,0,10.72,3.76
2025-07-01,CUST-0035,0,0,0.0,4.56
2025-08-01,CUST-0035,2,1,14.62,3.73
2025-09-01,CUST-0035,0,0,0.0,4.28
2025-10-01,CUST-0035,0,0,0.0,4.55
2025-11-01,CUST-0035,0,0,0.0,4.56
2025-12-01,CUST-0035,1,0,10.82,4.76
2025-01-01,CUST-0036,1,0,3.01,4.46
2025-02-01,CUST-0036,2,0,7.02,4.13
2025-03-01,CUST-0036,2,0,5.87,4.54
2025-04-01,CUST-0036,0,0,0.0,4.38
2025-05-01,CUST-0036,2,0,10.16,4.07
2025-06-01,CUST-0036,0,0,0.0,4.71
2025-07-01,CUST-0036,1,0,1.69,4.43
2025-08-01,CUST-0036,0,0,0.0,4.32
2025-09-01,CUST-0036,2,0,8.53,4.49
2025-10-01,CUST-0036,4,1,10.01,3.55
2025-11-01,CUST-0036,0,0,0.0,4.49
2025-12-01,CUST-0036,0,0,0.0,4.66
2026-01-01,CUST-0036,0,0,0.0,4.58
2026-02-01,CUST-0036,3,0,8.92,4.85
2026-03-01,CUST-0036,1,0,3.05,4.2
2026-04-01,CUST-0036,0,0,0.0,4.68
2026-05-01,CUST-0036,2,0,12.96,4.35
2026-06-01,CUST-0036,0,0,0.0,4.63
2025-11-01,CUST-0037,0,0,0.0,4.58
2025-12-01,CUST-0037,1,0,4.89,4.33
2026-01-01,CUST-0037,0,0,0.0,4.89
2026-02-01,CUST-0037,2,0,11.47,4.0
2026-03-01,CUST-0037,1,0,1.87,4.12
2026-04-01,CUST-0037,2,0,4.92,4.62
2026-05-01,CUST-0037,0,0,0.0,4.86
2026-06-01,CUST-0037,0,0,0.0,4.62
2025-01-01,CUST-0038,2,0,7.84,4.41
2025-02-01,CUST-0038,0,0,0.0,4.82
2025-03-01,CUST-0038,1,0,4.9,4.77
2025-04-01,CUST-0038,1,0,7.42,3.59
2025-05-01,CUST-0038,0,0,0.0,4.44
2025-06-01,CUST-0038,0,0,0.0,4.84
2025-07-01,CUST-0038,0,0,0.0,5.0
2025-08-01,CUST-0038,1,0,5.35,4.68
2025-09-01,CUST-0038,0,0,0.0,4.81
2025-10-01,CUST-0038,0,0,0.0,4.7
2025-11-01,CUST-0038,1,0,10.87,4.3
2025-12-01,CUST-0038,2,0,6.67,4.12
2026-01-01,CUST-0038,1,0,3.76,4.22
2026-02-01,CUST-0038,2,1,11.49,3.4
2026-03-01,CUST-0038,0,0,0.0,4.51
2026-04-01,CUST-0038,0,0,0.0,4.22
2026-05-01,CUST-0038,0,0,0.0,4.49
2026-06-01,CUST-0038,1,0,7.02,4.77
2026-04-01,CUST-0039,2,0,7.73,4.4
2026-05-01,CUST-0039,0,0,0.0,4.7
2026-06-01,CUST-0039,2,0,5.12,3.9
2025-01-01,CUST-0040,0,0,0.0,4.44
2025-02-01,CUST-0040,0,0,0.0,4.61
2025-03-01,CUST-0040,3,0,8.84,4.15
2025-04-01,CUST-0040,0,0,0.0,4.59
2025-05-01,CUST-0040,0,0,0.0,4.52
2025-06-01,CUST-0040,0,0,0.0,4.67
2025-07-01,CUST-0040,1,0,3.71,4.05
2025-08-01,CUST-0040,0,0,0.0,4.44
2025-09-01,CUST-0040,0,0,0.0,4.62
2025-10-01,CUST-0040,2,0,4.32,4.79
2025-11-01,CUST-0040,3,0,4.53,3.85
2025-12-01,CUST-0040,1,0,7.53,3.94
2026-01-01,CUST-0040,0,0,0.0,4.89
2026-02-01,CUST-0040,1,0,6.87,4.19
2026-03-01,CUST-0040,3,1,9.1,3.72
2026-04-01,CUST-0040,1,0,11.94,4.68
2026-05-01,CUST-0040,0,0,0.0,4.47
2026-06-01,CUST-0040,0,0,0.0,4.75
2025-02-01,CUST-0041,2,0,4.03,4.25
2025-03-01,CUST-0041,2,0,4.53,4.06
2025-04-01,CUST-0041,0,0,0.0,4.9
2025-05-01,CUST-0041,2,0,9.69,4.28
2025-06-01,CUST-0041,1,0,2.79,4.89
2025-07-01,CUST-0041,1,0,1.81,4.77
2025-08-01,CUST-0041,1,0,10.95,4.86
2025-09-01,CUST-0041,0,0,0.0,4.83
2025-10-01,CUST-0041,1,0,9.05,4.59
2025-11-01,CUST-0041,3,0,6.38,4.87
2025-12-01,CUST-0041,0,0,0.0,4.51
2026-01-01,CUST-0041,2,0,6.09,4.65
2026-02-01,CUST-0041,2,0,3.65,4.2
2026-03-01,CUST-0041,2,1,10.31,3.8
2026-04-01,CUST-0041,4,0,5.39,4.43
2026-05-01,CUST-0041,2,0,8.69,4.08
2026-06-01,CUST-0041,1,0,7.9,4.39
2025-11-01,CUST-0042,2,0,8.82,4.19
2025-12-01,CUST-0042,0,0,0.0,4.48
2026-01-01,CUST-0042,0,0,0.0,4.71
2026-02-01,CUST-0042,4,0,7.4,4.17
2026-03-01,CUST-0042,4,0,14.47,4.24
2026-04-01,CUST-0042,1,0,1.13,5.0
2026-05-01,CUST-0042,0,0,0.0,4.66
2026-06-01,CUST-0042,1,0,6.41,4.2
2025-01-01,CUST-0043,1,0,10.1,4.22
2025-02-01,CUST-0043,1,0,8.12,3.8
2025-03-01,CUST-0043,1,0,9.9,3.91
2025-04-01,CUST-0043,0,0,0.0,4.68
2025-05-01,CUST-0043,1,0,7.24,4.45
2025-06-01,CUST-0043,0,0,0.0,4.51
2025-07-01,CUST-0043,0,0,0.0,4.59
2025-08-01,CUST-0043,1,0,5.47,3.46
2025-09-01,CUST-0043,1,1,13.23,4.32
2025-10-01,CUST-0043,1,0,8.18,4.35
2025-11-01,CUST-0043,3,1,15.5,4.28
2025-12-01,CUST-0043,0,0,0.0,4.39
2026-01-01,CUST-0043,1,0,5.66,3.87
2026-02-01,CUST-0043,2,0,2.15,5.0
2026-03-01,CUST-0043,1,0,7.93,4.49
2026-04-01,CUST-0043,0,0,0.0,4.58
2026-05-01,CUST-0043,0,0,0.0,4.44
2026-06-01,CUST-0043,1,0,7.75,3.97
2025-12-01,CUST-0044,2,0,7.59,3.89
2026-01-01,CUST-0044,2,0,6.68,4.35
2026-02-01,CUST-0044,3,0,6.21,4.36
2026-03-01,CUST-0044,0,0,0.0,4.77
2026-04-01,CUST-0044,2,0,5.9,3.88
2026-05-01,CUST-0044,0,0,0.0,4.56
2026-06-01,CUST-0044,1,0,5.79,4.51
2025-01-01,CUST-0045,3,0,7.63,4.02
2025-02-01,CUST-0045,2,0,11.99,4.05
2025-03-01,CUST-0045,1,0,6.17,4.36
2025-04-01,CUST-0045,0,0,0.0,4.69
2025-05-01,CUST-0045,2,0,7.66,3.85
2025-06-01,CUST-0045,2,0,10.16,3.62
2025-07-01,CUST-0045,1,0,7.62,4.95
2025-08-01,CUST-0045,0,0,0.0,4.67
2025-09-01,CUST-0045,0,0,0.0,4.3
2025-10-01,CUST-0045,0,0,0.0,4.58
2025-11-01,CUST-0045,1,0,10.02,4.89
2025-12-01,CUST-0045,0,0,0.0,4.44
2026-01-01,CUST-0045,1,0,5.93,4.56
2026-02-01,CUST-0045,2,0,10.58,4.05
2026-03-01,CUST-0045,1,0,9.9,4.67
2026-04-01,CUST-0045,1,0,7.91,4.86
2026-05-01,CUST-0045,1,0,10.56,3.94
2026-06-01,CUST-0045,1,0,8.81,4.13
2025-08-01,CUST-0046,3,0,5.4,4.04
2025-09-01,CUST-0046,2,0,7.92,4.39
2025-10-01,CUST-0046,1,0,6.07,4.65
2025-11-01,CUST-0046,0,0,0.0,4.65
2025-12-01,CUST-0046,1,0,6.47,4.52
2026-01-01,CUST-0046,0,0,0.0,4.71
2026-02-01,CUST-0046,1,0,8.93,4.81
2026-03-01,CUST-0046,1,0,6.99,4.37
2026-04-01,CUST-0046,2,0,7.36,3.9
2026-05-01,CUST-0046,0,0,0.0,4.7
2026-06-01,CUST-0046,1,0,8.03,4.44
2025-01-01,CUST-0047,1,0,6.15,4.89
2025-02-01,CUST-0047,0,0,0.0,4.16
2025-03-01,CUST-0047,0,0,0.0,5.0
2025-04-01,CUST-0047,0,0,0.0,4.52
2025-05-01,CUST-0047,0,0,0.0,4.44
2025-06-01,CUST-0047,2,0,7.36,4.17
2025-07-01,CUST-0047,1,0,8.66,4.29
2025-08-01,CUST-0047,1,0,7.59,4.3
2025-09-01,CUST-0047,1,0,2.14,3.89
2025-10-01,CUST-0047,0,0,0.0,4.45
2025-11-01,CUST-0047,0,0,0.0,4.46
2025-12-01,CUST-0047,1,0,7.2,4.8
2026-01-01,CUST-0047,0,0,0.0,4.27
2026-02-01,CUST-0047,5,0,8.14,4.07
2026-03-01,CUST-0047,2,0,5.48,3.85
2026-04-01,CUST-0047,0,0,0.0,4.76
2026-05-01,CUST-0047,1,0,6.91,3.93
2026-06-01,CUST-0047,2,0,2.95,4.96
2025-10-01,CUST-0048,3,0,5.79,4.32
2025-11-01,CUST-0048,1,0,10.8,4.02
2025-12-01,CUST-0048,0,0,0.0,4.49
2026-01-01,CUST-0048,1,0,10.57,3.56
2026-02-01,CUST-0048,2,0,9.04,4.44
2026-03-01,CUST-0048,0,0,0.0,4.73
2026-04-01,CUST-0048,2,0,8.07,4.31
2026-05-01,CUST-0048,2,0,10.61,4.03
2026-06-01,CUST-0048,0,0,0.0,4.86
2025-07-01,CUST-0049,1,0,2.65,5.0
2025-08-01,CUST-0049,0,0,0.0,4.55
2025-09-01,CUST-0049,1,0,6.26,4.2
2025-10-01,CUST-0049,0,0,0.0,4.58
2025-11-01,CUST-0049,2,0,5.93,4.51
2025-12-01,CUST-0049,2,0,9.91,4.35
2026-01-01,CUST-0049,0,0,0.0,4.42
2026-02-01,CUST-0049,3,0,9.24,4.79
2026-03-01,CUST-0049,1,0,7.19,4.29
2026-04-01,CUST-0049,0,0,0.0,4.61
2026-05-01,CUST-0049,0,0,0.0,4.44
2026-06-01,CUST-0049,0,0,0.0,4.58
2025-06-01,CUST-0050,1,0,4.55,3.93
2025-07-01,CUST-0050,1,0,5.52,4.43
2025-08-01,CUST-0050,0,0,0.0,4.33
2025-09-01,CUST-0050,3,1,16.36,4.44
2025-10-01,CUST-0050,2,0,8.46,4.47
2025-11-01,CUST-0050,1,0,8.22,4.32
2025-12-01,CUST-0050,1,0,13.72,4.79
2026-01-01,CUST-0050,2,0,8.09,4.3
2026-02-01,CUST-0050,3,0,7.66,4.07
2026-03-01,CUST-0050,0,0,0.0,4.59
2025-01-01,CUST-0051,1,0,5.2,4.55
2025-02-01,CUST-0051,0,0,0.0,4.48
2025-03-01,CUST-0051,4,0,5.06,4.51
2025-04-01,CUST-0051,4,0,6.66,4.34
2025-05-01,CUST-0051,1,0,8.87,4.84
2025-06-01,CUST-0051,0,0,0.0,4.74
2025-07-01,CUST-0051,1,0,9.52,4.79
2025-08-01,CUST-0051,2,0,12.49,4.06
2025-09-01,CUST-0051,0,0,0.0,4.62
2025-07-01,CUST-0052,1,0,1.4,4.59
2025-08-01,CUST-0052,2,0,5.88,4.33
2025-09-01,CUST-0052,0,0,0.0,4.55
2025-10-01,CUST-0052,3,2,20.15,3.68
2025-11-01,CUST-0052,1,0,3.83,3.91
2025-12-01,CUST-0052,1,0,9.29,4.34
2026-01-01,CUST-0052,1,1,7.58,4.43
2026-02-01,CUST-0052,3,0,2.02,4.02
2026-03-01,CUST-0052,3,0,1.71,3.89
2026-04-01,CUST-0052,1,1,10.36,3.7
2026-05-01,CUST-0052,4,0,3.8,4.7
2025-04-01,CUST-0053,0,0,0.0,4.7
2025-05-01,CUST-0053,0,0,0.0,4.78
2025-06-01,CUST-0053,0,0,0.0,4.66
2025-07-01,CUST-0053,2,0,10.08,4.89
2025-08-01,CUST-0053,2,0,7.89,4.11
2025-09-01,CUST-0053,0,0,0.0,4.98
2025-10-01,CUST-0053,0,0,0.0,4.57
2025-11-01,CUST-0053,0,0,0.0,4.6
2025-12-01,CUST-0053,1,0,7.9,5.0
2025-01-01,CUST-0054,2,0,5.63,4.22
2025-02-01,CUST-0054,1,0,9.85,5.0
2025-03-01,CUST-0054,1,0,9.02,4.76
2025-04-01,CUST-0054,2,0,9.41,4.36
2025-05-01,CUST-0054,0,0,0.0,4.9
2025-06-01,CUST-0054,0,0,0.0,4.7
2025-07-01,CUST-0054,1,0,8.28,4.33
2025-08-01,CUST-0054,0,0,0.0,4.65
2025-09-01,CUST-0054,2,0,11.59,4.19
2025-10-01,CUST-0054,1,0,9.82,4.37
2025-11-01,CUST-0054,3,0,7.13,4.02
2025-12-01,CUST-0054,3,0,3.31,4.5
2026-01-01,CUST-0054,2,0,3.92,4.44
2026-02-01,CUST-0054,1,1,12.18,3.96
2026-03-01,CUST-0054,1,0,10.78,4.25
2026-04-01,CUST-0054,0,0,0.0,4.63
2026-05-01,CUST-0054,1,0,4.68,3.97
2026-06-01,CUST-0054,2,0,7.03,4.49
2025-01-01,CUST-0055,3,2,16.59,3.05
2025-02-01,CUST-0055,0,0,0.0,4.54
2025-03-01,CUST-0055,0,0,0.0,4.44
2025-04-01,CUST-0055,1,0,8.4,4.37
2025-05-01,CUST-0055,1,0,9.29,4.74
2025-06-01,CUST-0055,2,0,8.01,3.99
2025-07-01,CUST-0055,1,0,5.38,3.85
2025-08-01,CUST-0055,0,0,0.0,4.66
2025-09-01,CUST-0055,2,0,7.41,4.63
2025-10-01,CUST-0055,5,0,1.8,4.42
2025-11-01,CUST-0055,2,0,5.49,3.96
2025-12-01,CUST-0055,1,0,5.82,4.6
2026-01-01,CUST-0055,1,0,3.7,4.52
2026-02-01,CUST-0055,0,0,0.0,4.53
2026-03-01,CUST-0055,2,0,6.4,4.22
2026-04-01,CUST-0055,1,0,7.08,4.27
2026-05-01,CUST-0055,1,0,12.02,3.89
2026-06-01,CUST-0055,2,0,9.84,4.13
2025-09-01,CUST-0056,3,0,4.67,4.82
2025-10-01,CUST-0056,0,0,0.0,4.07
2025-11-01,CUST-0056,1,0,5.31,3.6
2025-12-01,CUST-0056,0,0,0.0,4.73
2026-01-01,CUST-0056,1,0,6.77,3.8
2026-02-01,CUST-0056,2,0,9.04,4.41
2026-03-01,CUST-0056,1,0,7.2,4.34
2026-04-01,CUST-0056,0,0,0.0,4.26
2026-05-01,CUST-0056,0,0,0.0,4.18
2026-06-01,CUST-0056,0,0,0.0,4.63
2026-04-01,CUST-0057,0,0,0.0,4.53
2026-05-01,CUST-0057,3,0,4.61,4.22
2026-06-01,CUST-0057,0,0,0.0,4.29
2025-11-01,CUST-0058,4,0,12.3,4.04
2025-12-01,CUST-0058,1,0,7.84,4.44
2026-01-01,CUST-0058,3,0,7.36,4.85
2026-02-01,CUST-0058,1,0,2.6,4.02
2026-03-01,CUST-0058,1,0,4.63,4.3
2026-04-01,CUST-0058,2,0,5.85,4.13
2026-05-01,CUST-0058,1,0,5.8,4.47
2026-06-01,CUST-0058,3,0,4.5,4.03
2025-11-01,CUST-0059,3,0,8.59,4.19
2025-12-01,CUST-0059,2,0,14.56,4.56
2026-01-01,CUST-0059,0,0,0.0,4.58
2026-02-01,CUST-0059,1,0,4.33,4.32
2026-03-01,CUST-0059,1,0,9.73,4.4
2026-04-01,CUST-0059,2,0,9.77,3.99
2026-05-01,CUST-0059,1,0,7.84,3.7
2026-06-01,CUST-0059,0,0,0.0,4.3
2025-01-01,CUST-0060,2,0,6.78,4.3
2025-02-01,CUST-0060,0,0,0.0,4.62
2025-03-01,CUST-0060,1,0,3.38,4.38
2025-04-01,CUST-0060,1,0,5.0,4.64
2025-05-01,CUST-0060,1,1,5.92,3.75
2025-06-01,CUST-0060,1,0,14.55,4.32
2025-07-01,CUST-0060,1,0,4.07,4.5
2025-08-01,CUST-0060,0,0,0.0,4.74
2025-09-01,CUST-0060,0,0,0.0,4.42
2025-10-01,CUST-0060,1,0,6.91,4.45
2025-11-01,CUST-0060,1,0,9.15,4.01
2025-12-01,CUST-0060,1,0,7.7,4.77
2026-01-01,CUST-0060,1,0,6.02,4.83
2026-02-01,CUST-0060,1,0,6.16,4.39
2026-03-01,CUST-0060,0,0,0.0,4.23
2026-04-01,CUST-0060,0,0,0.0,4.71
2026-05-01,CUST-0060,2,0,7.32,4.26
2026-06-01,CUST-0060,0,0,0.0,4.66
2025-01-01,CUST-0061,0,0,0.0,4.67
2025-02-01,CUST-0061,1,1,9.34,3.94
2025-03-01,CUST-0061,1,0,10.8,4.2
2025-04-01,CUST-0061,2,1,12.7,4.32
2025-05-01,CUST-0061,0,0,0.0,4.41
2025-06-01,CUST-0061,0,0,0.0,4.84
2025-07-01,CUST-0061,1,0,5.27,4.49
2025-08-01,CUST-0061,2,0,7.12,4.36
2025-09-01,CUST-0061,1,1,8.25,4.31
2025-10-01,CUST-0061,2,0,5.98,4.56
2025-01-01,CUST-0062,0,0,0.0,4.5
2025-02-01,CUST-0062,0,0,0.0,4.56
2025-03-01,CUST-0062,0,0,0.0,4.46
2025-04-01,CUST-0062,0,0,0.0,4.59
2025-05-01,CUST-0062,2,0,4.39,4.17
2025-06-01,CUST-0062,1,0,8.57,4.11
2025-07-01,CUST-0062,0,0,0.0,4.3
2025-08-01,CUST-0062,0,0,0.0,4.21
2025-09-01,CUST-0062,2,0,5.92,4.1
2025-10-01,CUST-0062,1,0,6.49,4.78
2025-11-01,CUST-0062,1,0,9.35,4.2
2025-12-01,CUST-0062,1,0,6.82,4.23
2026-01-01,CUST-0062,2,0,4.15,4.09
2026-02-01,CUST-0062,1,0,8.37,3.62
2026-03-01,CUST-0062,0,0,0.0,4.22
2026-04-01,CUST-0062,1,0,3.16,4.46
2026-05-01,CUST-0062,2,0,5.76,4.29
2026-06-01,CUST-0062,3,0,9.2,4.36
2025-01-01,CUST-0063,3,0,8.87,4.56
2025-02-01,CUST-0063,2,0,8.54,4.21
2025-03-01,CUST-0063,3,0,12.42,4.3
2025-04-01,CUST-0063,1,1,11.93,4.46
2025-05-01,CUST-0063,2,0,7.18,4.4
2025-06-01,CUST-0063,0,0,0.0,4.51
2025-07-01,CUST-0063,2,0,9.59,4.04
2025-08-01,CUST-0063,2,0,9.68,4.13
2025-09-01,CUST-0063,3,0,11.75,4.75
2025-10-01,CUST-0063,1,0,7.12,4.24
2025-11-01,CUST-0063,2,0,7.64,4.26
2025-12-01,CUST-0063,0,0,0.0,4.63
2026-01-01,CUST-0063,2,0,9.38,5.0
2025-01-01,CUST-0064,0,0,0.0,4.55
2025-02-01,CUST-0064,0,0,0.0,4.41
2025-03-01,CUST-0064,0,0,0.0,4.57
2025-04-01,CUST-0064,0,0,0.0,4.71
2025-05-01,CUST-0064,2,0,7.92,4.43
2025-06-01,CUST-0064,0,0,0.0,4.49
2025-07-01,CUST-0064,2,0,11.71,4.36
2025-08-01,CUST-0064,2,0,6.73,3.86
2025-09-01,CUST-0064,3,0,5.21,4.15
2025-10-01,CUST-0064,0,0,0.0,4.59
2025-11-01,CUST-0064,1,1,14.81,3.87
2025-12-01,CUST-0064,1,0,9.88,3.97
2026-01-01,CUST-0064,2,0,8.38,4.35
2026-02-01,CUST-0064,4,1,15.13,3.95
2026-03-01,CUST-0064,1,0,7.93,4.09
2026-04-01,CUST-0064,1,0,13.5,4.61
2026-05-01,CUST-0064,1,0,8.13,4.34
2026-06-01,CUST-0064,0,0,0.0,4.36
2025-12-01,CUST-0065,3,0,7.1,3.96
2026-01-01,CUST-0065,1,0,11.62,4.35
2026-02-01,CUST-0065,1,0,3.11,4.08
2026-03-01,CUST-0065,3,0,10.93,4.54
2026-04-01,CUST-0065,3,0,11.38,4.31
2026-05-01,CUST-0065,7,0,10.49,3.69
2026-06-01,CUST-0065,1,0,6.03,4.02
2025-02-01,CUST-0066,0,0,0.0,4.7
2025-03-01,CUST-0066,0,0,0.0,4.36
2025-04-01,CUST-0066,0,0,0.0,4.67
2025-05-01,CUST-0066,0,0,0.0,4.62
2025-06-01,CUST-0066,0,0,0.0,4.7
2025-07-01,CUST-0066,0,0,0.0,4.94
2025-08-01,CUST-0066,0,0,0.0,4.52
2025-09-01,CUST-0066,2,0,3.01,4.37
2025-10-01,CUST-0066,0,0,0.0,4.65
2025-11-01,CUST-0066,2,0,6.14,4.15
2025-12-01,CUST-0066,0,0,0.0,4.47
2026-01-01,CUST-0066,0,0,0.0,4.54
2026-02-01,CUST-0066,2,0,6.38,4.46
2026-03-01,CUST-0066,4,0,9.6,3.91
2026-04-01,CUST-0066,1,0,4.91,4.64
2026-05-01,CUST-0066,4,0,6.15,4.3
2026-06-01,CUST-0066,2,0,4.58,3.82
2025-06-01,CUST-0067,0,0,0.0,4.43
2025-07-01,CUST-0067,0,0,0.0,4.6
2025-08-01,CUST-0067,0,0,0.0,4.5
2025-09-01,CUST-0067,3,0,7.91,4.4
2025-10-01,CUST-0067,0,0,0.0,4.49
2025-11-01,CUST-0067,1,0,10.73,5.0
2025-12-01,CUST-0067,0,0,0.0,4.53
2026-01-01,CUST-0067,0,0,0.0,4.51
2026-02-01,CUST-0067,2,0,6.99,4.76
2026-03-01,CUST-0067,0,0,0.0,4.61
2026-04-01,CUST-0067,2,0,8.76,5.0
2026-05-01,CUST-0067,1,0,8.52,4.01
2026-06-01,CUST-0067,0,0,0.0,4.81
2025-11-01,CUST-0068,1,0,4.34,3.99
2025-12-01,CUST-0068,1,0,5.6,3.65
2026-01-01,CUST-0068,0,0,0.0,4.52
2026-02-01,CUST-0068,2,0,8.5,4.26
2026-03-01,CUST-0068,0,0,0.0,4.35
2026-04-01,CUST-0068,2,1,13.32,4.16
2026-05-01,CUST-0068,0,0,0.0,4.76
2026-06-01,CUST-0068,0,0,0.0,4.7
2025-09-01,CUST-0069,3,1,9.03,3.93
2025-10-01,CUST-0069,2,0,6.32,4.03
2025-11-01,CUST-0069,3,0,5.59,4.4
2025-12-01,CUST-0069,1,0,11.43,4.47
2026-01-01,CUST-0069,2,0,10.74,4.33
2026-02-01,CUST-0069,4,0,10.93,4.33
2026-03-01,CUST-0069,2,0,12.13,4.44
2026-04-01,CUST-0069,1,0,6.77,4.66
2026-05-01,CUST-0069,1,0,7.34,3.78
2026-06-01,CUST-0069,0,0,0.0,4.53
2025-12-01,CUST-0070,0,0,0.0,4.68
2026-01-01,CUST-0070,2,0,9.97,4.18
2026-02-01,CUST-0070,1,1,14.12,3.37
2026-03-01,CUST-0070,2,0,8.38,4.75
2026-04-01,CUST-0070,0,0,0.0,4.59
2026-05-01,CUST-0070,1,0,4.88,5.0
2026-06-01,CUST-0070,2,0,9.29,4.15
2025-01-01,CUST-0071,1,0,10.57,4.59
2025-02-01,CUST-0071,5,0,7.56,4.55
2025-03-01,CUST-0071,2,0,10.27,4.66
2025-04-01,CUST-0071,0,0,0.0,4.38
2025-05-01,CUST-0071,3,0,6.04,4.29
2025-06-01,CUST-0071,1,0,5.29,5.0
2025-07-01,CUST-0071,0,0,0.0,4.79
2025-08-01,CUST-0071,2,0,7.39,4.31
2025-09-01,CUST-0071,0,0,0.0,4.39
2025-10-01,CUST-0071,1,0,10.11,5.0
2025-11-01,CUST-0071,3,0,9.32,4.24
2025-12-01,CUST-0071,0,0,0.0,4.5
2026-01-01,CUST-0071,2,0,6.67,4.17
2026-02-01,CUST-0071,6,0,5.73,4.2
2026-03-01,CUST-0071,4,0,8.74,4.46
2026-04-01,CUST-0071,1,0,9.81,4.62
2026-05-01,CUST-0071,1,0,10.93,3.95
2026-06-01,CUST-0071,0,0,0.0,4.54
2025-02-01,CUST-0072,1,0,7.34,4.72
2025-03-01,CUST-0072,4,1,13.47,4.01
2025-04-01,CUST-0072,1,0,9.93,3.46
2025-05-01,CUST-0072,1,0,5.58,4.3
2025-06-01,CUST-0072,2,0,5.5,4.26
2025-07-01,CUST-0072,6,1,13.67,3.61
2025-08-01,CUST-0072,1,1,12.54,3.86
2025-09-01,CUST-0072,2,0,10.39,4.25
2025-10-01,CUST-0072,2,0,7.74,4.24
2025-11-01,CUST-0072,1,0,3.61,4.3
2025-12-01,CUST-0072,1,0,9.84,4.34
2026-01-01,CUST-0072,2,0,9.4,4.26
2026-02-01,CUST-0072,5,1,13.58,4.17
2026-03-01,CUST-0072,4,0,9.9,3.65
2026-04-01,CUST-0072,1,0,8.8,3.78
2026-05-01,CUST-0072,0,0,0.0,4.67
2026-06-01,CUST-0072,3,1,8.63,3.94
2026-01-01,CUST-0073,3,0,9.26,4.51
2026-02-01,CUST-0073,1,0,6.96,4.4
2026-03-01,CUST-0073,0,0,0.0,4.62
2026-04-01,CUST-0073,0,0,0.0,4.22
2026-05-01,CUST-0073,1,0,4.89,4.25
2026-06-01,CUST-0073,0,0,0.0,4.7
2025-01-01,CUST-0074,0,0,0.0,4.71
2025-02-01,CUST-0074,0,0,0.0,4.29
2025-03-01,CUST-0074,1,0,5.59,4.16
2025-04-01,CUST-0074,0,0,0.0,4.55
2025-05-01,CUST-0074,1,0,9.28,4.24
2025-06-01,CUST-0074,0,0,0.0,4.41
2025-07-01,CUST-0074,2,1,7.21,3.48
2025-08-01,CUST-0074,0,0,0.0,4.5
2025-09-01,CUST-0074,1,0,9.79,4.46
2025-10-01,CUST-0074,0,0,0.0,4.5
2025-11-01,CUST-0074,2,1,8.99,4.6
2025-12-01,CUST-0074,0,0,0.0,4.77
2026-01-01,CUST-0074,0,0,0.0,4.81
2026-02-01,CUST-0074,1,0,9.1,4.57
2026-03-01,CUST-0074,1,0,3.97,5.0
2026-04-01,CUST-0074,1,1,12.91,4.5
2026-05-01,CUST-0074,0,0,0.0,4.55
2026-06-01,CUST-0074,0,0,0.0,4.72
2026-01-01,CUST-0075,1,1,14.45,4.64
2026-02-01,CUST-0075,1,1,13.4,4.18
2026-03-01,CUST-0075,2,0,9.99,4.35
2026-04-01,CUST-0075,0,0,0.0,4.66
2026-05-01,CUST-0075,2,0,2.08,4.04
2026-06-01,CUST-0075,0,0,0.0,4.18
2025-01-01,CUST-0076,0,0,0.0,4.33
2025-02-01,CUST-0076,0,0,0.0,4.9
2025-03-01,CUST-0076,4,0,11.07,4.61
2025-04-01,CUST-0076,0,0,0.0,4.63
2025-05-01,CUST-0076,0,0,0.0,4.69
2025-06-01,CUST-0076,3,0,5.85,4.39
2025-07-01,CUST-0076,2,0,10.22,5.0
2025-08-01,CUST-0076,0,0,0.0,4.38
2025-09-01,CUST-0076,0,0,0.0,4.51
2025-10-01,CUST-0076,2,0,6.8,4.41
2025-11-01,CUST-0076,1,0,10.41,4.08
2025-12-01,CUST-0076,3,0,3.17,4.36
2026-01-01,CUST-0076,2,0,8.88,5.0
2026-02-01,CUST-0076,1,0,3.36,4.61
2026-03-01,CUST-0076,3,0,0.81,4.97
2026-04-01,CUST-0076,1,0,8.79,4.76
2026-05-01,CUST-0076,0,0,0.0,4.28
2026-06-01,CUST-0076,4,0,11.6,4.8
2026-02-01,CUST-0077,1,0,6.69,4.1
2026-03-01,CUST-0077,0,0,0.0,4.7
2026-04-01,CUST-0077,0,0,0.0,4.35
2026-05-01,CUST-0077,0,0,0.0,4.36
2026-06-01,CUST-0077,2,0,10.03,4.46
2025-01-01,CUST-0078,0,0,0.0,4.45
2025-02-01,CUST-0078,0,0,0.0,4.64
2025-03-01,CUST-0078,1,0,4.71,4.42
2025-04-01,CUST-0078,1,0,4.62,4.49
2025-05-01,CUST-0078,2,0,7.11,4.77
2025-06-01,CUST-0078,0,0,0.0,4.75
2025-07-01,CUST-0078,0,0,0.0,4.41
2025-08-01,CUST-0078,0,0,0.0,4.67
2025-09-01,CUST-0078,0,0,0.0,4.56
2025-10-01,CUST-0078,0,0,0.0,4.52
2025-11-01,CUST-0078,1,0,8.27,4.24
2025-12-01,CUST-0078,2,0,9.92,3.62
2026-01-01,CUST-0078,0,0,0.0,4.34
2026-02-01,CUST-0078,4,0,7.34,4.4
2026-03-01,CUST-0078,0,0,0.0,4.73
2026-04-01,CUST-0078,1,0,9.49,4.49
2026-05-01,CUST-0078,0,0,0.0,4.47
2026-06-01,CUST-0078,1,0,6.06,4.04
2026-03-01,CUST-0079,0,0,0.0,4.8
2026-04-01,CUST-0079,1,0,6.7,4.75
2026-05-01,CUST-0079,0,0,0.0,4.63
2026-06-01,CUST-0079,3,0,8.78,3.97
2025-09-01,CUST-0080,0,0,0.0,4.53
2025-10-01,CUST-0080,0,0,0.0,4.52
2025-11-01,CUST-0080,0,0,0.0,4.68
2025-12-01,CUST-0080,2,1,8.27,3.89
2026-01-01,CUST-0080,0,0,0.0,4.38
2026-02-01,CUST-0080,3,0,5.65,4.14
2026-03-01,CUST-0080,2,0,3.33,5.0
2026-04-01,CUST-0080,1,0,9.41,4.62
2026-05-01,CUST-0080,0,0,0.0,4.51
2026-06-01,CUST-0080,2,0,9.96,4.56
2025-01-01,CUST-0081,2,0,2.8,3.96
2025-02-01,CUST-0081,0,0,0.0,4.57
2025-03-01,CUST-0081,2,0,7.5,3.98
2025-04-01,CUST-0081,0,0,0.0,4.65
2025-05-01,CUST-0081,1,0,5.73,4.45
2025-06-01,CUST-0081,3,0,7.84,4.44
2025-07-01,CUST-0081,1,0,4.48,4.44
2025-08-01,CUST-0081,5,0,10.0,4.24
2025-09-01,CUST-0081,0,0,0.0,4.42
2025-10-01,CUST-0081,1,0,4.59,3.57
2025-11-01,CUST-0081,1,0,4.68,3.93
2025-12-01,CUST-0081,1,0,7.02,4.17
2026-01-01,CUST-0081,0,0,0.0,4.5
2026-02-01,CUST-0081,4,0,4.75,4.43
2026-03-01,CUST-0081,1,0,1.15,4.4
2026-04-01,CUST-0081,1,0,12.3,4.03
2026-05-01,CUST-0081,2,0,7.84,4.09
2026-06-01,CUST-0081,2,0,5.03,4.18
2026-01-01,CUST-0082,1,0,10.85,3.83
2026-02-01,CUST-0082,2,0,6.5,4.41
2026-03-01,CUST-0082,0,0,0.0,4.25
2026-04-01,CUST-0082,0,0,0.0,4.45
2026-05-01,CUST-0082,0,0,0.0,4.59
2026-06-01,CUST-0082,0,0,0.0,4.73
2025-01-01,CUST-0083,1,0,1.86,4.38
2025-02-01,CUST-0083,1,0,7.34,4.14
2025-03-01,CUST-0083,1,0,9.79,4.79
2025-04-01,CUST-0083,0,0,0.0,4.82
2025-05-01,CUST-0083,1,0,3.78,4.65
2025-06-01,CUST-0083,1,0,8.82,3.38
2025-07-01,CUST-0083,1,0,6.8,4.28
2025-08-01,CUST-0083,0,0,0.0,4.39
2025-09-01,CUST-0083,0,0,0.0,4.49
2025-10-01,CUST-0083,0,0,0.0,4.45
2025-11-01,CUST-0083,0,0,0.0,4.35
2025-12-01,CUST-0083,1,0,7.92,3.99
2026-01-01,CUST-0083,2,0,7.98,3.95
2026-02-01,CUST-0083,3,0,7.88,4.57
2026-03-01,CUST-0083,0,0,0.0,4.29
2026-04-01,CUST-0083,2,0,5.62,4.74
2026-05-01,CUST-0083,1,0,4.09,4.77
2026-06-01,CUST-0083,2,0,9.12,4.25
2025-06-01,CUST-0084,0,0,0.0,4.63
2025-07-01,CUST-0084,1,1,13.41,3.88
2025-08-01,CUST-0084,0,0,0.0,4.35
2025-09-01,CUST-0084,4,0,9.78,4.41
2025-10-01,CUST-0084,0,0,0.0,4.64
2025-11-01,CUST-0084,0,0,0.0,4.27
2025-12-01,CUST-0084,2,0,6.98,4.37
2026-01-01,CUST-0084,3,0,6.98,4.25
2026-02-01,CUST-0084,2,0,8.32,3.92
2026-03-01,CUST-0084,0,0,0.0,4.43
2026-04-01,CUST-0084,0,0,0.0,4.79
2026-05-01,CUST-0084,1,0,9.28,4.26
2026-06-01,CUST-0084,0,0,0.0,4.51
2025-01-01,CUST-0085,5,1,16.6,3.99
2025-02-01,CUST-0085,0,0,0.0,4.81
2025-03-01,CUST-0085,3,0,5.0,4.29
2025-04-01,CUST-0085,2,0,10.36,4.34
2025-05-01,CUST-0085,2,0,5.29,3.71
2025-06-01,CUST-0085,4,0,8.2,4.17
2025-07-01,CUST-0085,1,0,5.33,4.09
2025-08-01,CUST-0085,0,0,0.0,4.57
2025-09-01,CUST-0085,0,0,0.0,4.43
2025-10-01,CUST-0085,3,1,11.61,3.42
2025-11-01,CUST-0085,0,0,0.0,4.49
2025-12-01,CUST-0085,0,0,0.0,4.54
2026-01-01,CUST-0085,1,0,9.35,4.3
2026-02-01,CUST-0085,3,0,8.55,4.01
2026-03-01,CUST-0085,3,0,8.25,4.51
2026-04-01,CUST-0085,0,0,0.0,4.79
2026-05-01,CUST-0085,0,0,0.0,4.56
2026-06-01,CUST-0085,0,0,0.0,4.71
2025-12-01,CUST-0086,1,0,9.11,4.8
2026-01-01,CUST-0086,1,0,8.97,4.86
2026-02-01,CUST-0086,1,1,15.25,4.33
2026-03-01,CUST-0086,0,0,0.0,4.46
2026-04-01,CUST-0086,2,0,4.37,4.75
2026-05-01,CUST-0086,2,0,10.35,4.3
2026-06-01,CUST-0086,1,0,3.56,4.12
2025-01-01,CUST-0087,0,0,0.0,4.6
2025-02-01,CUST-0087,0,0,0.0,4.44
2025-03-01,CUST-0087,2,0,3.81,4.6
2025-04-01,CUST-0087,0,0,0.0,4.72
2025-05-01,CUST-0087,0,0,0.0,4.96
2025-06-01,CUST-0087,0,0,0.0,4.37
2025-07-01,CUST-0087,1,0,4.11,4.19
2025-08-01,CUST-0087,0,0,0.0,4.47
2025-09-01,CUST-0087,1,0,7.13,4.55
2025-10-01,CUST-0087,0,0,0.0,4.62
2025-11-01,CUST-0087,0,0,0.0,4.36
2025-12-01,CUST-0087,0,0,0.0,4.72
2026-01-01,CUST-0087,1,0,1.33,4.18
2026-02-01,CUST-0087,2,0,10.44,4.58
2026-03-01,CUST-0087,0,0,0.0,4.5
2026-04-01,CUST-0087,0,0,0.0,4.68
2026-05-01,CUST-0087,1,0,8.14,4.55
2026-06-01,CUST-0087,0,0,0.0,4.94
2025-01-01,CUST-0088,2,0,5.1,4.96
2025-02-01,CUST-0088,2,0,9.86,4.14
2025-03-01,CUST-0088,0,0,0.0,4.64
2025-04-01,CUST-0088,0,0,0.0,4.21
2025-05-01,CUST-0088,0,0,0.0,4.88
2025-06-01,CUST-0088,0,0,0.0,4.27
2025-07-01,CUST-0088,3,1,11.58,4.46
2025-08-01,CUST-0088,0,0,0.0,4.56
2025-09-01,CUST-0088,0,0,0.0,4.67
2025-10-01,CUST-0088,2,0,5.77,4.22
2025-11-01,CUST-0088,3,1,12.8,3.6
2025-12-01,CUST-0088,3,1,9.66,4.21
2026-01-01,CUST-0088,0,0,0.0,4.26
2026-02-01,CUST-0088,0,0,0.0,4.44
2026-03-01,CUST-0088,3,0,9.32,3.7
2026-04-01,CUST-0088,0,0,0.0,4.73
2026-05-01,CUST-0088,2,1,10.1,4.1
2026-06-01,CUST-0088,0,0,0.0,4.3
2026-01-01,CUST-0089,2,0,8.31,4.74
2026-02-01,CUST-0089,1,0,12.03,4.63
2026-03-01,CUST-0089,0,0,0.0,4.61
2026-04-01,CUST-0089,0,0,0.0,4.44
2026-05-01,CUST-0089,1,0,9.11,4.46
2026-06-01,CUST-0089,0,0,0.0,4.25
2025-05-01,CUST-0090,0,0,0.0,4.61
2025-06-01,CUST-0090,1,0,7.03,4.52
2025-07-01,CUST-0090,0,0,0.0,4.84
2025-08-01,CUST-0090,1,0,9.13,3.71
2025-09-01,CUST-0090,3,0,6.62,3.92
2025-10-01,CUST-0090,2,0,2.82,3.84
2025-11-01,CUST-0090,1,1,13.18,4.01
2025-12-01,CUST-0090,0,0,0.0,4.27
2026-01-01,CUST-0090,3,0,9.26,4.44
2026-02-01,CUST-0090,3,1,13.28,3.79
2026-03-01,CUST-0090,1,1,15.41,3.68
2026-04-01,CUST-0090,5,1,14.04,4.04
2026-05-01,CUST-0090,5,2,17.7,3.63
2026-06-01,CUST-0090,2,0,7.9,4.87
2025-06-01,CUST-0091,2,0,11.38,4.67
2025-07-01,CUST-0091,0,0,0.0,4.49
2025-08-01,CUST-0091,3,1,15.96,3.59
2025-09-01,CUST-0091,0,0,0.0,4.61
2025-10-01,CUST-0091,0,0,0.0,4.38
2025-11-01,CUST-0091,2,0,9.86,3.7
2025-12-01,CUST-0091,0,0,0.0,4.41
2026-01-01,CUST-0091,2,1,12.84,5.0
2026-02-01,CUST-0091,0,0,0.0,4.41
2026-03-01,CUST-0091,2,0,6.25,4.84
2026-04-01,CUST-0091,0,0,0.0,4.48
2026-05-01,CUST-0091,0,0,0.0,4.93
2026-06-01,CUST-0091,4,0,2.34,4.29
2025-03-01,CUST-0092,1,0,6.19,3.81
2025-04-01,CUST-0092,1,0,9.07,4.54
2025-05-01,CUST-0092,0,0,0.0,4.68
2025-06-01,CUST-0092,0,0,0.0,4.27
2025-07-01,CUST-0092,0,0,0.0,4.66
2025-08-01,CUST-0092,1,0,5.27,4.14
2025-09-01,CUST-0092,3,0,6.93,4.38
2025-10-01,CUST-0092,1,0,7.92,4.28
2025-11-01,CUST-0092,0,0,0.0,4.58
2025-12-01,CUST-0092,1,1,9.12,4.27
2026-01-01,CUST-0092,2,1,17.26,3.82
2026-02-01,CUST-0092,1,0,6.31,4.12
2026-03-01,CUST-0092,1,0,9.55,4.28
2026-04-01,CUST-0092,0,0,0.0,4.71
2026-05-01,CUST-0092,0,0,0.0,4.88
2026-06-01,CUST-0092,0,0,0.0,4.67
2026-02-01,CUST-0093,2,0,10.55,4.27
2026-03-01,CUST-0093,0,0,0.0,4.57
2026-04-01,CUST-0093,2,0,11.33,4.48
2026-05-01,CUST-0093,1,0,5.97,4.74
2026-06-01,CUST-0093,1,0,8.19,3.91
2025-01-01,CUST-0094,2,1,6.71,4.34
2025-02-01,CUST-0094,1,0,7.87,4.32
2025-03-01,CUST-0094,1,0,7.61,4.19
2025-04-01,CUST-0094,2,1,8.33,3.99
2025-05-01,CUST-0094,3,1,9.79,4.23
2025-06-01,CUST-0094,2,0,9.11,5.0
2025-07-01,CUST-0094,2,1,9.94,3.73
2025-08-01,CUST-0094,3,0,6.65,3.6
2025-09-01,CUST-0094,1,0,15.34,4.95
2025-10-01,CUST-0094,1,0,11.36,5.0
2025-11-01,CUST-0094,3,0,13.56,4.44
2025-12-01,CUST-0094,0,0,0.0,4.68
2025-01-01,CUST-0095,2,0,10.81,4.06
2025-02-01,CUST-0095,1,0,8.48,4.7
2025-03-01,CUST-0095,1,0,8.81,4.69
2025-04-01,CUST-0095,1,1,8.35,4.45
2025-05-01,CUST-0095,1,0,7.76,4.95
2025-06-01,CUST-0095,2,0,8.94,3.71
2025-07-01,CUST-0095,3,0,3.62,4.34
2025-08-01,CUST-0095,0,0,0.0,4.31
2025-09-01,CUST-0095,2,0,7.92,4.39
2025-10-01,CUST-0095,3,1,13.05,4.29
2025-11-01,CUST-0095,2,0,6.55,4.26
2025-12-01,CUST-0095,2,0,5.19,4.7
2026-01-01,CUST-0095,6,0,5.79,4.04
2026-02-01,CUST-0095,4,0,5.36,4.18
2026-03-01,CUST-0095,5,2,18.29,3.65
2026-04-01,CUST-0095,0,0,0.0,4.4
2026-05-01,CUST-0095,4,0,11.7,3.78
2026-06-01,CUST-0095,7,2,18.34,3.2
2025-12-01,CUST-0096,2,0,5.0,4.39
2026-01-01,CUST-0096,0,0,0.0,4.66
2026-02-01,CUST-0096,0,0,0.0,4.52
2026-03-01,CUST-0096,1,0,9.17,4.64
2026-04-01,CUST-0096,0,0,0.0,4.53
2026-05-01,CUST-0096,0,0,0.0,4.36
2026-06-01,CUST-0096,1,0,13.56,4.65
2025-08-01,CUST-0097,1,0,7.89,5.0
2025-09-01,CUST-0097,3,1,14.54,4.45
2025-10-01,CUST-0097,1,1,11.12,4.45
2025-11-01,CUST-0097,1,1,12.49,3.83
2025-12-01,CUST-0097,0,0,0.0,4.69
2026-01-01,CUST-0097,0,0,0.0,4.48
2026-02-01,CUST-0097,0,0,0.0,4.47
2026-03-01,CUST-0097,0,0,0.0,4.27
2026-04-01,CUST-0097,1,1,13.23,3.46
2026-05-01,CUST-0097,1,0,7.46,4.7
2026-06-01,CUST-0097,1,0,5.14,4.55
2025-12-01,CUST-0098,0,0,0.0,4.76
2026-01-01,CUST-0098,2,0,10.3,4.09
2026-02-01,CUST-0098,2,0,4.49,4.49
2026-03-01,CUST-0098,1,0,8.46,4.98
2026-04-01,CUST-0098,3,0,12.32,4.08
2026-05-01,CUST-0098,0,0,0.0,4.31
2026-06-01,CUST-0098,1,0,8.09,4.36
2025-07-01,CUST-0099,2,0,5.29,4.38
2025-08-01,CUST-0099,0,0,0.0,4.46
2025-09-01,CUST-0099,2,0,10.08,5.0
2025-10-01,CUST-0099,1,0,2.72,4.2
2025-11-01,CUST-0099,1,0,11.49,4.81
2025-12-01,CUST-0099,7,2,12.14,4.0
2026-01-01,CUST-0099,2,0,12.12,4.72
2026-02-01,CUST-0099,3,0,8.65,4.33
2026-03-01,CUST-0099,0,0,0.0,4.94
2026-04-01,CUST-0099,0,0,0.0,4.43
2026-05-01,CUST-0099,3,1,9.51,3.7
2026-06-01,CUST-0099,0,0,0.0,4.35
2025-01-01,CUST-0100,1,0,5.22,4.41
2025-02-01,CUST-0100,1,0,4.66,4.42
2025-03-01,CUST-0100,2,0,6.02,4.81
2025-04-01,CUST-0100,0,0,0.0,4.57
2025-05-01,CUST-0100,1,0,9.14,3.58
2025-06-01,CUST-0100,1,0,6.73,4.66
2025-07-01,CUST-0100,1,0,8.95,4.45
2025-08-01,CUST-0100,0,0,0.0,4.8
2025-09-01,CUST-0100,1,0,4.31,4.4
2025-10-01,CUST-0100,1,0,2.33,4.27
2025-11-01,CUST-0100,1,0,7.18,4.18
2025-12-01,CUST-0100,2,0,11.72,4.0
2026-01-01,CUST-0100,2,1,17.57,4.18
2026-02-01,CUST-0100,2,0,4.15,4.26
2026-03-01,CUST-0100,2,0,8.38,4.28
2026-04-01,CUST-0100,1,0,2.5,3.76
2026-05-01,CUST-0100,0,0,0.0,4.46
2026-06-01,CUST-0100,1,0,4.99,4.42
2025-02-01,CUST-0101,0,0,0.0,4.36
2025-03-01,CUST-0101,0,0,0.0,4.41
2025-04-01,CUST-0101,0,0,0.0,4.76
2025-05-01,CUST-0101,1,0,7.43,4.71
2025-06-01,CUST-0101,1,0,7.32,4.57
2025-07-01,CUST-0101,2,1,13.31,4.35
2025-08-01,CUST-0101,3,0,7.68,4.47
2025-09-01,CUST-0101,0,0,0.0,4.73
2025-10-01,CUST-0101,1,0,2.6,4.45
2025-11-01,CUST-0101,0,0,0.0,4.39
2025-01-01,CUST-0102,2,0,4.66,5.0
2025-02-01,CUST-0102,1,0,4.09,3.93
2025-03-01,CUST-0102,4,0,7.53,4.32
2025-04-01,CUST-0102,1,1,14.68,4.25
2025-05-01,CUST-0102,4,2,14.44,3.84
2025-06-01,CUST-0102,1,0,4.78,4.63
2025-07-01,CUST-0102,3,0,3.38,3.95
2025-08-01,CUST-0102,1,0,0.5,4.0
2025-09-01,CUST-0102,7,1,13.69,3.47
2025-10-01,CUST-0102,2,0,6.36,4.55
2025-11-01,CUST-0102,4,1,12.85,3.49
2025-12-01,CUST-0102,2,0,8.69,4.0
2026-01-01,CUST-0102,1,1,15.98,3.95
2026-02-01,CUST-0102,1,0,10.25,4.29
2026-03-01,CUST-0102,3,0,3.65,3.57
2026-04-01,CUST-0102,2,1,15.26,4.15
2026-05-01,CUST-0102,2,1,15.49,4.19
2026-06-01,CUST-0102,1,0,4.07,4.52
2025-01-01,CUST-0103,1,0,6.09,3.78
2025-02-01,CUST-0103,0,0,0.0,4.75
2025-03-01,CUST-0103,1,1,11.51,3.53
2025-04-01,CUST-0103,2,0,3.23,4.16
2025-05-01,CUST-0103,4,0,11.08,4.4
2025-06-01,CUST-0103,0,0,0.0,4.57
2025-07-01,CUST-0103,1,0,12.68,3.94
2025-08-01,CUST-0103,1,0,4.07,4.54
2025-09-01,CUST-0103,0,0,0.0,4.44
2025-10-01,CUST-0103,2,1,6.83,3.98
2025-11-01,CUST-0103,1,0,10.16,4.39
2025-12-01,CUST-0103,1,0,7.09,3.76
2026-01-01,CUST-0103,2,2,16.33,2.86
2026-02-01,CUST-0103,2,0,6.35,4.84
2026-03-01,CUST-0103,1,0,8.27,4.12
2026-04-01,CUST-0103,2,0,3.92,4.12
2026-05-01,CUST-0103,2,0,10.8,4.73
2026-06-01,CUST-0103,4,0,12.63,3.89
2025-11-01,CUST-0104,1,0,6.53,4.46
2025-12-01,CUST-0104,0,0,0.0,4.62
2026-01-01,CUST-0104,1,0,5.13,4.35
2026-02-01,CUST-0104,2,1,13.74,3.73
2026-03-01,CUST-0104,0,0,0.0,4.51
2026-04-01,CUST-0104,4,0,9.69,4.28
2026-05-01,CUST-0104,0,0,0.0,4.37
2026-06-01,CUST-0104,1,1,9.93,4.43
2025-08-01,CUST-0105,1,0,9.73,4.27
2025-09-01,CUST-0105,2,0,0.88,4.51
2025-10-01,CUST-0105,2,0,6.76,4.39
2025-11-01,CUST-0105,0,0,0.0,4.54
2025-12-01,CUST-0105,2,1,13.03,4.3
2026-01-01,CUST-0105,2,0,8.35,4.02
2026-02-01,CUST-0105,4,0,7.57,4.31
2026-03-01,CUST-0105,0,0,0.0,4.47
2026-04-01,CUST-0105,0,0,0.0,4.45
2026-05-01,CUST-0105,0,0,0.0,4.76
2026-06-01,CUST-0105,0,0,0.0,4.18
2025-01-01,CUST-0106,0,0,0.0,4.6
2025-02-01,CUST-0106,4,0,5.99,4.27
2025-03-01,CUST-0106,1,0,7.79,4.47
2025-04-01,CUST-0106,2,0,9.27,4.14
2025-05-01,CUST-0106,3,0,6.69,3.92
2025-06-01,CUST-0106,1,0,1.9,4.66
2025-07-01,CUST-0106,2,1,10.4,3.84
2025-08-01,CUST-0106,0,0,0.0,4.82
2025-09-01,CUST-0106,3,0,11.77,4.43
2025-10-01,CUST-0106,1,0,9.06,4.58
2025-11-01,CUST-0106,2,0,7.0,4.12
2025-12-01,CUST-0106,1,0,8.62,4.48
2026-01-01,CUST-0106,2,1,15.46,3.5
2026-02-01,CUST-0106,7,0,10.17,4.95
2026-03-01,CUST-0106,0,0,0.0,4.39
2026-04-01,CUST-0106,3,0,6.68,4.87
2026-05-01,CUST-0106,0,0,0.0,4.29
2026-06-01,CUST-0106,1,0,10.71,4.31
2025-01-01,CUST-0107,0,0,0.0,4.54
2025-02-01,CUST-0107,1,0,8.12,4.71
2025-03-01,CUST-0107,0,0,0.0,4.68
2025-04-01,CUST-0107,1,0,6.43,4.88
2025-05-01,CUST-0107,2,0,9.25,4.52
2025-06-01,CUST-0107,3,0,6.82,4.23
2025-07-01,CUST-0107,0,0,0.0,4.47
2025-08-01,CUST-0107,1,0,10.65,4.67
2025-09-01,CUST-0107,1,1,9.47,4.57
2025-10-01,CUST-0107,0,0,0.0,4.49
2025-11-01,CUST-0107,2,0,11.57,3.83
2025-12-01,CUST-0107,0,0,0.0,4.49
2026-01-01,CUST-0107,2,0,11.89,4.67
2026-02-01,CUST-0107,2,0,5.92,4.1
2026-03-01,CUST-0107,0,0,0.0,4.48
2026-04-01,CUST-0107,0,0,0.0,4.21
2026-05-01,CUST-0107,3,0,6.32,4.03
2026-06-01,CUST-0107,2,0,3.43,4.72
2025-06-01,CUST-0108,1,0,6.49,4.44
2025-07-01,CUST-0108,1,0,6.84,4.2
2025-08-01,CUST-0108,1,0,9.4,4.45
2025-09-01,CUST-0108,1,0,6.28,4.58
2025-10-01,CUST-0108,2,0,10.18,4.72
2025-11-01,CUST-0108,1,0,7.5,4.56
2025-12-01,CUST-0108,2,0,8.19,4.61
2026-01-01,CUST-0108,1,0,9.79,4.4
2025-01-01,CUST-0109,1,0,7.17,4.9
2025-02-01,CUST-0109,2,1,12.76,4.14
2025-03-01,CUST-0109,1,0,8.6,4.05
2025-04-01,CUST-0109,0,0,0.0,4.55
2025-05-01,CUST-0109,1,0,6.97,4.31
2025-06-01,CUST-0109,2,0,8.31,4.21
2025-07-01,CUST-0109,3,0,7.31,4.12
2025-08-01,CUST-0109,1,0,6.28,5.0
2025-09-01,CUST-0109,1,1,12.49,3.19
2025-10-01,CUST-0109,2,0,7.22,4.23
2025-11-01,CUST-0109,0,0,0.0,4.4
2025-12-01,CUST-0109,1,0,7.42,4.51
2026-01-01,CUST-0109,0,0,0.0,4.6
2026-02-01,CUST-0109,1,1,14.5,4.3
2026-03-01,CUST-0109,1,0,11.61,3.76
2026-04-01,CUST-0109,1,0,8.15,4.31
2026-05-01,CUST-0109,0,0,0.0,4.43
2026-06-01,CUST-0109,3,0,7.55,3.72
2025-01-01,CUST-0110,1,0,7.64,4.5
2025-02-01,CUST-0110,1,0,8.03,5.0
2025-03-01,CUST-0110,0,0,0.0,4.51
2025-04-01,CUST-0110,2,0,9.18,3.85
2025-05-01,CUST-0110,0,0,0.0,4.45
2025-06-01,CUST-0110,0,0,0.0,4.71
2025-07-01,CUST-0110,0,0,0.0,4.58
2025-08-01,CUST-0110,0,0,0.0,4.42
2025-09-01,CUST-0110,0,0,0.0,4.57
2025-10-01,CUST-0110,0,0,0.0,4.34
2025-11-01,CUST-0110,0,0,0.0,4.62
2025-12-01,CUST-0110,1,0,7.2,4.38
2026-01-01,CUST-0110,0,0,0.0,4.31
2026-02-01,CUST-0110,1,0,5.77,3.99
2026-03-01,CUST-0110,2,0,3.11,4.31
2026-04-01,CUST-0110,0,0,0.0,4.53
2026-05-01,CUST-0110,1,0,3.55,4.54
2026-06-01,CUST-0110,1,0,8.54,4.37
2025-01-01,CUST-0111,0,0,0.0,4.48
2025-02-01,CUST-0111,2,0,6.47,4.17
2025-03-01,CUST-0111,1,0,7.12,3.86
2025-04-01,CUST-0111,1,0,6.95,3.69
2025-05-01,CUST-0111,0,0,0.0,4.64
2025-06-01,CUST-0111,0,0,0.0,4.51
2025-07-01,CUST-0111,1,0,4.01,3.93
2025-08-01,CUST-0111,0,0,0.0,4.79
2025-09-01,CUST-0111,4,0,7.46,3.98
2025-10-01,CUST-0111,0,0,0.0,5.0
2025-11-01,CUST-0111,2,2,21.16,3.73
2025-12-01,CUST-0111,1,0,6.75,4.88
2026-01-01,CUST-0111,2,0,10.37,3.35
2026-02-01,CUST-0111,3,0,7.17,4.58
2026-03-01,CUST-0111,0,0,0.0,4.72
2026-04-01,CUST-0111,1,0,6.19,4.07
2026-05-01,CUST-0111,1,1,6.61,3.45
2026-06-01,CUST-0111,2,0,5.43,4.47
2025-03-01,CUST-0112,0,0,0.0,4.71
2025-04-01,CUST-0112,1,0,7.69,4.82
2025-05-01,CUST-0112,0,0,0.0,4.17
2025-06-01,CUST-0112,1,0,9.92,4.59
2025-07-01,CUST-0112,0,0,0.0,4.62
2025-08-01,CUST-0112,2,0,3.71,4.07
2025-09-01,CUST-0112,1,0,6.15,4.85
2025-10-01,CUST-0112,1,0,2.62,4.6
2025-11-01,CUST-0112,0,0,0.0,4.88
2025-12-01,CUST-0112,4,1,11.07,3.26
2026-01-01,CUST-0112,3,0,11.61,4.56
2026-02-01,CUST-0112,4,0,8.14,3.9
2026-03-01,CUST-0112,1,0,5.26,4.01
2026-04-01,CUST-0112,1,0,8.2,4.44
2026-05-01,CUST-0112,1,0,8.89,4.46
2026-06-01,CUST-0112,1,0,6.68,4.52
2025-12-01,CUST-0113,1,0,8.23,4.29
2026-01-01,CUST-0113,3,1,7.11,3.91
2026-02-01,CUST-0113,4,1,11.97,4.15
2026-03-01,CUST-0113,1,0,7.23,5.0
2026-04-01,CUST-0113,0,0,0.0,4.49
2026-05-01,CUST-0113,2,0,8.14,4.42
2026-06-01,CUST-0113,0,0,0.0,4.73
2025-03-01,CUST-0114,1,0,5.77,4.74
2025-04-01,CUST-0114,0,0,0.0,4.41
2025-05-01,CUST-0114,2,0,4.48,4.4
2025-06-01,CUST-0114,1,0,9.9,4.92
2025-07-01,CUST-0114,2,0,6.7,4.29
2025-08-01,CUST-0114,0,0,0.0,4.71
2025-09-01,CUST-0114,2,0,5.49,4.09
2025-10-01,CUST-0114,2,0,6.2,4.55
2025-11-01,CUST-0114,0,0,0.0,4.49
2025-12-01,CUST-0114,5,0,9.59,4.09
2026-01-01,CUST-0114,1,0,0.5,4.17
2026-02-01,CUST-0114,7,1,10.19,3.8
2026-03-01,CUST-0114,4,0,5.08,4.43
2026-04-01,CUST-0114,1,0,5.08,3.9
2026-05-01,CUST-0114,3,0,9.45,4.06
2026-06-01,CUST-0114,0,0,0.0,4.73
2025-09-01,CUST-0115,1,0,13.87,3.73
2025-10-01,CUST-0115,0,0,0.0,4.61
2025-11-01,CUST-0115,1,0,10.48,3.87
2025-12-01,CUST-0115,1,0,10.16,4.47
2026-01-01,CUST-0115,0,0,0.0,4.4
2026-02-01,CUST-0115,1,0,5.11,4.34
2026-03-01,CUST-0115,1,1,17.97,3.89
2026-04-01,CUST-0115,3,0,3.22,4.66
2026-05-01,CUST-0115,0,0,0.0,4.7
2026-06-01,CUST-0115,0,0,0.0,4.63
2025-01-01,CUST-0116,1,0,9.39,4.6
2025-02-01,CUST-0116,2,0,6.29,3.91
2025-03-01,CUST-0116,3,0,4.55,4.26
2025-04-01,CUST-0116,1,0,9.86,4.26
2025-05-01,CUST-0116,0,0,0.0,4.62
2025-06-01,CUST-0116,0,0,0.0,4.47
2025-07-01,CUST-0116,2,0,7.72,4.58
2025-08-01,CUST-0116,3,0,4.02,3.92
2025-09-01,CUST-0116,3,1,15.13,3.36
2025-10-01,CUST-0116,3,0,6.26,4.48
2025-11-01,CUST-0116,2,0,7.76,4.62
2025-12-01,CUST-0116,1,0,1.41,4.03
2026-01-01,CUST-0116,1,0,10.69,4.53
2026-02-01,CUST-0116,1,0,6.7,3.99
2026-03-01,CUST-0116,0,0,0.0,4.48
2026-04-01,CUST-0116,2,0,7.21,4.72
2026-05-01,CUST-0116,2,1,13.7,3.65
2026-06-01,CUST-0116,2,0,5.13,4.43
2025-10-01,CUST-0117,1,0,9.89,4.54
2025-11-01,CUST-0117,3,0,11.2,4.05
2025-12-01,CUST-0117,3,1,10.42,3.84
2026-01-01,CUST-0117,2,0,5.81,4.23
2026-02-01,CUST-0117,1,0,7.74,4.18
2026-03-01,CUST-0117,1,0,6.85,4.2
2026-04-01,CUST-0117,1,0,8.95,4.14
2026-05-01,CUST-0117,1,0,3.83,4.65
2026-06-01,CUST-0117,2,0,12.43,4.21
2025-06-01,CUST-0118,1,0,6.07,4.03
2025-07-01,CUST-0118,0,0,0.0,4.41
2025-08-01,CUST-0118,1,0,0.68,4.27
2025-09-01,CUST-0118,1,0,7.11,4.54
2025-10-01,CUST-0118,2,0,3.45,4.31
2025-11-01,CUST-0118,3,0,7.73,4.5
2025-12-01,CUST-0118,0,0,0.0,4.8
2026-01-01,CUST-0118,1,0,7.98,5.0
2026-02-01,CUST-0118,4,0,8.7,4.5
2026-03-01,CUST-0118,1,0,8.24,4.55
2026-04-01,CUST-0118,0,0,0.0,4.4
2026-05-01,CUST-0118,2,0,0.5,4.02
2026-06-01,CUST-0118,1,0,4.36,4.46
2025-01-01,CUST-0119,0,0,0.0,4.65
2025-02-01,CUST-0119,1,0,8.66,3.82
2025-03-01,CUST-0119,2,0,7.61,3.44
2025-04-01,CUST-0119,1,0,15.48,4.43
2025-05-01,CUST-0119,2,0,8.32,4.11
2025-06-01,CUST-0119,1,0,4.58,4.03
2025-07-01,CUST-0119,2,0,4.83,4.12
2025-08-01,CUST-0119,0,0,0.0,4.85
2025-09-01,CUST-0119,1,0,9.23,3.79
2025-10-01,CUST-0119,1,0,5.79,4.95
2025-11-01,CUST-0119,0,0,0.0,4.76
2025-12-01,CUST-0119,0,0,0.0,4.31
2026-01-01,CUST-0119,0,0,0.0,4.8
2026-02-01,CUST-0119,1,0,5.54,4.14
2026-03-01,CUST-0119,1,0,10.32,3.88
2025-01-01,CUST-0120,0,0,0.0,4.44
2025-02-01,CUST-0120,2,0,14.07,4.62
2025-03-01,CUST-0120,2,0,8.52,4.52
2025-04-01,CUST-0120,2,0,8.77,3.92
2025-05-01,CUST-0120,0,0,0.0,4.55
2025-06-01,CUST-0120,1,0,3.41,4.65
2025-07-01,CUST-0120,0,0,0.0,4.68
2025-08-01,CUST-0120,0,0,0.0,4.4
2025-09-01,CUST-0120,1,1,10.07,3.93
2025-10-01,CUST-0120,1,0,9.17,4.22
2025-11-01,CUST-0120,0,0,0.0,4.73
2025-12-01,CUST-0120,0,0,0.0,4.3
2026-01-01,CUST-0120,0,0,0.0,4.37
2026-02-01,CUST-0120,0,0,0.0,4.64
2026-03-01,CUST-0120,2,0,8.85,4.22
2026-04-01,CUST-0120,2,0,8.95,4.15
2026-05-01,CUST-0120,1,0,6.24,4.44
2026-06-01,CUST-0120,1,0,7.74,4.19
2026-01-01,CUST-0121,1,0,7.0,5.0
2026-02-01,CUST-0121,1,0,4.87,4.62
2026-03-01,CUST-0121,1,0,6.33,4.99
2026-04-01,CUST-0121,2,0,7.32,4.12
2026-05-01,CUST-0121,2,0,6.66,4.16
2026-06-01,CUST-0121,1,0,6.85,4.83
2025-03-01,CUST-0122,0,0,0.0,4.54
2025-04-01,CUST-0122,1,0,6.84,4.82
2025-05-01,CUST-0122,0,0,0.0,4.48
2025-06-01,CUST-0122,0,0,0.0,4.34
2025-07-01,CUST-0122,0,0,0.0,4.77
2025-08-01,CUST-0122,1,0,7.2,3.95
2025-09-01,CUST-0122,1,1,8.54,4.17
2025-10-01,CUST-0122,1,0,5.73,4.59
2025-11-01,CUST-0122,2,0,6.05,3.93
2025-12-01,CUST-0122,0,0,0.0,4.56
2026-01-01,CUST-0122,1,0,12.76,4.55
2026-02-01,CUST-0122,3,0,12.08,4.59
2026-03-01,CUST-0122,1,0,9.76,3.86
2026-04-01,CUST-0122,0,0,0.0,4.67
2026-05-01,CUST-0122,1,0,8.45,4.51
2026-06-01,CUST-0122,0,0,0.0,4.63
2025-01-01,CUST-0123,1,0,11.48,4.16
2025-02-01,CUST-0123,3,1,14.72,3.92
2025-03-01,CUST-0123,3,1,13.92,4.51
2025-04-01,CUST-0123,2,0,8.99,4.94
2025-05-01,CUST-0123,3,1,15.91,4.73
2025-06-01,CUST-0123,2,2,15.67,3.22
2025-07-01,CUST-0123,0,0,0.0,4.66
2025-08-01,CUST-0123,1,0,6.18,3.63
2025-09-01,CUST-0123,1,0,7.8,4.6
2025-10-01,CUST-0123,1,0,3.31,3.73
2025-11-01,CUST-0123,0,0,0.0,4.58
2025-12-01,CUST-0123,3,1,8.37,4.11
2026-01-01,CUST-0123,3,0,7.01,4.37
2026-02-01,CUST-0123,2,0,5.26,4.1
2026-03-01,CUST-0123,2,0,4.23,4.11
2026-04-01,CUST-0123,0,0,0.0,4.59
2026-05-01,CUST-0123,1,0,7.16,4.08
2026-06-01,CUST-0123,1,0,2.58,4.03
2025-01-01,CUST-0124,0,0,0.0,4.45
2025-02-01,CUST-0124,0,0,0.0,4.66
2025-03-01,CUST-0124,0,0,0.0,4.77
2025-04-01,CUST-0124,2,0,9.71,3.83
2025-05-01,CUST-0124,1,0,7.6,4.42
2025-06-01,CUST-0124,1,1,9.37,4.11
2025-07-01,CUST-0124,2,0,6.3,4.38
2025-08-01,CUST-0124,1,0,8.44,4.62
2025-09-01,CUST-0124,0,0,0.0,4.82
2025-10-01,CUST-0124,2,0,6.27,3.98
2025-11-01,CUST-0124,0,0,0.0,4.59
2025-12-01,CUST-0124,3,0,9.71,4.04
2026-01-01,CUST-0124,3,1,14.4,3.45
2026-02-01,CUST-0124,1,0,14.38,4.78
2026-03-01,CUST-0124,0,0,0.0,4.37
2026-04-01,CUST-0124,2,1,9.15,4.23
2026-05-01,CUST-0124,0,0,0.0,4.61
2026-06-01,CUST-0124,1,0,7.18,4.32
2025-01-01,CUST-0125,4,1,9.34,3.6
2025-02-01,CUST-0125,0,0,0.0,4.28
2025-03-01,CUST-0125,0,0,0.0,4.43
2025-04-01,CUST-0125,2,0,8.82,4.33
2025-05-01,CUST-0125,0,0,0.0,4.85
2025-06-01,CUST-0125,2,0,10.81,5.0
2025-07-01,CUST-0125,1,0,9.92,4.45
2025-08-01,CUST-0125,4,1,8.7,3.69
2025-09-01,CUST-0125,1,0,12.99,3.76
2025-10-01,CUST-0125,0,0,0.0,4.46
2025-02-01,CUST-0126,1,0,6.65,4.03
2025-03-01,CUST-0126,2,1,10.98,3.89
2025-04-01,CUST-0126,3,0,6.03,4.54
2025-05-01,CUST-0126,2,0,7.73,4.72
2025-06-01,CUST-0126,1,0,8.62,4.84
2025-07-01,CUST-0126,1,0,13.53,3.81
2025-08-01,CUST-0126,1,0,10.48,4.19
2025-09-01,CUST-0126,1,0,4.77,4.54
2025-10-01,CUST-0126,1,0,10.32,4.2
2025-11-01,CUST-0126,1,0,3.34,4.61
2025-12-01,CUST-0126,0,0,0.0,4.85
2026-01-01,CUST-0126,1,0,9.1,4.13
2026-02-01,CUST-0126,0,0,0.0,4.57
2026-03-01,CUST-0126,4,0,11.22,3.95
2026-04-01,CUST-0126,1,0,7.7,4.98
2026-05-01,CUST-0126,0,0,0.0,4.56
2026-06-01,CUST-0126,1,1,13.01,4.3
2025-07-01,CUST-0127,1,0,11.7,4.74
2025-08-01,CUST-0127,3,0,5.98,4.2
2025-09-01,CUST-0127,3,1,10.99,3.36
2025-10-01,CUST-0127,1,0,6.75,4.1
2025-11-01,CUST-0127,2,0,1.65,3.91
2025-12-01,CUST-0127,1,0,6.19,4.69
2026-01-01,CUST-0127,1,0,9.91,4.3
2026-02-01,CUST-0127,3,0,9.73,4.66
2026-03-01,CUST-0127,1,0,10.84,4.84
2026-04-01,CUST-0127,4,0,4.81,4.25
2026-05-01,CUST-0127,3,0,9.18,4.5
2026-06-01,CUST-0127,0,0,0.0,4.77
2025-10-01,CUST-0128,0,0,0.0,4.54
2025-11-01,CUST-0128,2,1,11.76,4.03
2025-12-01,CUST-0128,1,0,7.47,4.0
2026-01-01,CUST-0128,1,0,6.28,4.62
2026-02-01,CUST-0128,0,0,0.0,4.51
2026-03-01,CUST-0128,2,0,14.7,3.88
2026-04-01,CUST-0128,2,0,4.7,4.28
2026-05-01,CUST-0128,2,0,8.76,4.28
2026-06-01,CUST-0128,1,0,8.31,4.27
2026-03-01,CUST-0129,1,0,8.8,4.55
2026-04-01,CUST-0129,1,0,4.69,4.2
2026-05-01,CUST-0129,3,0,6.72,4.53
2026-06-01,CUST-0129,0,0,0.0,4.58
2025-01-01,CUST-0130,2,0,6.63,4.52
2025-02-01,CUST-0130,4,0,4.24,4.34
2025-03-01,CUST-0130,1,0,2.01,4.64
2025-04-01,CUST-0130,0,0,0.0,4.47
2025-05-01,CUST-0130,0,0,0.0,4.48
2025-06-01,CUST-0130,1,0,4.46,4.65
2025-07-01,CUST-0130,0,0,0.0,4.76
2025-08-01,CUST-0130,2,0,6.02,4.12
2025-09-01,CUST-0130,1,0,4.75,4.33
2025-10-01,CUST-0130,1,0,7.0,3.7
2025-11-01,CUST-0130,1,0,14.66,3.96
2025-12-01,CUST-0130,2,0,6.18,4.95
2026-01-01,CUST-0130,1,0,8.92,4.47
2026-02-01,CUST-0130,4,0,3.77,4.41
2026-03-01,CUST-0130,0,0,0.0,4.46
2026-04-01,CUST-0130,1,0,5.27,4.16
2026-05-01,CUST-0130,0,0,0.0,4.31
2026-06-01,CUST-0130,0,0,0.0,4.69
2026-02-01,CUST-0131,3,0,2.95,4.15
2026-03-01,CUST-0131,1,1,10.08,3.73
2026-04-01,CUST-0131,0,0,0.0,4.78
2026-05-01,CUST-0131,3,0,6.78,4.33
2026-06-01,CUST-0131,1,0,12.31,4.08
2025-10-01,CUST-0132,1,0,9.79,4.48
2025-11-01,CUST-0132,2,0,6.22,4.88
2025-12-01,CUST-0132,3,0,4.4,4.4
2026-01-01,CUST-0132,3,0,5.73,5.0
2026-02-01,CUST-0132,2,0,7.24,3.95
2026-03-01,CUST-0132,2,0,9.2,4.57
2026-04-01,CUST-0132,0,0,0.0,4.68
2026-05-01,CUST-0132,0,0,0.0,4.67
2026-06-01,CUST-0132,0,0,0.0,4.45
2026-04-01,CUST-0133,0,0,0.0,4.55
2026-05-01,CUST-0133,1,1,11.41,4.07
2026-06-01,CUST-0133,1,0,7.48,4.94
2026-01-01,CUST-0134,1,0,5.3,4.14
2026-02-01,CUST-0134,5,0,10.71,3.72
2026-03-01,CUST-0134,1,0,13.33,4.44
2026-04-01,CUST-0134,2,0,4.57,4.88
2026-05-01,CUST-0134,1,0,11.34,4.34
2026-06-01,CUST-0134,1,0,4.12,4.45
2025-01-01,CUST-0135,1,0,6.15,4.75
2025-02-01,CUST-0135,0,0,0.0,4.68
2025-03-01,CUST-0135,2,0,10.66,4.6
2025-04-01,CUST-0135,0,0,0.0,4.62
2025-05-01,CUST-0135,0,0,0.0,4.67
2025-06-01,CUST-0135,2,0,0.5,4.66
2025-07-01,CUST-0135,1,0,5.11,4.42
2025-08-01,CUST-0135,0,0,0.0,4.84
2025-09-01,CUST-0135,2,0,5.45,4.42
2025-10-01,CUST-0135,0,0,0.0,4.13
2025-11-01,CUST-0135,1,0,6.83,4.11
2025-12-01,CUST-0135,4,0,12.08,4.31
2026-01-01,CUST-0135,2,0,11.45,4.33
2026-02-01,CUST-0135,2,0,7.59,4.03
2026-03-01,CUST-0135,1,0,7.24,4.41
2026-04-01,CUST-0135,2,0,4.58,3.78
2026-05-01,CUST-0135,0,0,0.0,4.38
2026-06-01,CUST-0135,1,0,6.66,5.0
2025-01-01,CUST-0136,0,0,0.0,4.46
2025-02-01,CUST-0136,1,0,5.59,4.59
2025-03-01,CUST-0136,1,0,7.82,4.63
2025-04-01,CUST-0136,0,0,0.0,4.29
2025-05-01,CUST-0136,0,0,0.0,4.79
2025-06-01,CUST-0136,1,0,3.12,4.24
2025-07-01,CUST-0136,0,0,0.0,4.19
2025-08-01,CUST-0136,2,0,6.22,4.44
2025-09-01,CUST-0136,2,1,10.81,4.16
2025-10-01,CUST-0136,1,0,6.58,4.63
2025-11-01,CUST-0136,0,0,0.0,4.44
2025-12-01,CUST-0136,0,0,0.0,4.49
2026-01-01,CUST-0136,1,0,8.7,4.34
2026-02-01,CUST-0136,1,0,6.79,4.47
2026-03-01,CUST-0136,1,0,8.28,4.69
2026-04-01,CUST-0136,1,0,6.1,4.94
2026-05-01,CUST-0136,2,0,8.01,4.35
2026-06-01,CUST-0136,1,0,4.09,4.94
2025-01-01,CUST-0137,2,0,6.27,4.51
2025-02-01,CUST-0137,3,0,4.16,4.42
2025-03-01,CUST-0137,1,0,6.26,4.52
2025-04-01,CUST-0137,3,0,5.88,4.79
2025-05-01,CUST-0137,1,0,7.24,4.61
2025-06-01,CUST-0137,0,0,0.0,4.55
2025-07-01,CUST-0137,0,0,0.0,4.54
2025-08-01,CUST-0137,1,1,12.73,4.4
2025-09-01,CUST-0137,0,0,0.0,4.63
2025-10-01,CUST-0137,3,0,7.78,4.78
2025-11-01,CUST-0137,1,0,5.66,4.3
2025-12-01,CUST-0137,1,0,7.25,4.45
2026-01-01,CUST-0137,1,0,5.75,4.38
2026-02-01,CUST-0137,2,0,6.99,4.19
2026-03-01,CUST-0137,1,0,8.54,4.51
2026-04-01,CUST-0137,0,0,0.0,4.42
2026-05-01,CUST-0137,0,0,0.0,4.5
2026-06-01,CUST-0137,2,0,12.21,4.4
2025-03-01,CUST-0138,0,0,0.0,4.85
2025-04-01,CUST-0138,2,1,8.24,4.27
2025-05-01,CUST-0138,0,0,0.0,4.63
2025-06-01,CUST-0138,0,0,0.0,4.68
2025-07-01,CUST-0138,0,0,0.0,4.65
2025-08-01,CUST-0138,0,0,0.0,4.48
2025-09-01,CUST-0138,0,0,0.0,4.62
2025-10-01,CUST-0138,1,0,10.58,3.89
2025-11-01,CUST-0138,1,0,4.33,4.38
2025-12-01,CUST-0138,0,0,0.0,4.97
2026-01-01,CUST-0138,0,0,0.0,5.0
2026-02-01,CUST-0138,1,0,6.34,4.22
2026-03-01,CUST-0138,2,0,8.41,4.89
2026-04-01,CUST-0138,1,0,8.06,4.06
2026-05-01,CUST-0138,1,0,6.73,4.33
2026-06-01,CUST-0138,1,0,9.95,4.57
2026-03-01,CUST-0139,2,1,9.31,4.17
2026-04-01,CUST-0139,2,1,9.99,4.01
2026-05-01,CUST-0139,3,0,0.5,4.15
2026-06-01,CUST-0139,1,0,6.94,4.69
2025-01-01,CUST-0140,1,0,9.04,4.16
2025-02-01,CUST-0140,1,0,2.97,4.09
2025-03-01,CUST-0140,0,0,0.0,4.21
2025-04-01,CUST-0140,0,0,0.0,4.72
2025-05-01,CUST-0140,0,0,0.0,4.46
2025-06-01,CUST-0140,0,0,0.0,4.39
2025-07-01,CUST-0140,0,0,0.0,4.71
2025-08-01,CUST-0140,0,0,0.0,4.66
2025-09-01,CUST-0140,0,0,0.0,4.73
2025-10-01,CUST-0140,1,0,6.25,4.05
2025-11-01,CUST-0140,0,0,0.0,4.48
2025-12-01,CUST-0140,4,0,4.88,4.02
2026-01-01,CUST-0140,1,1,12.47,3.87
2026-02-01,CUST-0140,5,1,11.95,4.01
2026-03-01,CUST-0140,1,0,6.53,4.27
2026-04-01,CUST-0140,0,0,0.0,4.48
2026-05-01,CUST-0140,2,0,11.95,4.06
2026-06-01,CUST-0140,1,0,7.44,4.44
2026-04-01,CUST-0141,1,0,7.08,4.33
2026-05-01,CUST-0141,0,0,0.0,4.43
2026-06-01,CUST-0141,3,0,10.74,3.77
2025-01-01,CUST-0142,1,0,5.8,4.8
2025-02-01,CUST-0142,2,0,4.15,4.92
2025-03-01,CUST-0142,0,0,0.0,4.56
2025-04-01,CUST-0142,0,0,0.0,4.39
2025-05-01,CUST-0142,0,0,0.0,4.52
2025-06-01,CUST-0142,2,0,11.36,4.83
2025-07-01,CUST-0142,3,0,8.41,4.13
2025-08-01,CUST-0142,2,1,10.23,3.78
2025-09-01,CUST-0142,1,1,12.05,4.76
2025-10-01,CUST-0142,1,0,9.87,4.47
2025-11-01,CUST-0142,0,0,0.0,4.35
2025-12-01,CUST-0142,3,0,12.74,4.83
2026-01-01,CUST-0142,1,0,16.07,4.56
2026-02-01,CUST-0142,3,0,8.23,4.59
2026-03-01,CUST-0142,2,0,11.22,3.9
2026-04-01,CUST-0142,2,0,7.21,4.18
2026-05-01,CUST-0142,1,0,13.76,4.24
2026-06-01,CUST-0142,1,0,11.56,3.51
2025-09-01,CUST-0143,0,0,0.0,4.43
2025-10-01,CUST-0143,2,0,10.56,4.47
2025-11-01,CUST-0143,0,0,0.0,4.7
2025-12-01,CUST-0143,1,0,4.78,4.92
2026-01-01,CUST-0143,1,0,6.01,5.0
2026-02-01,CUST-0143,2,0,5.67,4.45
2026-03-01,CUST-0143,1,0,8.63,4.72
2026-04-01,CUST-0143,3,0,9.64,4.62
2026-05-01,CUST-0143,1,0,9.46,4.33
2026-06-01,CUST-0143,2,0,4.88,4.01
2025-01-01,CUST-0144,0,0,0.0,4.69
2025-02-01,CUST-0144,1,0,5.94,4.68
2025-03-01,CUST-0144,2,0,6.58,3.84
2025-04-01,CUST-0144,0,0,0.0,4.5
2025-05-01,CUST-0144,1,0,9.98,4.39
2025-06-01,CUST-0144,2,0,4.85,4.6
2025-07-01,CUST-0144,1,0,10.19,3.93
2025-08-01,CUST-0144,1,0,8.44,4.66
2025-09-01,CUST-0144,0,0,0.0,4.57
2026-03-01,CUST-0145,0,0,0.0,4.39
2026-04-01,CUST-0145,3,0,6.59,4.24
2026-05-01,CUST-0145,3,0,10.38,4.66
2026-06-01,CUST-0145,1,0,10.77,4.3
2025-01-01,CUST-0146,1,0,6.25,4.27
2025-02-01,CUST-0146,3,0,8.35,4.39
2025-03-01,CUST-0146,2,0,6.81,4.92
2025-04-01,CUST-0146,1,0,10.74,4.88
2025-05-01,CUST-0146,1,0,3.66,3.81
2025-06-01,CUST-0146,0,0,0.0,4.48
2025-07-01,CUST-0146,1,0,4.26,4.25
2025-08-01,CUST-0146,2,0,10.29,4.08
2025-09-01,CUST-0146,1,0,5.91,5.0
2025-10-01,CUST-0146,0,0,0.0,4.69
2025-11-01,CUST-0146,1,0,5.39,4.4
2025-12-01,CUST-0146,2,0,5.17,4.09
2026-01-01,CUST-0146,1,0,8.54,4.8
2026-02-01,CUST-0146,0,0,0.0,4.29
2026-03-01,CUST-0146,1,0,8.2,4.23
2026-04-01,CUST-0146,3,0,7.71,4.41
2026-05-01,CUST-0146,1,0,11.9,4.58
2026-06-01,CUST-0146,1,0,6.13,4.33
2025-01-01,CUST-0147,1,0,6.18,4.72
2025-02-01,CUST-0147,4,1,15.15,3.54
2025-03-01,CUST-0147,1,0,5.06,4.83
2025-04-01,CUST-0147,3,1,9.97,4.37
2025-05-01,CUST-0147,3,1,7.13,3.99
2025-06-01,CUST-0147,1,0,6.83,3.9
2025-07-01,CUST-0147,4,0,3.18,3.84
2026-03-01,CUST-0148,2,0,3.53,4.59
2026-04-01,CUST-0148,0,0,0.0,4.52
2026-05-01,CUST-0148,1,0,5.99,4.49
2026-06-01,CUST-0148,2,1,11.6,3.86
2025-04-01,CUST-0149,2,0,4.23,4.04
2025-05-01,CUST-0149,0,0,0.0,4.67
2025-06-01,CUST-0149,1,0,7.14,4.11
2025-07-01,CUST-0149,1,0,3.98,4.18
2025-08-01,CUST-0149,1,0,6.96,4.46
2025-09-01,CUST-0149,1,0,12.57,4.18
2025-10-01,CUST-0149,0,0,0.0,4.44
2025-11-01,CUST-0149,0,0,0.0,4.78
2025-12-01,CUST-0149,1,0,7.02,4.41
2026-01-01,CUST-0149,0,0,0.0,4.77
2026-02-01,CUST-0149,2,0,7.83,4.8
2026-03-01,CUST-0149,1,0,8.39,4.4
2026-04-01,CUST-0149,2,0,6.41,4.23
2026-05-01,CUST-0149,0,0,0.0,4.61
2026-06-01,CUST-0149,0,0,0.0,4.36
2025-06-01,CUST-0150,0,0,0.0,4.31
2025-07-01,CUST-0150,2,0,6.83,4.14
2025-08-01,CUST-0150,1,0,6.58,3.98
2025-09-01,CUST-0150,1,0,5.28,4.55
2025-10-01,CUST-0150,1,0,10.8,4.02
2025-11-01,CUST-0150,0,0,0.0,4.42
2025-12-01,CUST-0150,0,0,0.0,4.51
2026-01-01,CUST-0150,0,0,0.0,4.26
2026-02-01,CUST-0150,2,0,7.08,3.97
2025-09-01,CUST-0151,0,0,0.0,4.95
2025-10-01,CUST-0151,3,1,10.38,3.58
2025-11-01,CUST-0151,1,0,10.97,5.0
2025-12-01,CUST-0151,1,0,5.53,4.1
2026-01-01,CUST-0151,2,0,12.62,3.94
2026-02-01,CUST-0151,2,1,16.17,3.78
2026-03-01,CUST-0151,0,0,0.0,4.71
2026-04-01,CUST-0151,2,0,5.14,4.36
2026-05-01,CUST-0151,0,0,0.0,4.58
2026-06-01,CUST-0151,1,1,10.72,3.76
2025-01-01,CUST-0152,1,0,6.33,4.55
2025-02-01,CUST-0152,2,0,12.93,4.17
2025-03-01,CUST-0152,3,0,6.76,4.51
2025-04-01,CUST-0152,0,0,0.0,4.8
2025-05-01,CUST-0152,0,0,0.0,4.65
2025-06-01,CUST-0152,1,1,11.45,3.69
2025-07-01,CUST-0152,4,0,6.1,4.22
2025-08-01,CUST-0152,0,0,0.0,4.34
2025-09-01,CUST-0152,1,0,6.28,4.27
2025-10-01,CUST-0152,0,0,0.0,4.52
2025-11-01,CUST-0152,2,1,12.2,4.18
2025-12-01,CUST-0152,0,0,0.0,4.4
2026-01-01,CUST-0152,1,0,9.1,4.12
2026-02-01,CUST-0152,3,0,3.92,4.01
2026-03-01,CUST-0152,2,0,10.99,3.88
2026-04-01,CUST-0152,0,0,0.0,4.68
2026-05-01,CUST-0152,1,0,4.23,3.69
2026-06-01,CUST-0152,1,0,9.38,4.58
2025-07-01,CUST-0153,0,0,0.0,4.46
2025-08-01,CUST-0153,0,0,0.0,4.06
2025-09-01,CUST-0153,1,0,12.12,4.45
2025-10-01,CUST-0153,0,0,0.0,4.48
2025-11-01,CUST-0153,1,0,10.38,4.86
2025-12-01,CUST-0153,1,0,11.58,4.09
2026-01-01,CUST-0153,1,0,11.5,4.7
2026-02-01,CUST-0153,3,0,12.07,3.98
2026-03-01,CUST-0153,2,0,4.56,4.11
2026-04-01,CUST-0153,1,0,7.78,3.87
2026-05-01,CUST-0153,0,0,0.0,4.67
2026-06-01,CUST-0153,2,0,7.38,4.83
2025-01-01,CUST-0154,0,0,0.0,4.63
2025-02-01,CUST-0154,3,0,5.25,4.41
2025-03-01,CUST-0154,0,0,0.0,4.3
2025-04-01,CUST-0154,1,0,2.54,4.58
2025-05-01,CUST-0154,0,0,0.0,4.73
2025-06-01,CUST-0154,0,0,0.0,4.41
2025-07-01,CUST-0154,0,0,0.0,4.44
2025-08-01,CUST-0154,2,0,4.32,4.65
2025-09-01,CUST-0154,0,0,0.0,4.33
2025-10-01,CUST-0154,1,1,14.3,3.79
2025-11-01,CUST-0154,0,0,0.0,4.45
2025-12-01,CUST-0154,2,1,10.72,4.16
2026-01-01,CUST-0154,1,0,10.47,4.04
2026-02-01,CUST-0154,1,0,6.53,4.4
2026-03-01,CUST-0154,1,0,8.63,4.61
2026-04-01,CUST-0154,0,0,0.0,4.61
2026-05-01,CUST-0154,0,0,0.0,4.45
2026-06-01,CUST-0154,0,0,0.0,4.53
2025-01-01,CUST-0155,3,0,6.72,4.86
2025-02-01,CUST-0155,1,0,11.09,4.57
2025-03-01,CUST-0155,3,0,7.35,4.25
2025-04-01,CUST-0155,1,0,5.48,4.25
2025-05-01,CUST-0155,1,0,6.36,4.6
2025-06-01,CUST-0155,1,0,7.74,4.35
2025-07-01,CUST-0155,0,0,0.0,4.61
2025-08-01,CUST-0155,1,0,9.43,4.05
2025-09-01,CUST-0155,5,0,9.04,4.05
2025-10-01,CUST-0155,2,0,6.5,3.87
2025-11-01,CUST-0155,1,0,11.75,4.4
2025-12-01,CUST-0155,1,0,3.71,4.45
2026-01-01,CUST-0155,1,0,6.16,4.61
2026-02-01,CUST-0155,3,0,4.74,4.28
2026-03-01,CUST-0155,0,0,0.0,4.12
2026-04-01,CUST-0155,4,2,17.28,3.47
2026-05-01,CUST-0155,0,0,0.0,4.47
2026-06-01,CUST-0155,0,0,0.0,4.62
2025-03-01,CUST-0156,2,0,7.17,4.02
2025-04-01,CUST-0156,1,0,8.07,4.76
2025-05-01,CUST-0156,1,0,5.38,5.0
2025-06-01,CUST-0156,3,0,1.25,4.33
2025-07-01,CUST-0156,2,0,13.65,4.29
2025-08-01,CUST-0156,0,0,0.0,4.46
2025-09-01,CUST-0156,0,0,0.0,4.75
2025-10-01,CUST-0156,1,0,9.92,4.24
2025-11-01,CUST-0156,4,0,13.57,4.04
2025-12-01,CUST-0156,0,0,0.0,4.69
2026-01-01,CUST-0156,0,0,0.0,4.3
2025-01-01,CUST-0157,2,0,6.25,4.14
2025-02-01,CUST-0157,4,0,7.48,4.42
2025-03-01,CUST-0157,1,0,9.41,4.77
2025-04-01,CUST-0157,1,0,2.28,5.0
2025-05-01,CUST-0157,1,0,10.11,4.27
2025-06-01,CUST-0157,0,0,0.0,4.66
2025-07-01,CUST-0157,0,0,0.0,4.56
2025-08-01,CUST-0157,2,0,7.96,4.08
2025-09-01,CUST-0157,2,0,8.15,4.92
2025-10-01,CUST-0157,2,0,11.64,5.0
2025-11-01,CUST-0157,1,0,8.16,4.43
2025-12-01,CUST-0157,2,0,7.34,4.1
2026-01-01,CUST-0157,2,0,5.38,4.48
2026-02-01,CUST-0157,1,0,11.11,5.0
2026-03-01,CUST-0157,1,0,2.42,4.49
2026-04-01,CUST-0157,0,0,0.0,4.44
2026-05-01,CUST-0157,3,0,1.71,4.26
2026-06-01,CUST-0157,2,0,13.01,4.12
2025-01-01,CUST-0158,2,1,17.21,3.28
2025-02-01,CUST-0158,2,0,9.27,4.28
2025-03-01,CUST-0158,1,0,5.28,4.65
2025-04-01,CUST-0158,2,0,6.88,4.78
2025-05-01,CUST-0158,3,0,11.13,4.14
2025-06-01,CUST-0158,2,1,12.32,3.36
2025-07-01,CUST-0158,1,0,3.79,4.46
2025-08-01,CUST-0158,0,0,0.0,4.7
2025-09-01,CUST-0158,2,0,6.56,4.59
2025-10-01,CUST-0158,3,0,3.04,3.74
2025-11-01,CUST-0158,1,0,7.97,4.1
2025-12-01,CUST-0158,2,0,7.32,4.78
2026-01-01,CUST-0158,3,0,3.79,4.02
2026-02-01,CUST-0158,3,0,9.45,4.14
2026-03-01,CUST-0158,0,0,0.0,4.65
2026-04-01,CUST-0158,0,0,0.0,4.42
2026-05-01,CUST-0158,3,0,9.41,4.2
2026-06-01,CUST-0158,3,2,16.14,3.23
2025-01-01,CUST-0159,0,0,0.0,4.5
2025-02-01,CUST-0159,0,0,0.0,4.47
2025-03-01,CUST-0159,1,0,11.11,4.28
2025-04-01,CUST-0159,2,0,5.11,4.58
2025-05-01,CUST-0159,2,0,13.17,4.09
2025-06-01,CUST-0159,2,0,8.14,3.55
2025-07-01,CUST-0159,3,0,7.85,4.35
2025-08-01,CUST-0159,1,0,5.05,4.54
2025-09-01,CUST-0159,0,0,0.0,4.49
2025-10-01,CUST-0159,0,0,0.0,4.38
2025-11-01,CUST-0159,0,0,0.0,4.41
2025-12-01,CUST-0159,2,1,11.5,3.63
2026-01-01,CUST-0159,0,0,0.0,4.9
2026-02-01,CUST-0159,3,1,10.82,3.84
2026-03-01,CUST-0159,1,0,3.95,4.65
2026-04-01,CUST-0159,1,0,8.25,4.69
2026-05-01,CUST-0159,2,0,8.61,4.62
2026-06-01,CUST-0159,1,0,6.15,4.35
2025-01-01,CUST-0160,2,0,6.29,4.25
2025-02-01,CUST-0160,3,2,18.9,4.32
2025-03-01,CUST-0160,1,0,9.21,4.12
2025-04-01,CUST-0160,0,0,0.0,4.48
2025-05-01,CUST-0160,4,0,9.37,4.13
2025-06-01,CUST-0160,3,0,10.01,4.07
2025-07-01,CUST-0160,2,0,6.39,4.68
2025-08-01,CUST-0160,4,0,10.9,3.91
2025-09-01,CUST-0160,3,0,5.73,4.05
2025-10-01,CUST-0160,1,0,9.61,4.29
2025-11-01,CUST-0160,3,0,5.19,4.2
2025-12-01,CUST-0160,2,0,9.3,4.44
2026-01-01,CUST-0160,1,0,10.51,4.34
2026-02-01,CUST-0160,4,0,7.55,4.27
2026-03-01,CUST-0160,1,0,8.28,4.4
2026-04-01,CUST-0160,1,0,6.83,4.71
2026-05-01,CUST-0160,0,0,0.0,4.68
2026-06-01,CUST-0160,3,1,16.93,4.35
2025-01-01,CUST-0161,1,0,4.78,4.39
2025-02-01,CUST-0161,0,0,0.0,4.57
2025-03-01,CUST-0161,1,0,9.2,4.67
2025-04-01,CUST-0161,1,1,10.86,4.31
2025-05-01,CUST-0161,5,0,6.97,5.0
2025-06-01,CUST-0161,3,1,12.41,4.55
2025-07-01,CUST-0161,1,0,0.98,4.47
2025-08-01,CUST-0161,1,0,11.64,4.7
2025-09-01,CUST-0161,1,0,3.63,4.67
2025-10-01,CUST-0161,0,0,0.0,4.48
2025-11-01,CUST-0161,0,0,0.0,4.78
2025-12-01,CUST-0161,2,0,1.69,4.44
2026-01-01,CUST-0161,2,1,12.11,4.11
2026-02-01,CUST-0161,1,0,8.08,4.41
2026-03-01,CUST-0161,1,0,9.29,4.4
2026-04-01,CUST-0161,0,0,0.0,4.39
2026-05-01,CUST-0161,1,0,4.92,4.46
2026-06-01,CUST-0161,2,0,5.77,4.24
2025-11-01,CUST-0162,1,0,5.33,4.36
2025-12-01,CUST-0162,0,0,0.0,4.78
2026-01-01,CUST-0162,0,0,0.0,4.72
2026-02-01,CUST-0162,4,1,12.52,4.21
2026-03-01,CUST-0162,1,0,7.54,3.89
2026-04-01,CUST-0162,1,0,9.98,3.97
2026-05-01,CUST-0162,0,0,0.0,4.51
2026-06-01,CUST-0162,1,0,7.03,4.53
2025-07-01,CUST-0163,0,0,0.0,4.66
2025-08-01,CUST-0163,0,0,0.0,4.42
2025-09-01,CUST-0163,1,0,10.78,4.13
2025-10-01,CUST-0163,0,0,0.0,4.4
2025-11-01,CUST-0163,3,0,13.41,4.2
2025-12-01,CUST-0163,0,0,0.0,4.7
2026-01-01,CUST-0163,0,0,0.0,4.5
2026-02-01,CUST-0163,2,0,8.24,3.94
2026-03-01,CUST-0163,3,0,11.61,3.89
2026-04-01,CUST-0163,1,0,2.42,3.98
2026-05-01,CUST-0163,2,0,9.26,4.32
2026-06-01,CUST-0163,1,0,6.58,4.72
2025-05-01,CUST-0164,1,0,7.21,4.23
2025-06-01,CUST-0164,3,1,13.08,4.04
2025-07-01,CUST-0164,0,0,0.0,4.4
2025-08-01,CUST-0164,3,0,3.68,4.56
2025-09-01,CUST-0164,2,1,13.56,4.24
2025-10-01,CUST-0164,3,0,7.12,4.09
2025-11-01,CUST-0164,2,0,6.73,4.68
2025-12-01,CUST-0164,0,0,0.0,4.49
2026-01-01,CUST-0164,1,1,15.79,4.34
2026-02-01,CUST-0164,3,0,6.64,4.41
2026-03-01,CUST-0164,1,0,4.45,4.15
2026-04-01,CUST-0164,0,0,0.0,4.4
2026-05-01,CUST-0164,2,0,9.07,4.45
2026-06-01,CUST-0164,0,0,0.0,4.33
2025-01-01,CUST-0165,2,0,6.7,4.42
2025-02-01,CUST-0165,0,0,0.0,4.47
2025-03-01,CUST-0165,0,0,0.0,4.44
2025-04-01,CUST-0165,1,0,12.4,4.27
2025-05-01,CUST-0165,1,1,10.62,4.12
2025-06-01,CUST-0165,3,0,5.72,4.41
2025-07-01,CUST-0165,1,0,5.96,4.38
2025-08-01,CUST-0165,1,0,3.7,4.22
2025-09-01,CUST-0165,2,0,10.24,4.02
2025-10-01,CUST-0165,1,0,11.4,4.21
2025-11-01,CUST-0165,1,0,9.22,3.89
2025-12-01,CUST-0165,1,0,4.7,4.68
2026-01-01,CUST-0165,0,0,0.0,4.79
2026-02-01,CUST-0165,1,0,10.26,3.75
2026-03-01,CUST-0165,1,1,8.25,3.96
2026-04-01,CUST-0165,1,1,9.39,3.11
2026-05-01,CUST-0165,0,0,0.0,4.72
2026-06-01,CUST-0165,1,1,8.79,3.51
2025-01-01,CUST-0166,0,0,0.0,4.28
2025-02-01,CUST-0166,2,0,4.98,3.76
2025-03-01,CUST-0166,1,0,9.72,4.54
2025-04-01,CUST-0166,0,0,0.0,4.09
2025-05-01,CUST-0166,1,0,14.29,4.43
2025-06-01,CUST-0166,2,0,13.24,3.8
2025-07-01,CUST-0166,1,0,8.6,4.52
2025-08-01,CUST-0166,0,0,0.0,4.83
2025-09-01,CUST-0166,4,1,14.12,4.39
2025-10-01,CUST-0166,3,1,15.04,3.48
2025-11-01,CUST-0166,4,2,18.41,3.85
2025-12-01,CUST-0166,4,0,6.91,3.21
2026-01-01,CUST-0166,2,1,8.25,3.71
2026-02-01,CUST-0166,2,1,9.7,4.26
2026-03-01,CUST-0166,2,0,6.75,4.13
2026-04-01,CUST-0166,1,1,15.22,3.79
2026-05-01,CUST-0166,2,0,9.84,4.51
2026-06-01,CUST-0166,0,0,0.0,4.3
2025-01-01,CUST-0167,0,0,0.0,4.42
2025-02-01,CUST-0167,1,0,9.41,4.59
2025-03-01,CUST-0167,1,0,3.42,4.06
2025-04-01,CUST-0167,0,0,0.0,4.36
2025-05-01,CUST-0167,2,0,7.19,4.39
2025-06-01,CUST-0167,2,0,6.71,4.48
2025-07-01,CUST-0167,0,0,0.0,4.39
2025-08-01,CUST-0167,1,0,6.03,4.24
2025-09-01,CUST-0167,3,0,11.89,4.29
2025-10-01,CUST-0167,1,0,9.22,4.46
2025-11-01,CUST-0167,0,0,0.0,4.54
2025-12-01,CUST-0167,2,0,8.47,5.0
2026-01-01,CUST-0167,2,1,12.81,3.7
2026-02-01,CUST-0167,2,0,8.24,4.71
2026-03-01,CUST-0167,2,0,7.96,4.59
2026-04-01,CUST-0167,1,0,4.14,3.84
2026-05-01,CUST-0167,1,0,6.86,4.42
2026-06-01,CUST-0167,2,0,7.9,4.2
2025-01-01,CUST-0168,0,0,0.0,4.15
2025-02-01,CUST-0168,0,0,0.0,4.25
2025-03-01,CUST-0168,2,0,6.2,4.36
2025-04-01,CUST-0168,2,0,5.41,5.0
2025-05-01,CUST-0168,3,0,3.95,3.91
2025-06-01,CUST-0168,1,0,5.6,4.19
2025-07-01,CUST-0168,2,0,6.51,4.89
2025-08-01,CUST-0168,1,1,15.95,4.05
2025-09-01,CUST-0168,2,0,11.27,4.01
2025-10-01,CUST-0168,0,0,0.0,4.36
2025-11-01,CUST-0168,0,0,0.0,4.8
2025-12-01,CUST-0168,5,1,10.29,3.82
2026-01-01,CUST-0168,2,1,10.73,3.55
2026-02-01,CUST-0168,0,0,0.0,4.66
2026-03-01,CUST-0168,1,0,5.98,4.15
2026-04-01,CUST-0168,2,0,6.79,3.86
2026-05-01,CUST-0168,2,0,6.15,4.08
2026-06-01,CUST-0168,0,0,0.0,4.36
2025-01-01,CUST-0169,1,0,8.91,3.67
2025-02-01,CUST-0169,2,0,8.04,4.53
2025-03-01,CUST-0169,1,0,5.24,4.18
2025-04-01,CUST-0169,1,0,6.97,4.48
2025-05-01,CUST-0169,0,0,0.0,4.47
2025-06-01,CUST-0169,2,0,13.83,4.01
2025-07-01,CUST-0169,0,0,0.0,4.76
2025-08-01,CUST-0169,1,0,12.88,4.65
2025-09-01,CUST-0169,1,0,5.08,4.46
2025-10-01,CUST-0169,1,0,10.04,4.58
2025-11-01,CUST-0169,1,0,6.6,4.74
2025-12-01,CUST-0169,2,0,9.05,4.32
2026-01-01,CUST-0169,0,0,0.0,4.42
2026-02-01,CUST-0169,1,0,6.11,4.64
2026-03-01,CUST-0169,1,1,12.78,4.23
2026-04-01,CUST-0169,3,0,6.27,4.24
2026-05-01,CUST-0169,0,0,0.0,4.35
2026-06-01,CUST-0169,1,0,6.2,3.66
2025-12-01,CUST-0170,0,0,0.0,4.17
2026-01-01,CUST-0170,0,0,0.0,4.75
2026-02-01,CUST-0170,1,0,14.91,4.88
2026-03-01,CUST-0170,0,0,0.0,4.59
2026-04-01,CUST-0170,0,0,0.0,4.47
2026-05-01,CUST-0170,1,0,7.31,4.3
2026-06-01,CUST-0170,0,0,0.0,4.5
2025-01-01,CUST-0171,1,0,8.33,4.1
2025-02-01,CUST-0171,3,0,3.94,4.8
2025-03-01,CUST-0171,2,0,6.16,3.76
2025-04-01,CUST-0171,1,0,8.28,4.6
2025-05-01,CUST-0171,0,0,0.0,4.32
2025-06-01,CUST-0171,1,1,14.63,3.8
2025-07-01,CUST-0171,1,0,9.4,4.0
2025-08-01,CUST-0171,0,0,0.0,4.5
2025-09-01,CUST-0171,1,0,7.69,4.6
2025-10-01,CUST-0171,0,0,0.0,4.4
2025-11-01,CUST-0171,1,0,7.21,3.98
2025-12-01,CUST-0171,2,0,5.04,3.53
2026-01-01,CUST-0171,1,0,9.17,4.11
2026-02-01,CUST-0171,2,0,5.96,4.49
2026-03-01,CUST-0171,3,0,8.37,4.25
2026-04-01,CUST-0171,1,0,3.79,4.78
2026-05-01,CUST-0171,1,0,6.99,4.52
2026-06-01,CUST-0171,0,0,0.0,5.0
2025-01-01,CUST-0172,0,0,0.0,4.55
2025-02-01,CUST-0172,1,0,13.5,4.72
2025-03-01,CUST-0172,1,0,8.14,4.66
2025-04-01,CUST-0172,1,0,8.16,4.1
2025-05-01,CUST-0172,1,0,4.35,4.13
2025-06-01,CUST-0172,2,0,8.08,4.78
2025-07-01,CUST-0172,0,0,0.0,4.16
2025-08-01,CUST-0172,0,0,0.0,4.32
2025-09-01,CUST-0172,1,0,11.33,3.95
2025-10-01,CUST-0172,0,0,0.0,4.41
2025-11-01,CUST-0172,0,0,0.0,4.73
2025-12-01,CUST-0172,1,0,8.14,4.81
2026-01-01,CUST-0172,1,0,7.19,4.0
2026-02-01,CUST-0172,1,0,8.01,4.04
2026-03-01,CUST-0172,0,0,0.0,4.59
2026-04-01,CUST-0172,1,1,10.01,3.59
2026-05-01,CUST-0172,1,0,6.35,4.35
2026-06-01,CUST-0172,1,0,8.08,4.14
2025-02-01,CUST-0173,1,0,8.64,4.59
2025-03-01,CUST-0173,0,0,0.0,4.77
2025-04-01,CUST-0173,2,0,10.81,4.03
2025-05-01,CUST-0173,0,0,0.0,4.43
2025-06-01,CUST-0173,2,0,7.15,4.41
2025-07-01,CUST-0173,1,0,6.97,4.39
2025-08-01,CUST-0173,1,0,7.7,3.64
2025-09-01,CUST-0174,0,0,0.0,4.48
2025-10-01,CUST-0174,0,0,0.0,4.46
2025-11-01,CUST-0174,0,0,0.0,4.16
2025-12-01,CUST-0174,1,0,8.87,4.57
2026-01-01,CUST-0174,2,1,7.93,4.2
2026-02-01,CUST-0174,4,0,7.25,4.25
2026-03-01,CUST-0174,2,1,8.51,3.44
2026-04-01,CUST-0174,2,0,8.03,4.33
2026-05-01,CUST-0174,0,0,0.0,4.65
2026-06-01,CUST-0174,1,0,5.91,4.73
2025-11-01,CUST-0175,0,0,0.0,4.55
2025-12-01,CUST-0175,0,0,0.0,4.72
2026-01-01,CUST-0175,1,1,10.09,3.93
2026-02-01,CUST-0175,3,0,6.33,4.06
2026-03-01,CUST-0175,2,0,11.33,3.81
2026-04-01,CUST-0175,4,0,7.08,4.5
2026-05-01,CUST-0175,1,0,9.27,4.3
2026-06-01,CUST-0175,4,0,6.54,4.36
2026-04-01,CUST-0176,2,1,12.35,3.97
2026-05-01,CUST-0176,1,0,10.97,4.56
2026-06-01,CUST-0176,4,0,7.57,4.91
2025-11-01,CUST-0177,1,0,7.14,4.08
2025-12-01,CUST-0177,2,0,7.82,4.87
2026-01-01,CUST-0177,0,0,0.0,4.52
2026-02-01,CUST-0177,1,0,4.32,4.34
2026-03-01,CUST-0177,2,0,7.3,4.49
2026-04-01,CUST-0177,0,0,0.0,4.3
2026-05-01,CUST-0177,0,0,0.0,4.48
2026-06-01,CUST-0177,1,0,2.6,4.46
2025-10-01,CUST-0178,2,0,6.04,4.08
2025-11-01,CUST-0178,2,0,13.7,4.53
2025-12-01,CUST-0178,0,0,0.0,4.6
2026-01-01,CUST-0178,0,0,0.0,4.46
2026-02-01,CUST-0178,1,0,9.62,4.42
2026-03-01,CUST-0178,3,0,10.84,4.58
2026-04-01,CUST-0178,0,0,0.0,4.53
2026-05-01,CUST-0178,1,1,10.26,4.55
2026-06-01,CUST-0178,2,0,2.99,4.31
2025-04-01,CUST-0179,0,0,0.0,4.63
2025-05-01,CUST-0179,0,0,0.0,4.71
2025-06-01,CUST-0179,1,0,7.85,4.06
2025-07-01,CUST-0179,0,0,0.0,4.58
2025-08-01,CUST-0179,1,0,3.35,4.97
2025-09-01,CUST-0179,1,0,13.39,5.0
2025-10-01,CUST-0179,1,0,10.04,4.5
2025-11-01,CUST-0179,2,1,9.97,3.77
2025-12-01,CUST-0179,1,0,8.8,4.53
2026-01-01,CUST-0179,2,0,4.39,4.72
2026-02-01,CUST-0179,4,0,2.75,4.48
2026-03-01,CUST-0179,0,0,0.0,4.46
2026-04-01,CUST-0179,2,0,4.81,3.89
2026-05-01,CUST-0179,0,0,0.0,4.62
2026-06-01,CUST-0179,3,1,15.04,4.47
2025-01-01,CUST-0180,0,0,0.0,4.46
2025-02-01,CUST-0180,1,0,8.45,4.51
2025-03-01,CUST-0180,1,1,9.34,4.49
2025-04-01,CUST-0180,2,0,9.8,4.35
2025-05-01,CUST-0180,0,0,0.0,4.39
2025-06-01,CUST-0180,1,0,13.02,3.91
2025-07-01,CUST-0180,0,0,0.0,4.67
2025-08-01,CUST-0180,0,0,0.0,4.51
2025-09-01,CUST-0180,0,0,0.0,4.56
2025-10-01,CUST-0180,2,0,2.86,4.58
2025-11-01,CUST-0180,4,1,7.46,2.66
2025-12-01,CUST-0180,0,0,0.0,4.59
2026-01-01,CUST-0180,1,0,6.35,4.46
2026-02-01,CUST-0180,1,0,7.4,4.67
2026-03-01,CUST-0180,2,0,4.15,4.35
2026-04-01,CUST-0180,1,0,6.61,4.47
2026-05-01,CUST-0180,2,0,2.29,4.93
2026-06-01,CUST-0180,0,0,0.0,4.48
2025-04-01,CUST-0181,0,0,0.0,4.52
2025-05-01,CUST-0181,0,0,0.0,4.7
2025-06-01,CUST-0181,1,0,10.8,4.17
2025-07-01,CUST-0181,1,0,13.07,3.74
2025-08-01,CUST-0181,0,0,0.0,4.68
2025-09-01,CUST-0181,2,0,7.21,4.22
2025-10-01,CUST-0181,0,0,0.0,4.25
2025-11-01,CUST-0181,1,0,4.36,4.43
2025-12-01,CUST-0181,0,0,0.0,4.43
2026-01-01,CUST-0181,0,0,0.0,4.59
2026-02-01,CUST-0181,0,0,0.0,4.95
2026-03-01,CUST-0181,2,0,8.93,4.03
2026-04-01,CUST-0181,0,0,0.0,4.27
2026-05-01,CUST-0181,0,0,0.0,4.61
2025-01-01,CUST-0182,0,0,0.0,4.26
2025-02-01,CUST-0182,1,1,14.55,4.04
2025-03-01,CUST-0182,0,0,0.0,4.81
2025-04-01,CUST-0182,1,0,7.4,4.37
2025-05-01,CUST-0182,1,0,7.74,4.58
2025-06-01,CUST-0182,2,1,10.32,3.75
2025-07-01,CUST-0182,3,1,10.95,3.43
2025-08-01,CUST-0182,0,0,0.0,4.59
2025-09-01,CUST-0182,1,0,7.35,4.39
2025-10-01,CUST-0182,1,0,6.55,4.69
2025-11-01,CUST-0182,0,0,0.0,4.5
2025-12-01,CUST-0182,0,0,0.0,4.57
2026-01-01,CUST-0182,2,0,13.08,4.19
2026-02-01,CUST-0182,3,1,12.74,4.4
2026-03-01,CUST-0182,2,1,13.1,3.89
2026-04-01,CUST-0182,0,0,0.0,4.66
2026-05-01,CUST-0182,1,0,6.62,4.22
2026-06-01,CUST-0182,3,0,3.98,4.46
2025-11-01,CUST-0183,0,0,0.0,4.89
2025-12-01,CUST-0183,2,0,4.6,4.28
2026-01-01,CUST-0183,0,0,0.0,4.59
2026-02-01,CUST-0183,0,0,0.0,4.66
2026-03-01,CUST-0183,1,1,11.01,4.12
2026-04-01,CUST-0183,1,0,0.5,4.47
2026-05-01,CUST-0183,0,0,0.0,4.68
2026-06-01,CUST-0183,1,1,11.89,3.89
2025-01-01,CUST-0184,2,0,7.53,4.75
2025-02-01,CUST-0184,2,1,5.06,3.87
2025-03-01,CUST-0184,2,0,9.54,4.49
2025-04-01,CUST-0184,0,0,0.0,4.49
2025-05-01,CUST-0184,0,0,0.0,4.79
2025-06-01,CUST-0184,0,0,0.0,4.59
2025-07-01,CUST-0184,2,0,5.69,4.35
2025-08-01,CUST-0184,1,0,11.17,4.21
2025-09-01,CUST-0184,2,0,7.87,3.95
2025-10-01,CUST-0184,0,0,0.0,4.32
2025-11-01,CUST-0184,1,0,4.89,4.94
2025-12-01,CUST-0184,1,0,9.53,4.37
2026-01-01,CUST-0184,1,0,8.06,4.23
2026-02-01,CUST-0184,0,0,0.0,4.93
2026-03-01,CUST-0184,3,0,10.91,4.32
2026-04-01,CUST-0184,1,0,5.0,4.19
2026-05-01,CUST-0184,4,0,10.31,3.93
2026-06-01,CUST-0184,0,0,0.0,4.33
2025-01-01,CUST-0185,0,0,0.0,4.32
2025-02-01,CUST-0185,2,0,2.24,4.2
2025-03-01,CUST-0185,1,0,11.83,4.45
2025-04-01,CUST-0185,1,0,3.56,4.73
2025-05-01,CUST-0185,1,0,6.53,4.74
2025-06-01,CUST-0185,4,0,4.32,4.44
2025-07-01,CUST-0185,1,0,6.6,4.82
2025-08-01,CUST-0185,2,0,5.07,4.02
2025-09-01,CUST-0185,2,0,8.63,4.47
2025-10-01,CUST-0185,2,0,12.99,4.17
2025-11-01,CUST-0185,0,0,0.0,5.0
2025-12-01,CUST-0185,1,0,6.51,4.47
2026-01-01,CUST-0185,2,1,8.9,4.4
2026-02-01,CUST-0185,0,0,0.0,4.52
2026-03-01,CUST-0185,0,0,0.0,4.4
2026-04-01,CUST-0185,0,0,0.0,4.8
2026-05-01,CUST-0185,1,0,4.75,4.69
2026-06-01,CUST-0185,4,1,11.55,4.25
2025-03-01,CUST-0186,2,0,4.56,4.69
2025-04-01,CUST-0186,2,0,10.63,4.59
2025-05-01,CUST-0186,2,0,10.3,3.59
2025-06-01,CUST-0186,2,1,13.86,3.73
2025-07-01,CUST-0186,2,0,9.64,3.58
2025-08-01,CUST-0186,0,0,0.0,4.54
2025-09-01,CUST-0186,4,1,16.06,3.82
2025-10-01,CUST-0186,2,0,10.74,4.4
2025-11-01,CUST-0186,1,0,6.29,3.85
2025-12-01,CUST-0186,2,1,10.06,4.6
2026-01-01,CUST-0186,0,0,0.0,4.46
2026-02-01,CUST-0186,1,0,8.2,4.15
2026-03-01,CUST-0186,3,1,19.03,3.87
2026-04-01,CUST-0186,2,0,8.14,3.89
2026-05-01,CUST-0186,0,0,0.0,4.38
2026-06-01,CUST-0186,3,0,7.01,4.4
2025-01-01,CUST-0187,0,0,0.0,4.72
2025-02-01,CUST-0187,2,0,13.84,4.01
2025-03-01,CUST-0187,3,1,16.81,4.02
2025-04-01,CUST-0187,2,0,5.7,4.49
2025-05-01,CUST-0187,2,1,14.19,3.83
2025-06-01,CUST-0187,2,1,14.89,4.8
2025-07-01,CUST-0187,0,0,0.0,4.44
2025-08-01,CUST-0187,0,0,0.0,4.6
2025-09-01,CUST-0187,0,0,0.0,4.35
2025-10-01,CUST-0187,2,1,16.03,4.17
2025-11-01,CUST-0187,4,2,18.61,4.01
2025-12-01,CUST-0187,0,0,0.0,4.47
2026-01-01,CUST-0187,1,0,7.89,4.12
2026-02-01,CUST-0187,2,0,6.36,4.1
2026-03-01,CUST-0187,1,0,2.8,4.44
2026-04-01,CUST-0187,0,0,0.0,4.58
2026-05-01,CUST-0187,0,0,0.0,4.44
2026-06-01,CUST-0187,1,0,10.88,4.46
2025-05-01,CUST-0188,1,0,3.23,3.68
2025-06-01,CUST-0188,0,0,0.0,4.52
2025-07-01,CUST-0188,1,0,5.88,3.83
2025-08-01,CUST-0188,2,1,13.45,3.61
2025-09-01,CUST-0188,0,0,0.0,4.62
2025-10-01,CUST-0188,1,0,4.57,4.58
2025-11-01,CUST-0188,0,0,0.0,4.55
2025-12-01,CUST-0188,1,0,7.13,4.91
2026-01-01,CUST-0188,1,0,13.84,4.41
2026-02-01,CUST-0188,3,0,7.89,4.07
2026-03-01,CUST-0188,1,0,4.73,5.0
2026-04-01,CUST-0188,2,0,11.31,3.73
2026-05-01,CUST-0188,0,0,0.0,4.53
2026-06-01,CUST-0188,0,0,0.0,4.35
2026-04-01,CUST-0189,1,0,7.2,4.23
2026-05-01,CUST-0189,0,0,0.0,4.54
2026-06-01,CUST-0189,0,0,0.0,4.54
2026-02-01,CUST-0190,3,0,8.67,4.34
2026-03-01,CUST-0190,3,0,11.16,4.29
2026-04-01,CUST-0190,1,0,6.59,4.02
2026-05-01,CUST-0190,1,0,7.32,3.88
2026-06-01,CUST-0190,1,0,6.43,4.48
2025-10-01,CUST-0191,2,0,8.22,4.2
2025-11-01,CUST-0191,0,0,0.0,4.53
2025-12-01,CUST-0191,1,0,5.36,4.85
2026-01-01,CUST-0191,1,0,4.87,3.95
2026-02-01,CUST-0191,1,0,7.2,4.4
2026-03-01,CUST-0191,0,0,0.0,4.27
2026-04-01,CUST-0191,0,0,0.0,4.49
2026-05-01,CUST-0191,3,0,7.0,3.51
2026-06-01,CUST-0191,2,0,11.93,4.27
2025-01-01,CUST-0192,1,1,11.08,4.01
2025-02-01,CUST-0192,0,0,0.0,4.71
2025-03-01,CUST-0192,3,1,16.25,3.95
2025-04-01,CUST-0192,3,0,12.88,4.25
2025-05-01,CUST-0192,0,0,0.0,4.1
2025-06-01,CUST-0192,1,0,8.81,4.46
2025-07-01,CUST-0192,1,0,11.35,4.28
2025-08-01,CUST-0192,2,0,6.88,4.46
2025-09-01,CUST-0192,1,0,7.4,4.37
2025-10-01,CUST-0192,1,0,6.75,4.35
2025-11-01,CUST-0192,1,0,5.68,4.07
2025-12-01,CUST-0192,0,0,0.0,4.6
2026-01-01,CUST-0192,1,0,10.28,4.09
2026-02-01,CUST-0192,3,0,4.03,4.68
2026-03-01,CUST-0192,2,0,2.59,4.54
2026-04-01,CUST-0192,2,0,3.56,4.26
2026-05-01,CUST-0192,0,0,0.0,4.8
2026-06-01,CUST-0192,3,0,12.33,3.89
2026-01-01,CUST-0193,2,0,7.34,4.98
2026-02-01,CUST-0193,3,0,6.51,5.0
2026-03-01,CUST-0193,2,0,9.66,3.91
2026-04-01,CUST-0193,2,0,8.16,4.59
2026-05-01,CUST-0193,1,0,10.07,4.18
2026-06-01,CUST-0193,1,0,3.31,3.59
2025-01-01,CUST-0194,0,0,0.0,4.94
2025-02-01,CUST-0194,0,0,0.0,4.67
2025-03-01,CUST-0194,2,0,10.14,4.38
2025-04-01,CUST-0194,2,1,14.52,4.22
2025-05-01,CUST-0194,1,0,9.09,4.19
2025-06-01,CUST-0194,1,0,2.32,4.03
2025-07-01,CUST-0194,2,0,9.67,4.22
2025-08-01,CUST-0194,0,0,0.0,4.59
2025-09-01,CUST-0194,0,0,0.0,4.64
2025-10-01,CUST-0194,0,0,0.0,4.79
2025-11-01,CUST-0194,3,0,11.84,3.47
2025-12-01,CUST-0194,1,0,8.41,4.38
2026-01-01,CUST-0194,2,0,5.07,4.4
2026-02-01,CUST-0194,2,1,9.0,4.36
2026-03-01,CUST-0194,4,0,5.05,4.98
2026-04-01,CUST-0194,0,0,0.0,4.99
2026-05-01,CUST-0194,3,0,6.67,4.41
2026-06-01,CUST-0194,1,0,5.24,4.29
2025-01-01,CUST-0195,2,0,14.09,4.3
2025-02-01,CUST-0195,1,0,6.26,4.66
2025-03-01,CUST-0195,1,0,5.0,5.0
2025-04-01,CUST-0195,1,0,5.53,4.77
2025-05-01,CUST-0195,0,0,0.0,4.7
2025-06-01,CUST-0195,2,0,8.29,4.43
2025-07-01,CUST-0195,2,1,8.8,3.39
2025-08-01,CUST-0195,1,0,8.06,4.21
2025-09-01,CUST-0195,2,0,10.44,4.87
2025-10-01,CUST-0195,3,0,7.48,4.64
2025-11-01,CUST-0195,3,0,9.97,3.79
2025-12-01,CUST-0195,2,0,5.83,4.53
2026-01-01,CUST-0195,1,0,8.55,4.33
2026-02-01,CUST-0195,1,0,6.31,4.39
2026-03-01,CUST-0195,1,0,4.51,4.02
2026-04-01,CUST-0195,3,1,9.11,3.75
2026-05-01,CUST-0195,1,0,8.91,4.09
2026-06-01,CUST-0195,1,0,8.07,4.5
2025-01-01,CUST-0196,0,0,0.0,4.7
2025-02-01,CUST-0196,1,0,8.54,4.42
2025-03-01,CUST-0196,4,0,8.36,4.2
2025-04-01,CUST-0196,0,0,0.0,4.37
2025-05-01,CUST-0196,2,0,10.11,4.13
2025-06-01,CUST-0196,3,1,12.13,3.79
2025-07-01,CUST-0196,2,0,7.41,3.89
2025-08-01,CUST-0196,1,0,5.72,4.14
2025-09-01,CUST-0196,1,1,12.49,3.95
2025-10-01,CUST-0196,0,0,0.0,4.59
2025-11-01,CUST-0196,1,0,5.91,4.16
2025-12-01,CUST-0196,5,1,11.53,3.58
2026-01-01,CUST-0196,0,0,0.0,4.59
2026-02-01,CUST-0196,2,0,7.74,4.29
2026-03-01,CUST-0196,3,0,8.34,4.29
2026-04-01,CUST-0196,2,0,7.15,4.4
2026-05-01,CUST-0196,4,0,10.58,4.41
2026-06-01,CUST-0196,3,0,7.73,3.67
2025-01-01,CUST-0197,0,0,0.0,4.6
2025-02-01,CUST-0197,0,0,0.0,4.46
2025-03-01,CUST-0197,0,0,0.0,4.57
2025-04-01,CUST-0197,2,0,7.74,4.19
2025-05-01,CUST-0197,0,0,0.0,4.42
2025-06-01,CUST-0197,0,0,0.0,4.57
2025-07-01,CUST-0197,1,0,11.85,4.46
2025-08-01,CUST-0197,1,0,8.26,4.01
2025-09-01,CUST-0197,3,0,7.94,4.55
2025-10-01,CUST-0197,0,0,0.0,4.68
2025-11-01,CUST-0197,1,0,5.23,4.38
2025-12-01,CUST-0197,1,0,8.69,4.46
2026-01-01,CUST-0197,2,0,9.42,4.48
2026-02-01,CUST-0197,3,1,13.11,3.67
2026-03-01,CUST-0197,1,1,18.04,3.78
2026-04-01,CUST-0197,2,0,10.97,4.42
2026-05-01,CUST-0197,1,1,12.53,3.95
2026-06-01,CUST-0197,6,0,2.88,4.66
2025-11-01,CUST-0198,1,0,10.14,4.65
2025-12-01,CUST-0198,0,0,0.0,4.42
2026-01-01,CUST-0198,1,0,5.28,4.4
2026-02-01,CUST-0198,0,0,0.0,4.41
2026-03-01,CUST-0198,2,0,6.99,4.52
2026-04-01,CUST-0198,2,1,12.62,4.05
2026-05-01,CUST-0198,0,0,0.0,4.45
2026-06-01,CUST-0198,0,0,0.0,4.36
2025-01-01,CUST-0199,1,0,6.97,4.64
2025-02-01,CUST-0199,1,0,6.77,4.6
2025-03-01,CUST-0199,1,0,1.53,4.34
2025-04-01,CUST-0199,2,0,8.75,4.29
2025-05-01,CUST-0199,1,0,7.33,4.8
2025-06-01,CUST-0199,1,0,4.37,4.6
2025-07-01,CUST-0199,4,0,7.94,4.51
2025-08-01,CUST-0199,0,0,0.0,4.34
2025-09-01,CUST-0199,1,0,5.25,4.38
2025-10-01,CUST-0199,1,0,7.99,4.9
2025-11-01,CUST-0199,2,0,7.11,4.07
2025-12-01,CUST-0199,0,0,0.0,4.8
2026-01-01,CUST-0199,1,0,4.76,3.93
2026-02-01,CUST-0199,3,0,5.51,4.74
2026-03-01,CUST-0199,1,0,5.75,4.14
2026-04-01,CUST-0199,0,0,0.0,4.82
2026-05-01,CUST-0199,2,0,10.74,4.17
2026-06-01,CUST-0199,1,0,10.37,4.48
2025-02-01,CUST-0200,0,0,0.0,4.53
2025-03-01,CUST-0200,1,0,10.3,4.45
2025-04-01,CUST-0200,2,0,4.08,4.54
2025-05-01,CUST-0200,2,0,10.67,5.0
2025-06-01,CUST-0200,1,1,9.07,4.15
2025-07-01,CUST-0200,1,0,4.67,4.01
2025-08-01,CUST-0200,2,0,9.06,4.3
2025-09-01,CUST-0200,0,0,0.0,4.74
2025-10-01,CUST-0200,1,0,3.88,4.26
2025-11-01,CUST-0200,0,0,0.0,4.55
2025-12-01,CUST-0200,4,0,7.81,3.95
2026-01-01,CUST-0200,1,0,2.1,4.86
2026-02-01,CUST-0200,4,0,5.22,4.7
2026-03-01,CUST-0200,1,0,10.66,4.11
2026-04-01,CUST-0200,3,0,9.33,4.61
2026-05-01,CUST-0200,2,0,6.36,4.7
2026-06-01,CUST-0200,1,0,9.23,3.93
2025-01-01,CUST-0201,3,0,5.99,3.81
2025-02-01,CUST-0201,0,0,0.0,4.48
2025-03-01,CUST-0201,1,0,10.66,3.72
2025-04-01,CUST-0201,3,2,9.33,2.76
2025-05-01,CUST-0201,0,0,0.0,4.46
2025-06-01,CUST-0201,0,0,0.0,4.73
2025-07-01,CUST-0201,3,0,3.85,4.19
2025-08-01,CUST-0201,4,0,8.0,3.63
2025-09-01,CUST-0201,0,0,0.0,4.53
2025-10-01,CUST-0201,1,0,6.68,4.68
2025-11-01,CUST-0201,2,0,7.73,4.47
2025-12-01,CUST-0201,0,0,0.0,4.25
2026-01-01,CUST-0201,3,0,8.25,4.4
2026-02-01,CUST-0201,4,0,10.31,4.46
2026-03-01,CUST-0201,2,0,4.17,4.28
2026-04-01,CUST-0201,1,1,5.35,3.69
2026-05-01,CUST-0201,0,0,0.0,4.67
2026-06-01,CUST-0201,0,0,0.0,4.65
2025-09-01,CUST-0202,1,0,8.39,4.85
2025-10-01,CUST-0202,2,1,9.35,3.87
2025-11-01,CUST-0202,1,0,4.88,4.16
2025-12-01,CUST-0202,1,0,8.01,4.87
2026-01-01,CUST-0202,1,0,7.63,4.67
2026-02-01,CUST-0202,1,0,7.53,5.0
2026-03-01,CUST-0202,0,0,0.0,4.65
2026-04-01,CUST-0202,3,0,0.55,4.39
2025-06-01,CUST-0203,0,0,0.0,4.9
2025-07-01,CUST-0203,1,0,1.77,4.95
2025-08-01,CUST-0203,0,0,0.0,4.6
2025-09-01,CUST-0203,0,0,0.0,4.64
2025-10-01,CUST-0203,1,0,10.68,4.71
2025-11-01,CUST-0203,3,0,10.52,4.23
2025-12-01,CUST-0203,2,0,4.94,3.9
2026-01-01,CUST-0203,2,0,7.21,4.81
2026-02-01,CUST-0203,2,0,5.17,4.3
2026-03-01,CUST-0203,2,0,10.2,4.38
2026-04-01,CUST-0203,0,0,0.0,4.52
2026-05-01,CUST-0203,1,0,13.53,4.53
2026-06-01,CUST-0203,3,1,15.07,4.04
2025-01-01,CUST-0204,2,0,6.17,3.94
2025-02-01,CUST-0204,0,0,0.0,4.62
2025-03-01,CUST-0204,0,0,0.0,4.51
2025-04-01,CUST-0204,1,0,7.34,4.29
2025-05-01,CUST-0204,0,0,0.0,4.38
2025-06-01,CUST-0204,2,0,7.58,4.68
2025-07-01,CUST-0204,1,0,8.44,4.26
2025-08-01,CUST-0204,0,0,0.0,4.59
2025-09-01,CUST-0204,2,1,15.25,3.81
2025-10-01,CUST-0204,2,0,8.57,4.12
2025-11-01,CUST-0204,3,0,7.49,4.22
2025-12-01,CUST-0204,0,0,0.0,4.67
2026-01-01,CUST-0204,1,0,5.58,5.0
2026-02-01,CUST-0204,1,1,14.73,3.96
2026-03-01,CUST-0204,2,1,14.57,3.87
2026-04-01,CUST-0204,0,0,0.0,4.61
2026-05-01,CUST-0204,0,0,0.0,4.24
2026-06-01,CUST-0204,0,0,0.0,4.57
2025-08-01,CUST-0205,2,1,9.82,3.73
2025-09-01,CUST-0205,3,0,10.32,4.61
2025-10-01,CUST-0205,1,0,5.39,4.75
2025-11-01,CUST-0205,1,0,10.27,4.92
2025-12-01,CUST-0205,2,0,5.58,4.2
2026-01-01,CUST-0205,0,0,0.0,4.56
2026-02-01,CUST-0205,4,0,4.34,4.26
2026-03-01,CUST-0205,4,0,13.2,4.28
2026-04-01,CUST-0205,5,0,6.59,4.18
2026-05-01,CUST-0205,0,0,0.0,4.5
2026-06-01,CUST-0205,1,0,7.43,4.24
2025-09-01,CUST-0206,2,0,11.38,4.44
2025-10-01,CUST-0206,2,0,7.7,4.96
2025-11-01,CUST-0206,0,0,0.0,4.48
2025-12-01,CUST-0206,0,0,0.0,4.44
2026-01-01,CUST-0206,1,0,5.63,4.32
2026-02-01,CUST-0206,1,1,14.07,3.79
2026-03-01,CUST-0206,0,0,0.0,4.68
2026-04-01,CUST-0206,1,0,5.78,4.64
2026-05-01,CUST-0206,2,0,7.68,5.0
2026-06-01,CUST-0206,1,0,9.52,4.23
2026-02-01,CUST-0207,3,0,7.66,4.26
2026-03-01,CUST-0207,1,0,5.1,3.88
2026-04-01,CUST-0207,5,0,2.83,4.41
2026-05-01,CUST-0207,0,0,0.0,4.54
2026-06-01,CUST-0207,0,0,0.0,4.54
2025-08-01,CUST-0208,2,0,5.69,4.3
2025-09-01,CUST-0208,1,1,11.92,4.12
2025-10-01,CUST-0208,2,0,10.27,3.86
2025-11-01,CUST-0208,2,0,11.17,4.11
2025-12-01,CUST-0208,0,0,0.0,4.34
2026-01-01,CUST-0208,0,0,0.0,4.71
2026-02-01,CUST-0208,4,1,10.25,4.76
2026-03-01,CUST-0208,4,0,7.36,3.55
2026-04-01,CUST-0208,0,0,0.0,4.59
2026-05-01,CUST-0208,1,0,8.84,4.68
2026-06-01,CUST-0208,0,0,0.0,4.63
2025-01-01,CUST-0209,0,0,0.0,4.36
2025-02-01,CUST-0209,1,0,9.33,4.29
2025-03-01,CUST-0209,1,1,14.11,4.25
2025-04-01,CUST-0209,2,0,10.62,3.83
2025-05-01,CUST-0209,0,0,0.0,4.49
2025-06-01,CUST-0209,0,0,0.0,4.76
2025-07-01,CUST-0209,2,0,3.5,3.98
2025-08-01,CUST-0209,0,0,0.0,4.7
2025-09-01,CUST-0209,1,0,9.09,4.3
2025-10-01,CUST-0209,0,0,0.0,4.41
2025-11-01,CUST-0209,0,0,0.0,4.46
2025-12-01,CUST-0209,2,0,6.06,4.71
2026-01-01,CUST-0209,4,0,6.05,3.6
2026-02-01,CUST-0209,3,0,11.61,3.91
2026-03-01,CUST-0209,1,1,12.12,4.32
2026-04-01,CUST-0209,2,0,8.36,3.9
2026-05-01,CUST-0209,0,0,0.0,5.0
2026-06-01,CUST-0209,1,1,11.28,4.28
2025-01-01,CUST-0210,2,0,9.93,4.36
2025-02-01,CUST-0210,1,0,5.36,3.68
2025-03-01,CUST-0210,1,0,4.88,4.56
2025-04-01,CUST-0210,3,1,13.09,3.67
2025-05-01,CUST-0210,1,0,4.2,4.57
2025-06-01,CUST-0210,3,0,12.6,4.73
2025-07-01,CUST-0210,0,0,0.0,4.63
2025-08-01,CUST-0210,1,0,7.58,4.69
2025-09-01,CUST-0210,1,0,13.56,4.82
2025-10-01,CUST-0210,1,1,15.44,3.57
2025-11-01,CUST-0210,2,0,5.97,4.59
2025-12-01,CUST-0210,3,0,3.22,3.99
2026-01-01,CUST-0210,2,0,1.91,4.56
2026-02-01,CUST-0210,0,0,0.0,4.58
2026-03-01,CUST-0210,1,0,7.23,3.96
2026-04-01,CUST-0210,1,0,9.05,4.7
2026-05-01,CUST-0210,1,0,10.31,3.94
2026-06-01,CUST-0210,1,0,9.24,4.09
2025-01-01,CUST-0211,3,1,10.0,3.6
2025-02-01,CUST-0211,0,0,0.0,4.53
2025-03-01,CUST-0211,1,0,10.76,4.21
2025-04-01,CUST-0211,1,0,4.76,4.44
2025-05-01,CUST-0211,1,0,2.87,4.44
2025-06-01,CUST-0211,1,0,5.71,4.05
2025-07-01,CUST-0211,0,0,0.0,4.46
2025-01-01,CUST-0212,1,0,7.11,4.12
2025-02-01,CUST-0212,0,0,0.0,4.45
2025-03-01,CUST-0212,2,0,1.78,4.38
2025-04-01,CUST-0212,0,0,0.0,4.46
2025-05-01,CUST-0212,1,0,8.61,4.74
2025-06-01,CUST-0212,0,0,0.0,4.69
2025-07-01,CUST-0212,2,1,8.41,4.07
2025-08-01,CUST-0212,2,0,10.87,3.98
2025-09-01,CUST-0212,0,0,0.0,4.65
2025-10-01,CUST-0212,0,0,0.0,4.54
2025-11-01,CUST-0212,0,0,0.0,4.7
2025-12-01,CUST-0212,1,0,8.41,4.19
2026-01-01,CUST-0212,2,0,9.1,4.33
2026-02-01,CUST-0212,1,0,7.74,4.52
2026-03-01,CUST-0212,0,0,0.0,4.65
2026-04-01,CUST-0212,2,0,11.64,3.44
2026-05-01,CUST-0212,0,0,0.0,4.95
2026-06-01,CUST-0212,1,0,9.32,4.31
2025-01-01,CUST-0213,2,0,6.89,4.34
2025-02-01,CUST-0213,0,0,0.0,4.89
2025-03-01,CUST-0213,1,0,6.76,4.06
2025-04-01,CUST-0213,0,0,0.0,4.81
2025-05-01,CUST-0213,0,0,0.0,4.54
2025-06-01,CUST-0213,1,0,5.77,4.18
2025-07-01,CUST-0213,1,0,5.36,4.33
2025-08-01,CUST-0213,3,0,7.45,4.49
2025-09-01,CUST-0213,4,0,5.0,4.0
2025-10-01,CUST-0213,1,1,13.46,3.62
2025-11-01,CUST-0213,3,0,2.99,3.99
2025-12-01,CUST-0213,1,0,6.17,4.44
2026-01-01,CUST-0213,1,0,11.66,4.26
2026-02-01,CUST-0213,1,0,10.96,4.24
2026-03-01,CUST-0213,1,0,9.46,4.73
2026-04-01,CUST-0213,5,0,3.14,3.33
2026-05-01,CUST-0213,1,0,8.67,4.2
2026-06-01,CUST-0213,1,0,4.68,3.38
2025-11-01,CUST-0214,1,1,9.02,4.21
2025-12-01,CUST-0214,1,0,9.39,4.4
2026-01-01,CUST-0214,3,0,8.1,4.0
2026-02-01,CUST-0214,1,0,3.77,4.05
2026-03-01,CUST-0214,1,1,13.17,4.12
2026-04-01,CUST-0214,2,0,11.63,4.56
2026-05-01,CUST-0214,1,0,10.13,4.26
2026-06-01,CUST-0214,1,0,6.86,4.78
2025-01-01,CUST-0215,3,0,6.37,4.34
2025-02-01,CUST-0215,0,0,0.0,4.48
2025-03-01,CUST-0215,5,0,9.69,4.33
2025-04-01,CUST-0215,1,0,10.28,4.74
2025-05-01,CUST-0215,0,0,0.0,4.23
2025-06-01,CUST-0215,1,0,6.1,4.04
2025-07-01,CUST-0215,2,0,3.38,4.73
2025-08-01,CUST-0215,1,0,12.01,4.37
2025-09-01,CUST-0215,1,0,6.0,4.81
2025-10-01,CUST-0215,2,0,4.37,4.05
2025-11-01,CUST-0215,2,0,6.18,4.21
2025-12-01,CUST-0215,2,0,11.67,4.34
2026-01-01,CUST-0215,0,0,0.0,4.5
2026-02-01,CUST-0215,1,0,1.99,4.37
2026-03-01,CUST-0215,1,1,13.17,4.48
2026-04-01,CUST-0215,0,0,0.0,4.68
2026-05-01,CUST-0215,0,0,0.0,4.46
2026-06-01,CUST-0215,1,0,10.13,3.91
2025-01-01,CUST-0216,1,0,6.96,4.36
2025-02-01,CUST-0216,1,0,5.41,4.31
2025-03-01,CUST-0216,1,0,5.65,4.42
2025-04-01,CUST-0216,1,0,13.12,4.23
2025-05-01,CUST-0216,1,0,5.75,4.53
2025-06-01,CUST-0216,1,0,6.72,4.31
2025-07-01,CUST-0216,2,0,5.68,4.14
2025-08-01,CUST-0216,0,0,0.0,4.71
2025-09-01,CUST-0216,0,0,0.0,4.42
2025-10-01,CUST-0216,1,0,8.24,4.94
2025-11-01,CUST-0216,2,0,10.61,4.32
2025-12-01,CUST-0216,0,0,0.0,4.49
2026-01-01,CUST-0216,0,0,0.0,4.56
2026-02-01,CUST-0216,0,0,0.0,4.49
2026-03-01,CUST-0216,1,0,5.59,4.5
2026-04-01,CUST-0216,2,0,5.55,4.48
2026-05-01,CUST-0216,1,0,7.66,4.49
2026-06-01,CUST-0216,1,0,8.39,5.0
2026-03-01,CUST-0217,1,0,5.8,4.64
2026-04-01,CUST-0217,2,1,10.0,4.03
2026-05-01,CUST-0217,0,0,0.0,4.62
2026-06-01,CUST-0217,2,0,9.79,4.22
2025-10-01,CUST-0218,1,0,3.15,4.3
2025-11-01,CUST-0218,3,0,9.16,4.59
2025-12-01,CUST-0218,2,1,12.53,4.02
2026-01-01,CUST-0218,0,0,0.0,4.42
2026-02-01,CUST-0218,4,0,9.06,4.35
2026-03-01,CUST-0218,1,0,10.45,4.23
2026-04-01,CUST-0218,4,1,8.89,4.01
2026-05-01,CUST-0218,2,0,9.65,4.48
2026-06-01,CUST-0218,1,0,11.11,4.09
2025-12-01,CUST-0219,3,0,8.19,4.16
2026-01-01,CUST-0219,5,0,9.93,4.51
2026-02-01,CUST-0219,1,0,9.56,3.68
2026-03-01,CUST-0219,1,0,5.15,4.39
2026-04-01,CUST-0219,5,0,6.45,4.44
2026-05-01,CUST-0219,4,0,7.68,4.39
2026-06-01,CUST-0219,2,0,3.82,4.05
2025-10-01,CUST-0220,3,0,8.61,4.58
2025-11-01,CUST-0220,1,0,7.12,4.08
2025-12-01,CUST-0220,1,1,11.02,4.13
2026-01-01,CUST-0220,0,0,0.0,4.37
2026-02-01,CUST-0220,2,0,11.14,4.3
2026-03-01,CUST-0220,1,0,11.43,4.38
2026-04-01,CUST-0220,1,0,12.35,4.91
2026-05-01,CUST-0220,3,0,6.35,4.33
2026-06-01,CUST-0220,1,0,11.67,3.86
2025-06-01,CUST-0221,5,0,9.49,4.19
2025-07-01,CUST-0221,0,0,0.0,4.74
2025-08-01,CUST-0221,2,0,4.41,3.93
2025-09-01,CUST-0221,0,0,0.0,4.49
2025-10-01,CUST-0221,2,0,10.71,4.59
2025-11-01,CUST-0221,1,1,12.05,3.82
2025-12-01,CUST-0221,0,0,0.0,4.33
2026-01-01,CUST-0221,0,0,0.0,4.37
2026-02-01,CUST-0221,2,0,6.28,3.63
2026-03-01,CUST-0221,0,0,0.0,4.36
2026-04-01,CUST-0221,0,0,0.0,4.34
2026-05-01,CUST-0221,1,0,11.3,3.9
2026-06-01,CUST-0221,1,0,7.06,4.11
2026-04-01,CUST-0222,1,0,12.12,4.54
2026-05-01,CUST-0222,1,0,5.63,4.57
2026-06-01,CUST-0222,0,0,0.0,4.97
2025-04-01,CUST-0223,0,0,0.0,4.69
2025-05-01,CUST-0223,0,0,0.0,4.68
2025-06-01,CUST-0223,2,0,7.25,4.94
2025-07-01,CUST-0223,2,0,7.8,4.26
2025-08-01,CUST-0223,2,0,10.94,4.28
2025-09-01,CUST-0223,1,0,8.79,4.42
2025-10-01,CUST-0223,0,0,0.0,4.38
2025-11-01,CUST-0223,4,0,8.28,4.45
2025-12-01,CUST-0223,2,0,5.89,3.92
2026-01-01,CUST-0223,3,0,3.82,4.09
2026-02-01,CUST-0223,0,0,0.0,4.57
2026-03-01,CUST-0223,4,0,8.11,4.42
2026-04-01,CUST-0223,1,0,10.2,3.49
2026-05-01,CUST-0223,2,0,7.45,4.33
2026-06-01,CUST-0223,5,1,11.79,4.07
2025-01-01,CUST-0224,2,1,14.37,4.33
2025-02-01,CUST-0224,2,0,6.13,4.4
2025-03-01,CUST-0224,2,0,6.91,4.53
2025-04-01,CUST-0224,0,0,0.0,4.43
2025-05-01,CUST-0224,2,0,7.79,3.95
2025-06-01,CUST-0224,0,0,0.0,4.79
2025-07-01,CUST-0224,0,0,0.0,4.5
2025-08-01,CUST-0224,1,0,8.88,4.12
2025-09-01,CUST-0224,0,0,0.0,4.09
2025-10-01,CUST-0224,2,0,7.43,4.57
2025-11-01,CUST-0224,1,0,9.46,3.87
2025-12-01,CUST-0224,1,0,11.08,4.3
2026-01-01,CUST-0224,1,0,7.96,4.94
2026-02-01,CUST-0224,1,0,9.94,3.87
2026-03-01,CUST-0224,2,0,4.93,4.24
2026-04-01,CUST-0224,1,0,6.86,3.72
2026-05-01,CUST-0224,2,0,7.38,4.33
2026-06-01,CUST-0224,2,0,10.04,4.69
2025-01-01,CUST-0225,1,0,4.61,4.49
2025-02-01,CUST-0225,0,0,0.0,4.3
2025-03-01,CUST-0225,1,0,11.66,5.0
2025-04-01,CUST-0225,3,1,13.56,4.2
2025-05-01,CUST-0225,2,0,11.93,4.08
2025-06-01,CUST-0225,0,0,0.0,4.33
2025-07-01,CUST-0225,1,0,12.74,4.44
2025-08-01,CUST-0225,3,1,10.57,3.83
2025-09-01,CUST-0225,3,0,6.41,4.14
2025-10-01,CUST-0225,4,0,3.77,4.63
2025-11-01,CUST-0225,1,0,11.69,4.77
2025-12-01,CUST-0225,3,1,9.9,3.98
2026-01-01,CUST-0225,2,0,10.25,3.83
2026-02-01,CUST-0225,2,1,16.9,3.6
2026-03-01,CUST-0225,3,0,1.85,3.83
2026-04-01,CUST-0225,1,0,9.26,4.57
2026-05-01,CUST-0225,0,0,0.0,4.65
2026-06-01,CUST-0225,2,0,6.49,3.77
2025-01-01,CUST-0226,1,1,13.96,3.81
2025-02-01,CUST-0226,2,0,4.7,4.34
2025-03-01,CUST-0226,1,0,6.75,4.04
2025-04-01,CUST-0226,0,0,0.0,4.65
2025-05-01,CUST-0226,2,0,7.46,4.2
2025-06-01,CUST-0226,0,0,0.0,4.67
2025-07-01,CUST-0226,1,0,9.89,4.21
2025-08-01,CUST-0226,1,0,12.29,4.6
2025-09-01,CUST-0226,0,0,0.0,4.54
2025-10-01,CUST-0226,0,0,0.0,4.78
2025-11-01,CUST-0226,0,0,0.0,4.67
2025-12-01,CUST-0226,2,0,10.11,4.64
2026-01-01,CUST-0226,0,0,0.0,4.54
2026-02-01,CUST-0226,3,0,4.01,3.79
2026-03-01,CUST-0226,3,0,9.1,4.62
2026-04-01,CUST-0226,0,0,0.0,4.76
2026-05-01,CUST-0226,1,0,5.4,4.96
2026-06-01,CUST-0226,1,0,9.17,4.19
2025-01-01,CUST-0227,0,0,0.0,4.49
2025-02-01,CUST-0227,0,0,0.0,4.6
2025-03-01,CUST-0227,1,0,3.01,3.98
2025-04-01,CUST-0227,0,0,0.0,4.57
2025-05-01,CUST-0227,0,0,0.0,4.4
2025-06-01,CUST-0227,2,0,5.57,3.81
2025-07-01,CUST-0227,1,0,4.24,4.52
2025-08-01,CUST-0227,2,0,7.42,4.63
2025-09-01,CUST-0227,3,1,13.42,3.8
2025-10-01,CUST-0227,1,0,2.48,4.2
2025-11-01,CUST-0227,0,0,0.0,4.77
2025-12-01,CUST-0227,1,1,12.93,4.35
2026-01-01,CUST-0227,2,0,8.37,4.58
2026-02-01,CUST-0227,0,0,0.0,4.75
2026-03-01,CUST-0227,2,0,7.46,4.66
2026-04-01,CUST-0227,0,0,0.0,4.48
2026-05-01,CUST-0227,1,0,10.82,3.88
2026-06-01,CUST-0227,1,0,16.75,3.64
2025-01-01,CUST-0228,1,0,3.07,4.39
2025-02-01,CUST-0228,2,2,20.12,3.33
2025-03-01,CUST-0228,0,0,0.0,4.3
2025-04-01,CUST-0228,1,0,8.92,4.02
2025-05-01,CUST-0228,0,0,0.0,4.56
2025-06-01,CUST-0228,1,0,8.93,5.0
2025-07-01,CUST-0228,3,0,10.29,4.06
2025-08-01,CUST-0228,2,0,7.16,3.76
2025-09-01,CUST-0228,2,0,11.74,4.66
2025-10-01,CUST-0228,2,0,7.15,4.15
2025-11-01,CUST-0228,3,0,11.66,4.43
2025-12-01,CUST-0228,2,0,6.69,5.0
2026-01-01,CUST-0228,1,0,4.59,4.72
2026-02-01,CUST-0228,1,0,2.37,3.82
2026-03-01,CUST-0228,1,0,8.62,4.43
2026-04-01,CUST-0228,0,0,0.0,4.37
2026-05-01,CUST-0228,1,0,5.48,4.32
2026-06-01,CUST-0228,2,1,14.76,3.8
2025-05-01,CUST-0229,2,0,12.9,4.88
2025-06-01,CUST-0229,2,0,10.02,4.1
2025-07-01,CUST-0229,1,0,3.26,4.14
2025-08-01,CUST-0229,1,0,4.58,4.19
2025-09-01,CUST-0229,1,0,7.87,4.52
2025-10-01,CUST-0229,2,0,5.71,4.2
2025-11-01,CUST-0229,1,0,8.36,4.39
2025-12-01,CUST-0229,0,0,0.0,4.54
2026-01-01,CUST-0229,0,0,0.0,4.44
2026-02-01,CUST-0229,1,0,5.41,3.74
2026-03-01,CUST-0229,1,0,8.01,4.65
2026-04-01,CUST-0229,2,0,8.08,3.83
2026-05-01,CUST-0229,0,0,0.0,4.88
2026-06-01,CUST-0229,1,0,8.85,4.35
2025-01-01,CUST-0230,1,0,11.24,4.4
2025-02-01,CUST-0230,3,0,5.65,3.87
2025-03-01,CUST-0230,2,0,4.63,4.09
2025-04-01,CUST-0230,2,1,14.03,3.8
2025-05-01,CUST-0230,1,0,10.3,4.59
2025-06-01,CUST-0230,1,0,8.71,4.39
2025-07-01,CUST-0230,1,0,2.79,4.0
2025-08-01,CUST-0230,4,0,6.96,3.87
2025-09-01,CUST-0230,4,0,7.52,3.92
2025-10-01,CUST-0230,2,0,6.57,4.41
2025-11-01,CUST-0230,0,0,0.0,4.31
2025-12-01,CUST-0230,3,1,12.93,4.84
2026-01-01,CUST-0230,2,0,10.83,3.98
2026-02-01,CUST-0230,4,0,6.96,4.31
2026-03-01,CUST-0230,1,0,6.64,4.23
2026-04-01,CUST-0230,4,1,13.95,3.84
2026-05-01,CUST-0230,1,1,11.26,3.88
2026-06-01,CUST-0230,2,0,11.97,4.38
2025-04-01,CUST-0231,1,0,8.94,4.62
2025-05-01,CUST-0231,1,0,8.1,3.92
2025-06-01,CUST-0231,2,0,6.56,4.37
2025-07-01,CUST-0231,0,0,0.0,4.78
2025-08-01,CUST-0231,0,0,0.0,4.83
2025-09-01,CUST-0231,2,1,14.88,3.71
2025-10-01,CUST-0231,3,1,12.85,4.33
2025-11-01,CUST-0231,0,0,0.0,4.86
2025-12-01,CUST-0231,1,0,10.07,4.26
2026-01-01,CUST-0231,0,0,0.0,4.27
2026-02-01,CUST-0231,0,0,0.0,4.82
2026-03-01,CUST-0231,4,0,8.71,3.95
2026-04-01,CUST-0231,0,0,0.0,4.58
2026-05-01,CUST-0231,0,0,0.0,4.19
2026-06-01,CUST-0231,0,0,0.0,5.0
2025-02-01,CUST-0232,1,0,8.77,4.38
2025-03-01,CUST-0232,1,0,11.17,4.5
2025-04-01,CUST-0232,2,0,9.77,3.97
2025-05-01,CUST-0232,2,0,7.19,4.25
2025-06-01,CUST-0232,1,0,6.91,4.37
2025-07-01,CUST-0232,1,0,4.0,4.09
2025-08-01,CUST-0232,0,0,0.0,4.38
2025-09-01,CUST-0232,0,0,0.0,4.63
2025-10-01,CUST-0232,0,0,0.0,4.7
2025-11-01,CUST-0232,1,1,10.79,3.73
2025-12-01,CUST-0232,0,0,0.0,5.0
2026-01-01,CUST-0232,2,0,8.41,4.7
2026-02-01,CUST-0232,2,0,13.42,4.2
2026-03-01,CUST-0232,2,0,9.51,3.88
2026-04-01,CUST-0232,2,0,5.85,4.88
2026-05-01,CUST-0232,1,0,3.96,4.6
2026-06-01,CUST-0232,2,0,7.41,4.76
2025-05-01,CUST-0233,0,0,0.0,4.43
2025-06-01,CUST-0233,2,0,2.12,4.17
2025-07-01,CUST-0233,1,0,7.72,4.69
2025-08-01,CUST-0233,0,0,0.0,4.56
2025-09-01,CUST-0233,0,0,0.0,4.73
2025-10-01,CUST-0233,3,0,8.78,3.74
2025-11-01,CUST-0233,1,1,11.31,4.0
2025-12-01,CUST-0233,2,0,4.46,4.0
2026-01-01,CUST-0233,2,0,7.82,4.08
2026-02-01,CUST-0233,4,0,9.78,4.08
2026-03-01,CUST-0233,0,0,0.0,4.73
2026-04-01,CUST-0233,0,0,0.0,4.62
2026-05-01,CUST-0233,1,0,9.5,4.46
2026-06-01,CUST-0233,1,0,11.91,4.79
2025-07-01,CUST-0234,1,1,12.21,3.82
2025-08-01,CUST-0234,2,0,6.04,3.82
2025-09-01,CUST-0234,1,0,8.82,3.99
2025-10-01,CUST-0234,0,0,0.0,4.6
2025-11-01,CUST-0234,1,0,13.4,4.52
2025-12-01,CUST-0234,1,0,9.64,4.41
2026-01-01,CUST-0234,0,0,0.0,4.63
2026-02-01,CUST-0234,1,0,3.51,4.65
2026-03-01,CUST-0234,2,0,8.21,3.95
2026-04-01,CUST-0234,2,0,6.67,4.21
2026-05-01,CUST-0234,1,1,12.42,3.71
2026-06-01,CUST-0234,2,0,8.61,4.78
2025-01-01,CUST-0235,0,0,0.0,4.28
2025-02-01,CUST-0235,1,0,8.76,4.1
2025-03-01,CUST-0235,2,0,7.49,4.63
2025-04-01,CUST-0235,1,0,6.82,3.92
2025-05-01,CUST-0235,2,0,10.45,4.69
2025-06-01,CUST-0235,0,0,0.0,4.06
2025-07-01,CUST-0235,2,0,6.15,5.0
2025-08-01,CUST-0235,3,0,5.01,4.29
2025-09-01,CUST-0235,0,0,0.0,4.3
2025-10-01,CUST-0235,1,0,9.61,4.66
2025-11-01,CUST-0235,1,0,7.17,3.74
2025-12-01,CUST-0235,0,0,0.0,4.31
2026-01-01,CUST-0235,1,0,3.39,4.7
2026-02-01,CUST-0235,1,1,13.83,3.63
2026-03-01,CUST-0235,2,0,6.57,4.03
2026-04-01,CUST-0235,1,0,0.63,4.45
2026-05-01,CUST-0235,2,0,5.49,4.39
2026-06-01,CUST-0235,0,0,0.0,4.36
2025-12-01,CUST-0236,0,0,0.0,4.39
2026-01-01,CUST-0236,0,0,0.0,4.49
2026-02-01,CUST-0236,0,0,0.0,4.81
2026-03-01,CUST-0236,0,0,0.0,4.75
2026-04-01,CUST-0236,1,0,9.44,4.57
2026-05-01,CUST-0236,1,0,3.15,4.31
2026-06-01,CUST-0236,1,0,10.17,4.25
2026-02-01,CUST-0237,1,0,8.82,4.11
2026-03-01,CUST-0237,0,0,0.0,4.55
2026-04-01,CUST-0237,2,1,11.66,3.71
2026-05-01,CUST-0237,1,0,7.04,4.75
2026-06-01,CUST-0237,3,1,10.37,3.97
2025-11-01,CUST-0238,0,0,0.0,4.25
2025-12-01,CUST-0238,1,0,5.67,4.99
2026-01-01,CUST-0238,0,0,0.0,4.11
2026-02-01,CUST-0238,2,0,10.74,4.47
2026-03-01,CUST-0238,1,0,13.78,4.5
2026-04-01,CUST-0238,0,0,0.0,4.54
2026-05-01,CUST-0238,3,0,6.97,4.57
2026-06-01,CUST-0238,0,0,0.0,4.33
2025-01-01,CUST-0239,2,0,5.7,4.18
2025-02-01,CUST-0239,0,0,0.0,5.0
2025-03-01,CUST-0239,0,0,0.0,4.41
2025-04-01,CUST-0239,2,0,2.51,4.53
2025-05-01,CUST-0239,1,0,9.0,4.22
2025-06-01,CUST-0239,0,0,0.0,4.77
2025-07-01,CUST-0239,2,0,6.27,4.93
2025-08-01,CUST-0239,1,0,5.82,4.42
2025-09-01,CUST-0239,2,0,8.81,4.4
2025-10-01,CUST-0239,4,0,7.07,3.86
2025-11-01,CUST-0239,1,0,5.71,4.38
2025-12-01,CUST-0239,0,0,0.0,4.55
2026-01-01,CUST-0239,4,0,10.56,3.35
2026-02-01,CUST-0239,1,1,13.49,4.36
2026-03-01,CUST-0239,2,0,8.82,4.03
2026-04-01,CUST-0239,1,0,10.13,3.9
2026-05-01,CUST-0239,1,0,6.92,4.33
2026-06-01,CUST-0239,1,0,13.73,4.87
2025-05-01,CUST-0240,0,0,0.0,4.82
2025-06-01,CUST-0240,1,0,7.2,4.09
2025-07-01,CUST-0240,3,0,9.24,4.98
2025-08-01,CUST-0240,1,0,5.1,4.42
2025-09-01,CUST-0240,0,0,0.0,4.32
2025-10-01,CUST-0240,3,1,12.05,3.98
2025-11-01,CUST-0240,0,0,0.0,4.7
2025-12-01,CUST-0240,1,1,12.81,3.97
2026-01-01,CUST-0240,1,0,8.64,4.63
2026-02-01,CUST-0240,3,1,12.77,4.08
2026-03-01,CUST-0240,1,0,4.87,4.63
2026-04-01,CUST-0240,1,0,5.88,4.53
2026-05-01,CUST-0240,0,0,0.0,4.69
2026-06-01,CUST-0240,3,0,10.81,4.34
2026-02-01,CUST-0241,2,0,8.11,3.83
2026-03-01,CUST-0241,0,0,0.0,4.55
2026-04-01,CUST-0241,1,0,8.84,4.64
2026-05-01,CUST-0241,2,2,19.7,3.53
2026-06-01,CUST-0241,0,0,0.0,4.5
2025-01-01,CUST-0242,2,0,7.67,4.42
2025-02-01,CUST-0242,1,0,9.46,5.0
2025-03-01,CUST-0242,2,0,8.44,4.47
2025-04-01,CUST-0242,0,0,0.0,4.2
2025-05-01,CUST-0242,2,0,8.55,4.15
2025-06-01,CUST-0242,1,1,5.71,4.45
2025-07-01,CUST-0242,1,0,8.25,4.15
2025-08-01,CUST-0242,0,0,0.0,4.75
2025-09-01,CUST-0242,1,0,4.12,4.78
2025-10-01,CUST-0242,2,0,6.47,4.68
2025-11-01,CUST-0242,1,0,3.46,4.36
2025-12-01,CUST-0242,1,0,5.61,4.53
2026-01-01,CUST-0242,2,0,8.74,3.78
2026-02-01,CUST-0242,3,1,8.83,4.59
2026-03-01,CUST-0242,1,0,6.36,4.08
2026-04-01,CUST-0242,1,0,11.36,4.48
2026-05-01,CUST-0242,0,0,0.0,4.69
2026-06-01,CUST-0242,0,0,0.0,4.47
2025-04-01,CUST-0243,0,0,0.0,4.72
2025-05-01,CUST-0243,0,0,0.0,4.58
2025-06-01,CUST-0243,1,0,9.58,4.2
2025-07-01,CUST-0243,2,1,11.92,4.52
2025-08-01,CUST-0243,1,0,4.67,4.55
2025-09-01,CUST-0243,0,0,0.0,4.17
2025-10-01,CUST-0243,2,0,5.91,4.16
2025-11-01,CUST-0243,1,0,8.96,4.75
2025-12-01,CUST-0243,1,0,9.5,4.81
2026-01-01,CUST-0243,2,1,15.5,3.84
2026-02-01,CUST-0243,4,1,7.33,3.7
2026-03-01,CUST-0243,3,0,3.51,3.95
2026-04-01,CUST-0243,0,0,0.0,4.82
2026-05-01,CUST-0243,1,0,4.84,3.64
2026-06-01,CUST-0243,2,0,8.91,3.86
2025-01-01,CUST-0244,1,0,4.7,4.74
2025-02-01,CUST-0244,0,0,0.0,4.66
2025-03-01,CUST-0244,0,0,0.0,4.5
2025-04-01,CUST-0244,2,0,7.78,4.16
2026-02-01,CUST-0245,3,0,12.64,4.44
2026-03-01,CUST-0245,1,0,4.76,4.0
2026-04-01,CUST-0245,3,0,6.33,4.35
2026-05-01,CUST-0245,0,0,0.0,4.35
2026-06-01,CUST-0245,0,0,0.0,4.49
2025-01-01,CUST-0246,2,0,8.68,3.91
2025-02-01,CUST-0246,0,0,0.0,4.55
2025-03-01,CUST-0246,2,0,5.22,4.65
2025-04-01,CUST-0246,1,0,7.57,4.27
2025-05-01,CUST-0246,1,1,14.39,3.58
2025-06-01,CUST-0246,1,0,3.88,4.43
2025-07-01,CUST-0246,0,0,0.0,4.44
2025-08-01,CUST-0246,2,0,4.33,4.09
2025-09-01,CUST-0246,0,0,0.0,4.42
2025-10-01,CUST-0246,1,0,4.51,4.33
2025-11-01,CUST-0246,1,0,9.13,4.47
2025-12-01,CUST-0246,0,0,0.0,4.43
2026-01-01,CUST-0246,0,0,0.0,4.61
2026-02-01,CUST-0246,1,0,4.0,4.03
2026-03-01,CUST-0246,2,0,5.84,3.78
2026-04-01,CUST-0246,0,0,0.0,4.62
2026-05-01,CUST-0246,0,0,0.0,4.38
2026-06-01,CUST-0246,3,0,4.1,4.01
2025-01-01,CUST-0247,2,0,8.61,4.5
2025-02-01,CUST-0247,1,0,3.87,4.44
2025-03-01,CUST-0247,2,0,6.75,4.79
2025-04-01,CUST-0247,1,0,5.19,3.89
2025-05-01,CUST-0247,5,0,7.87,3.85
2025-06-01,CUST-0247,2,1,18.99,4.01
2025-07-01,CUST-0247,0,0,0.0,4.59
2025-08-01,CUST-0247,5,0,4.12,4.44
2025-09-01,CUST-0247,0,0,0.0,4.67
2025-10-01,CUST-0247,5,0,8.76,3.86
2025-11-01,CUST-0247,2,0,6.83,4.68
2025-12-01,CUST-0247,0,0,0.0,4.38
2026-01-01,CUST-0247,4,0,9.8,4.42
2026-02-01,CUST-0247,4,0,8.78,4.03
2026-03-01,CUST-0247,2,0,9.81,4.18
2026-04-01,CUST-0247,1,1,11.96,3.7
2026-05-01,CUST-0247,2,0,11.01,4.13
2026-06-01,CUST-0247,2,0,4.15,4.05
2025-04-01,CUST-0248,1,0,5.7,4.02
2025-05-01,CUST-0248,1,0,10.24,4.47
2025-06-01,CUST-0248,1,0,8.75,4.44
2025-07-01,CUST-0248,1,0,3.9,4.32
2025-08-01,CUST-0248,0,0,0.0,4.68
2025-09-01,CUST-0248,1,0,6.97,4.48
2025-10-01,CUST-0248,1,0,3.83,4.88
2025-11-01,CUST-0248,2,0,13.82,4.33
2025-12-01,CUST-0248,1,0,9.61,4.63
2026-01-01,CUST-0248,0,0,0.0,4.21
2026-02-01,CUST-0248,0,0,0.0,4.75
2026-03-01,CUST-0248,2,0,2.48,4.44
2026-04-01,CUST-0248,0,0,0.0,4.6
2026-05-01,CUST-0248,1,0,9.19,4.19
2026-06-01,CUST-0248,1,0,5.9,4.16
2025-01-01,CUST-0249,0,0,0.0,4.63
2025-02-01,CUST-0249,0,0,0.0,4.67
2025-03-01,CUST-0249,5,0,7.88,4.2
2025-04-01,CUST-0249,0,0,0.0,4.39
2025-05-01,CUST-0249,2,1,13.15,4.25
2025-06-01,CUST-0249,3,0,6.9,4.38
2025-07-01,CUST-0249,3,0,8.37,4.56
2025-08-01,CUST-0249,1,0,11.42,4.75
2025-09-01,CUST-0249,1,0,7.93,3.55
2025-10-01,CUST-0249,0,0,0.0,4.57
2025-11-01,CUST-0249,1,0,10.11,4.6
2025-12-01,CUST-0249,2,0,9.04,4.12
2026-01-01,CUST-0249,0,0,0.0,4.28
2026-02-01,CUST-0249,2,0,13.75,4.64
2026-03-01,CUST-0249,0,0,0.0,4.6
2026-04-01,CUST-0249,2,0,7.02,4.96
2026-05-01,CUST-0249,2,1,10.03,3.6
2026-06-01,CUST-0249,1,0,9.16,4.38
2025-01-01,CUST-0250,0,0,0.0,4.6
2025-02-01,CUST-0250,0,0,0.0,4.39
2025-03-01,CUST-0250,1,0,12.0,4.45
2025-04-01,CUST-0250,1,0,13.63,3.93
2025-05-01,CUST-0250,0,0,0.0,4.62
2025-06-01,CUST-0250,0,0,0.0,4.58
2025-07-01,CUST-0250,0,0,0.0,4.54
2025-08-01,CUST-0250,1,0,4.86,4.79
2025-09-01,CUST-0250,0,0,0.0,4.49
2025-10-01,CUST-0250,2,0,6.49,4.08
2025-11-01,CUST-0250,1,0,11.9,4.63
2025-12-01,CUST-0250,0,0,0.0,4.47
2026-01-01,CUST-0250,0,0,0.0,4.52
2026-02-01,CUST-0250,0,0,0.0,4.6
2026-03-01,CUST-0250,3,0,5.54,4.55
2026-04-01,CUST-0250,0,0,0.0,4.5
2026-05-01,CUST-0250,2,1,16.92,3.9
2026-06-01,CUST-0250,2,1,10.55,4.15
2025-01-01,CUST-0251,2,1,11.17,4.27
2025-02-01,CUST-0251,0,0,0.0,4.8
2025-03-01,CUST-0251,2,0,10.55,4.03
2025-04-01,CUST-0251,2,1,9.64,4.3
2025-05-01,CUST-0251,2,0,6.69,4.76
2025-06-01,CUST-0251,1,1,12.21,3.98
2025-07-01,CUST-0251,4,0,12.68,4.55
2025-08-01,CUST-0251,1,0,7.23,4.65
2025-09-01,CUST-0251,1,0,9.32,4.75
2025-10-01,CUST-0251,2,0,7.19,4.27
2025-11-01,CUST-0251,2,0,10.44,3.16
2025-12-01,CUST-0251,0,0,0.0,4.51
2026-01-01,CUST-0251,0,0,0.0,4.64
2026-02-01,CUST-0251,4,0,7.57,4.53
2026-03-01,CUST-0251,2,0,10.0,5.0
2026-04-01,CUST-0251,2,0,5.79,4.61
2026-05-01,CUST-0251,2,0,5.12,4.22
2026-06-01,CUST-0251,0,0,0.0,4.78
2025-01-01,CUST-0252,2,0,6.35,4.18
2025-02-01,CUST-0252,0,0,0.0,4.35
2025-03-01,CUST-0252,0,0,0.0,4.69
2025-04-01,CUST-0252,1,0,11.18,3.93
2025-05-01,CUST-0252,0,0,0.0,4.65
2025-06-01,CUST-0252,1,0,5.16,4.31
2025-07-01,CUST-0252,0,0,0.0,4.75
2025-08-01,CUST-0252,2,1,15.39,4.06
2025-09-01,CUST-0252,1,0,9.23,4.22
2025-10-01,CUST-0252,2,0,12.41,4.14
2025-11-01,CUST-0252,3,0,2.23,4.32
2025-12-01,CUST-0252,2,0,4.32,4.34
2026-01-01,CUST-0252,0,0,0.0,4.72
2026-02-01,CUST-0252,3,0,6.93,4.11
2026-03-01,CUST-0252,0,0,0.0,4.89
2026-04-01,CUST-0252,1,1,12.97,4.42
2026-05-01,CUST-0252,0,0,0.0,4.43
2026-06-01,CUST-0252,2,0,2.42,4.14
2025-05-01,CUST-0253,2,0,3.5,4.58
2025-06-01,CUST-0253,0,0,0.0,4.33
2025-07-01,CUST-0253,2,0,10.07,4.38
2025-08-01,CUST-0253,0,0,0.0,4.47
2025-09-01,CUST-0253,0,0,0.0,4.78
2025-10-01,CUST-0253,1,0,5.82,3.8
2025-11-01,CUST-0253,0,0,0.0,4.69
2025-12-01,CUST-0253,2,0,6.85,3.81
2026-01-01,CUST-0253,0,0,0.0,4.5
2026-02-01,CUST-0253,4,1,11.07,3.88
2026-03-01,CUST-0253,4,0,12.47,3.65
2026-04-01,CUST-0253,2,0,8.42,4.06
2026-05-01,CUST-0253,4,2,17.73,3.74
2026-06-01,CUST-0253,1,0,15.25,4.84
2025-05-01,CUST-0254,2,1,7.52,4.11
2025-06-01,CUST-0254,2,0,7.54,5.0
2025-07-01,CUST-0254,0,0,0.0,4.19
2025-08-01,CUST-0254,3,0,7.52,3.79
2025-09-01,CUST-0254,0,0,0.0,4.6
2025-10-01,CUST-0254,3,0,5.99,4.23
2025-11-01,CUST-0254,0,0,0.0,4.61
2025-12-01,CUST-0254,1,0,7.95,4.04
2026-01-01,CUST-0254,0,0,0.0,4.26
2026-02-01,CUST-0254,0,0,0.0,4.77
2026-03-01,CUST-0254,0,0,0.0,4.6
2026-04-01,CUST-0254,1,0,10.99,4.49
2026-05-01,CUST-0254,0,0,0.0,4.67
2026-06-01,CUST-0254,0,0,0.0,4.67
2025-01-01,CUST-0255,1,0,8.22,4.57
2025-02-01,CUST-0255,0,0,0.0,4.65
2025-03-01,CUST-0255,1,0,8.6,4.56
2025-04-01,CUST-0255,2,0,8.8,4.41
2025-05-01,CUST-0255,1,0,8.79,4.47
2025-06-01,CUST-0255,1,0,9.16,4.48
2025-07-01,CUST-0255,0,0,0.0,4.52
2025-08-01,CUST-0255,3,1,14.44,4.2
2025-09-01,CUST-0255,0,0,0.0,4.25
2025-10-01,CUST-0255,0,0,0.0,4.76
2025-11-01,CUST-0255,0,0,0.0,4.68
2025-12-01,CUST-0255,0,0,0.0,4.52
2026-01-01,CUST-0255,3,0,9.69,4.58
2026-02-01,CUST-0255,1,0,6.56,3.92
2026-03-01,CUST-0255,1,0,9.32,4.32
2026-04-01,CUST-0255,0,0,0.0,4.57
2026-05-01,CUST-0255,2,1,12.32,3.64
2026-06-01,CUST-0255,2,0,8.86,4.01
2026-02-01,CUST-0256,0,0,0.0,4.74
2026-03-01,CUST-0256,1,0,9.41,3.82
2026-04-01,CUST-0256,0,0,0.0,4.71
2026-05-01,CUST-0256,0,0,0.0,4.56
2026-06-01,CUST-0256,1,0,10.19,4.05
2025-08-01,CUST-0257,0,0,0.0,4.48
2025-09-01,CUST-0257,1,0,8.05,4.6
2025-10-01,CUST-0257,1,0,7.62,4.69
2025-11-01,CUST-0257,2,0,4.52,4.56
2025-12-01,CUST-0257,2,0,9.34,4.25
2026-01-01,CUST-0257,1,0,11.23,4.88
2026-02-01,CUST-0257,0,0,0.0,4.59
2026-03-01,CUST-0257,1,0,7.65,4.3
2026-04-01,CUST-0257,0,0,0.0,4.61
2026-05-01,CUST-0257,2,0,4.84,3.94
2026-06-01,CUST-0257,0,0,0.0,4.75
2025-10-01,CUST-0258,1,0,5.11,4.25
2025-11-01,CUST-0258,2,1,14.27,3.81
2025-12-01,CUST-0258,1,0,4.32,4.14
2026-01-01,CUST-0258,0,0,0.0,4.54
2026-02-01,CUST-0258,1,0,7.2,4.21
2026-03-01,CUST-0258,0,0,0.0,4.77
2026-04-01,CUST-0258,1,0,8.32,5.0
2026-05-01,CUST-0258,0,0,0.0,4.84
2026-06-01,CUST-0258,2,1,11.16,4.11
2025-04-01,CUST-0259,0,0,0.0,4.25
2025-05-01,CUST-0259,1,0,7.9,4.85
2025-06-01,CUST-0259,3,0,9.93,4.43
2025-07-01,CUST-0259,1,0,7.56,4.84
2025-08-01,CUST-0259,1,0,7.07,4.63
2025-09-01,CUST-0259,0,0,0.0,4.78
2025-10-01,CUST-0259,0,0,0.0,4.49
2025-11-01,CUST-0259,0,0,0.0,4.75
2025-12-01,CUST-0259,2,0,5.41,4.34
2026-01-01,CUST-0259,5,1,8.75,4.14
2026-02-01,CUST-0259,2,0,5.05,4.09
2026-03-01,CUST-0259,3,0,7.03,4.41
2026-04-01,CUST-0259,1,1,14.27,4.36
2026-05-01,CUST-0259,3,1,14.08,3.83
2026-06-01,CUST-0259,2,0,2.6,4.21
2025-02-01,CUST-0260,0,0,0.0,4.76
2025-03-01,CUST-0260,1,0,10.8,4.26
2025-04-01,CUST-0260,1,0,7.34,4.36
2025-05-01,CUST-0260,0,0,0.0,4.65
2025-06-01,CUST-0260,0,0,0.0,4.44
2025-07-01,CUST-0260,1,0,6.8,3.67
2025-08-01,CUST-0260,1,0,5.95,4.14
2025-09-01,CUST-0260,0,0,0.0,4.46
2025-10-01,CUST-0260,2,0,5.27,3.77
2025-11-01,CUST-0260,1,1,11.17,3.21
2025-12-01,CUST-0260,1,0,10.8,4.94
2026-01-01,CUST-0260,0,0,0.0,4.77
2026-02-01,CUST-0260,2,1,15.32,4.59
2026-03-01,CUST-0260,1,0,8.32,3.58
2026-04-01,CUST-0260,1,0,9.74,4.06
2026-05-01,CUST-0260,1,0,1.97,3.97
2025-06-01,CUST-0261,2,0,1.12,4.61
2025-07-01,CUST-0261,4,0,9.51,3.91
2025-08-01,CUST-0261,4,1,11.83,3.03
2025-09-01,CUST-0261,0,0,0.0,4.66
2025-10-01,CUST-0261,0,0,0.0,4.64
2025-11-01,CUST-0261,6,0,10.58,4.45
2025-12-01,CUST-0261,1,0,9.48,4.66
2026-01-01,CUST-0261,1,0,3.21,3.97
2026-02-01,CUST-0261,0,0,0.0,4.65
2026-03-01,CUST-0261,1,0,2.9,4.15
2026-04-01,CUST-0261,0,0,0.0,4.8
2026-05-01,CUST-0261,1,0,7.64,4.49
2026-06-01,CUST-0261,1,0,9.78,4.27
2025-12-01,CUST-0262,1,0,10.82,3.64
2026-01-01,CUST-0262,2,1,8.18,4.2
2026-02-01,CUST-0262,4,0,6.51,4.16
2026-03-01,CUST-0262,0,0,0.0,4.51
2026-04-01,CUST-0262,2,0,9.43,4.98
2026-05-01,CUST-0262,6,0,6.26,4.63
2026-06-01,CUST-0262,0,0,0.0,4.64
2025-01-01,CUST-0263,0,0,0.0,4.86
2025-02-01,CUST-0263,0,0,0.0,4.54
2025-03-01,CUST-0263,0,0,0.0,4.86
2025-04-01,CUST-0263,2,0,8.23,3.34
2025-05-01,CUST-0263,0,0,0.0,4.71
2025-06-01,CUST-0263,2,0,12.87,4.54
2025-07-01,CUST-0263,1,0,7.36,4.13
2025-08-01,CUST-0263,1,0,9.34,4.85
2025-09-01,CUST-0263,1,0,5.63,5.0
2025-10-01,CUST-0263,1,0,15.13,4.46
2025-11-01,CUST-0263,1,0,1.97,4.64
2025-12-01,CUST-0263,1,0,7.29,4.21
2026-01-01,CUST-0263,2,0,6.68,4.38
2026-02-01,CUST-0263,2,0,8.26,4.11
2026-03-01,CUST-0263,2,0,6.19,3.59
2026-04-01,CUST-0263,0,0,0.0,4.37
2026-05-01,CUST-0263,1,0,4.93,3.73
2026-06-01,CUST-0263,0,0,0.0,4.56
2025-07-01,CUST-0264,0,0,0.0,4.78
2025-08-01,CUST-0264,0,0,0.0,4.9
2025-09-01,CUST-0264,0,0,0.0,4.51
2025-10-01,CUST-0264,2,0,7.84,4.94
2025-11-01,CUST-0264,0,0,0.0,4.34
2025-12-01,CUST-0264,2,0,8.79,4.57
2026-01-01,CUST-0264,0,0,0.0,4.53
2026-02-01,CUST-0264,4,0,12.68,3.86
2026-03-01,CUST-0264,2,0,6.88,4.62
2026-04-01,CUST-0264,1,0,3.85,4.79
2026-05-01,CUST-0264,2,0,11.44,4.21
2026-06-01,CUST-0264,1,0,7.1,4.49
2025-01-01,CUST-0265,1,0,4.61,4.19
2025-02-01,CUST-0265,1,0,6.07,4.25
2025-03-01,CUST-0265,2,0,7.04,3.92
2025-04-01,CUST-0265,2,1,12.81,4.52
2025-05-01,CUST-0265,2,0,7.0,4.42
2025-06-01,CUST-0265,1,0,8.37,3.4
2025-07-01,CUST-0265,2,0,6.86,4.06
2025-08-01,CUST-0265,1,0,7.63,4.94
2025-09-01,CUST-0265,0,0,0.0,4.52
2025-10-01,CUST-0265,1,0,10.52,4.26
2025-11-01,CUST-0265,3,0,9.7,3.64
2025-12-01,CUST-0265,1,0,8.72,4.27
2026-01-01,CUST-0265,1,1,10.99,4.23
2026-02-01,CUST-0265,3,0,4.51,4.01
2026-03-01,CUST-0265,1,0,0.98,4.27
2026-04-01,CUST-0265,1,0,5.15,4.95
2026-05-01,CUST-0265,2,0,5.19,3.7
2026-06-01,CUST-0265,1,0,6.93,4.45
2025-01-01,CUST-0266,2,0,13.83,4.64
2025-02-01,CUST-0266,1,0,10.72,4.37
2025-03-01,CUST-0266,0,0,0.0,4.34
2025-04-01,CUST-0266,1,0,2.61,4.49
2025-05-01,CUST-0266,0,0,0.0,4.52
2025-06-01,CUST-0266,0,0,0.0,4.71
2025-07-01,CUST-0266,1,0,6.23,4.77
2025-08-01,CUST-0266,3,0,11.03,4.01
2025-09-01,CUST-0266,0,0,0.0,4.74
2025-10-01,CUST-0266,0,0,0.0,4.75
2025-11-01,CUST-0266,0,0,0.0,4.48
2025-12-01,CUST-0266,2,0,2.45,4.85
2026-01-01,CUST-0266,0,0,0.0,4.61
2026-02-01,CUST-0266,5,0,8.11,4.04
2026-03-01,CUST-0266,1,0,9.02,4.62
2026-04-01,CUST-0266,2,1,11.29,4.29
2026-05-01,CUST-0266,0,0,0.0,4.68
2026-06-01,CUST-0266,2,0,10.69,4.02
2025-01-01,CUST-0267,2,0,3.74,4.89
2025-02-01,CUST-0267,1,0,9.84,4.35
2025-03-01,CUST-0267,0,0,0.0,4.35
2025-04-01,CUST-0267,0,0,0.0,4.46
2025-05-01,CUST-0267,1,0,7.83,4.12
2025-06-01,CUST-0267,0,0,0.0,4.49
2025-07-01,CUST-0267,1,0,5.52,4.47
2025-08-01,CUST-0267,1,1,9.56,4.03
2025-09-01,CUST-0267,4,0,8.12,3.99
2025-10-01,CUST-0267,1,0,3.97,4.26
2025-11-01,CUST-0267,0,0,0.0,4.5
2025-12-01,CUST-0267,0,0,0.0,4.52
2026-01-01,CUST-0267,0,0,0.0,4.33
2026-02-01,CUST-0267,2,0,7.59,4.36
2026-03-01,CUST-0267,1,0,7.41,4.78
2026-04-01,CUST-0267,1,0,4.58,4.41
2026-05-01,CUST-0267,0,0,0.0,4.48
2026-06-01,CUST-0267,1,0,10.53,3.46
2025-10-01,CUST-0268,0,0,0.0,4.47
2025-11-01,CUST-0268,1,0,7.38,4.41
2025-12-01,CUST-0268,0,0,0.0,4.32
2026-01-01,CUST-0268,1,1,8.53,4.15
2026-02-01,CUST-0268,1,0,8.08,4.56
2026-03-01,CUST-0268,3,0,3.72,4.72
2026-04-01,CUST-0268,0,0,0.0,4.58
2026-05-01,CUST-0268,3,0,10.76,4.74
2026-06-01,CUST-0268,2,0,9.02,4.72
2025-01-01,CUST-0269,1,1,12.65,4.16
2025-02-01,CUST-0269,1,0,6.07,4.41
2025-03-01,CUST-0269,0,0,0.0,4.23
2025-04-01,CUST-0269,2,0,8.85,3.99
2025-05-01,CUST-0269,0,0,0.0,4.73
2025-06-01,CUST-0269,1,0,11.04,3.96
2025-07-01,CUST-0269,0,0,0.0,4.32
2025-08-01,CUST-0269,0,0,0.0,4.59
2025-09-01,CUST-0269,1,0,11.21,4.36
2025-10-01,CUST-0269,1,0,6.24,5.0
2025-11-01,CUST-0269,2,0,6.51,3.73
2025-12-01,CUST-0269,1,0,3.5,4.07
2026-01-01,CUST-0269,2,0,2.67,4.1
2026-02-01,CUST-0269,1,0,8.25,4.67
2026-03-01,CUST-0269,0,0,0.0,4.62
2026-04-01,CUST-0269,2,0,10.47,4.36
2026-05-01,CUST-0269,1,0,8.96,4.45
2026-06-01,CUST-0269,4,1,11.81,3.88
2025-01-01,CUST-0270,1,0,4.85,4.1
2025-02-01,CUST-0270,2,0,6.53,4.5
2025-03-01,CUST-0270,1,0,9.93,4.07
2025-04-01,CUST-0270,3,1,11.39,4.18
2025-05-01,CUST-0270,0,0,0.0,4.97
2025-06-01,CUST-0270,3,1,14.65,3.51
2025-07-01,CUST-0270,0,0,0.0,4.5
2025-08-01,CUST-0270,2,0,8.29,3.96
2025-09-01,CUST-0270,4,1,8.98,3.58
2025-10-01,CUST-0270,5,1,11.52,3.7
2025-11-01,CUST-0270,2,0,9.88,4.16
2025-12-01,CUST-0270,1,0,6.37,4.11
2026-01-01,CUST-0270,0,0,0.0,4.56
2026-02-01,CUST-0270,0,0,0.0,4.28
2026-03-01,CUST-0270,2,0,2.66,4.21
2026-04-01,CUST-0270,4,0,6.31,4.13
2026-05-01,CUST-0270,1,0,4.22,4.47
2026-06-01,CUST-0270,0,0,0.0,4.29
2025-09-01,CUST-0271,0,0,0.0,4.58
2025-10-01,CUST-0271,1,0,5.88,4.78
2025-11-01,CUST-0271,1,0,11.72,4.73
2025-12-01,CUST-0271,2,0,6.26,4.05
2026-01-01,CUST-0271,4,0,7.47,4.35
2026-02-01,CUST-0271,2,0,8.67,5.0
2026-03-01,CUST-0271,3,0,5.66,3.85
2026-04-01,CUST-0271,1,0,1.33,4.09
2026-05-01,CUST-0271,1,0,5.57,3.82
2026-06-01,CUST-0271,0,0,0.0,4.32
2025-01-01,CUST-0272,2,0,9.43,4.28
2025-02-01,CUST-0272,0,0,0.0,4.5
2025-03-01,CUST-0272,0,0,0.0,4.49
2025-04-01,CUST-0272,1,0,8.04,4.17
2025-05-01,CUST-0272,1,0,5.15,4.6
2025-06-01,CUST-0272,2,0,9.19,4.29
2025-07-01,CUST-0272,0,0,0.0,4.8
2025-08-01,CUST-0272,1,0,2.08,5.0
2025-09-01,CUST-0272,3,0,7.67,4.58
2025-10-01,CUST-0272,0,0,0.0,4.56
2025-11-01,CUST-0272,1,0,6.44,4.31
2025-12-01,CUST-0272,3,0,6.25,4.88
2026-01-01,CUST-0272,0,0,0.0,4.64
2026-02-01,CUST-0272,3,1,11.54,3.9
2026-03-01,CUST-0272,2,0,2.8,4.2
2026-04-01,CUST-0272,0,0,0.0,4.97
2026-05-01,CUST-0272,1,0,10.87,3.89
2026-06-01,CUST-0272,0,0,0.0,4.7
2025-02-01,CUST-0273,1,0,7.04,4.61
2025-03-01,CUST-0273,3,0,8.0,4.03
2025-04-01,CUST-0273,1,0,9.08,3.81
2025-05-01,CUST-0273,1,0,6.22,3.68
2025-06-01,CUST-0273,0,0,0.0,4.48
2025-07-01,CUST-0273,2,0,7.6,4.75
2025-08-01,CUST-0273,2,0,2.48,4.05
2025-09-01,CUST-0273,1,0,8.35,4.51
2025-10-01,CUST-0273,3,0,9.41,4.54
2025-11-01,CUST-0273,2,1,16.42,3.69
2025-12-01,CUST-0273,1,0,9.81,4.44
2026-01-01,CUST-0273,2,0,7.53,4.44
2026-02-01,CUST-0273,6,1,14.35,2.94
2026-03-01,CUST-0273,1,0,6.37,4.64
2026-04-01,CUST-0273,1,0,6.47,4.15
2026-05-01,CUST-0273,0,0,0.0,4.33
2026-06-01,CUST-0273,4,3,27.46,3.0
2025-01-01,CUST-0274,3,0,10.54,4.13
2025-02-01,CUST-0274,1,0,6.9,4.17
2025-03-01,CUST-0274,2,0,6.28,3.91
2025-04-01,CUST-0274,2,1,11.09,3.83
2025-05-01,CUST-0274,2,1,13.68,4.13
2025-06-01,CUST-0274,3,0,12.23,4.47
2025-07-01,CUST-0274,2,0,4.2,3.83
2025-08-01,CUST-0274,0,0,0.0,4.8
2025-09-01,CUST-0274,0,0,0.0,4.31
2025-10-01,CUST-0274,1,0,4.65,4.65
2025-11-01,CUST-0274,1,1,13.25,3.72
2025-12-01,CUST-0274,1,0,0.5,4.05
2026-01-01,CUST-0274,0,0,0.0,4.6
2026-02-01,CUST-0274,0,0,0.0,4.75
2026-03-01,CUST-0274,1,0,10.68,4.52
2026-04-01,CUST-0274,1,1,12.3,4.45
2026-05-01,CUST-0274,1,0,7.25,4.21
2026-06-01,CUST-0274,4,0,10.65,4.58
2025-01-01,CUST-0275,1,0,3.74,4.14
2025-02-01,CUST-0275,0,0,0.0,4.39
2025-03-01,CUST-0275,0,0,0.0,4.51
2025-04-01,CUST-0275,1,0,13.28,4.75
2025-05-01,CUST-0275,1,1,14.71,3.85
2025-06-01,CUST-0275,2,0,5.28,4.13
2025-07-01,CUST-0275,1,0,10.19,4.19
2025-08-01,CUST-0275,1,0,4.92,4.46
2025-09-01,CUST-0275,1,0,9.92,3.96
2025-10-01,CUST-0275,1,1,15.13,4.14
2025-11-01,CUST-0275,0,0,0.0,4.63
2025-12-01,CUST-0275,1,0,2.43,4.89
2026-01-01,CUST-0275,2,0,5.68,4.81
2026-02-01,CUST-0275,2,1,10.78,4.5
2026-03-01,CUST-0275,1,0,5.74,3.91
2026-04-01,CUST-0275,2,0,8.06,3.72
2026-05-01,CUST-0275,1,0,2.69,4.13
2026-06-01,CUST-0275,1,0,9.89,3.93
2025-12-01,CUST-0276,1,1,18.1,3.87
2026-01-01,CUST-0276,2,0,7.68,3.98
2026-02-01,CUST-0276,2,1,11.66,4.12
2026-03-01,CUST-0276,0,0,0.0,4.68
2026-04-01,CUST-0276,1,0,8.92,4.22
2026-05-01,CUST-0276,1,0,3.68,4.08
2026-06-01,CUST-0276,0,0,0.0,4.4
2025-08-01,CUST-0277,2,0,12.1,4.54
2025-09-01,CUST-0277,0,0,0.0,4.4
2025-10-01,CUST-0277,1,0,9.12,4.07
2025-11-01,CUST-0277,3,0,6.44,4.7
2025-12-01,CUST-0277,0,0,0.0,4.41
2026-01-01,CUST-0277,0,0,0.0,4.37
2026-02-01,CUST-0277,4,1,12.96,4.21
2026-03-01,CUST-0277,1,0,10.43,4.54
2026-04-01,CUST-0277,2,0,5.3,4.89
2026-05-01,CUST-0277,0,0,0.0,4.72
2026-06-01,CUST-0277,0,0,0.0,4.68
2025-08-01,CUST-0278,2,0,1.34,4.19
2025-09-01,CUST-0278,0,0,0.0,4.5
2025-10-01,CUST-0278,0,0,0.0,4.44
2025-11-01,CUST-0278,0,0,0.0,4.65
2025-12-01,CUST-0278,1,0,11.46,4.41
2026-01-01,CUST-0278,1,0,4.37,4.06
2026-02-01,CUST-0278,3,0,8.59,4.81
2026-03-01,CUST-0278,1,0,6.55,3.87
2026-04-01,CUST-0278,1,0,3.28,4.88
2026-05-01,CUST-0278,2,0,12.73,4.54
2026-06-01,CUST-0278,2,0,5.27,4.48
2025-07-01,CUST-0279,0,0,0.0,4.63
2025-08-01,CUST-0279,1,0,9.49,4.16
2025-09-01,CUST-0279,1,0,10.78,4.57
2025-10-01,CUST-0279,0,0,0.0,4.44
2025-11-01,CUST-0279,2,1,10.27,3.82
2025-12-01,CUST-0279,1,0,10.74,3.86
2026-01-01,CUST-0279,0,0,0.0,4.89
2026-02-01,CUST-0279,1,0,2.19,4.05
2026-03-01,CUST-0279,1,0,7.31,4.42
2026-04-01,CUST-0279,1,1,12.51,4.14
2026-05-01,CUST-0279,2,0,9.21,4.25
2026-06-01,CUST-0279,2,0,3.28,4.69
2025-01-01,CUST-0280,0,0,0.0,4.87
2025-02-01,CUST-0280,1,0,1.59,3.95
2025-03-01,CUST-0280,1,0,4.55,4.69
2025-04-01,CUST-0280,3,0,13.34,3.94
2025-05-01,CUST-0280,1,0,5.04,4.46
2025-06-01,CUST-0280,0,0,0.0,4.64
2025-07-01,CUST-0280,1,0,10.16,4.24
2025-08-01,CUST-0280,2,0,7.77,3.56
2025-09-01,CUST-0280,2,0,13.42,4.6
2025-10-01,CUST-0280,0,0,0.0,4.23
2025-11-01,CUST-0280,1,0,6.42,4.62
2025-12-01,CUST-0280,0,0,0.0,4.72
2026-01-01,CUST-0280,1,0,6.8,4.43
2026-02-01,CUST-0280,4,1,11.93,3.79
2026-03-01,CUST-0280,0,0,0.0,4.44
2026-04-01,CUST-0280,2,2,16.29,4.06
2026-05-01,CUST-0280,0,0,0.0,4.43
2026-06-01,CUST-0280,2,0,6.14,4.66
2025-01-01,CUST-0281,3,0,6.49,4.3
2025-02-01,CUST-0281,0,0,0.0,4.67
2025-03-01,CUST-0281,0,0,0.0,4.55
2025-04-01,CUST-0281,0,0,0.0,4.53
2025-05-01,CUST-0281,0,0,0.0,4.67
2025-06-01,CUST-0281,1,0,10.13,4.89
2025-07-01,CUST-0281,0,0,0.0,4.35
2025-08-01,CUST-0281,0,0,0.0,4.66
2025-09-01,CUST-0281,1,0,10.2,4.01
2025-10-01,CUST-0281,2,2,20.85,3.87
2025-11-01,CUST-0281,1,0,4.68,4.17
2025-12-01,CUST-0281,1,0,4.84,4.01
2026-01-01,CUST-0281,2,1,8.48,3.73
2026-02-01,CUST-0281,0,0,0.0,4.45
2026-03-01,CUST-0281,2,0,2.83,4.15
2026-04-01,CUST-0281,1,0,10.99,4.29
2026-05-01,CUST-0281,2,0,11.41,4.41
2026-06-01,CUST-0281,0,0,0.0,4.43
2026-03-01,CUST-0282,1,0,11.96,4.54
2026-04-01,CUST-0282,2,2,15.72,3.69
2026-05-01,CUST-0282,1,0,7.69,4.21
2026-06-01,CUST-0282,1,0,14.07,4.01
2026-03-01,CUST-0283,0,0,0.0,4.4
2026-04-01,CUST-0283,3,0,6.29,4.85
2026-05-01,CUST-0283,2,0,7.12,4.43
2026-06-01,CUST-0283,2,0,9.64,4.06
2025-01-01,CUST-0284,3,1,8.17,4.12
2025-02-01,CUST-0284,0,0,0.0,4.53
2025-03-01,CUST-0284,0,0,0.0,4.58
2025-04-01,CUST-0284,3,0,6.3,4.13
2025-05-01,CUST-0284,0,0,0.0,4.6
2025-06-01,CUST-0284,1,0,8.68,4.81
2025-07-01,CUST-0284,2,1,13.39,3.97
2025-08-01,CUST-0284,3,0,10.3,4.14
2025-09-01,CUST-0284,2,0,3.64,4.19
2025-10-01,CUST-0284,3,0,5.78,4.25
2025-11-01,CUST-0284,0,0,0.0,4.72
2025-12-01,CUST-0284,1,0,9.54,4.13
2026-01-01,CUST-0284,0,0,0.0,4.35
2026-02-01,CUST-0284,3,0,9.03,3.98
2026-03-01,CUST-0284,1,0,7.42,4.78
2025-01-01,CUST-0285,0,0,0.0,4.17
2025-02-01,CUST-0285,1,0,9.24,5.0
2025-03-01,CUST-0285,3,1,13.2,4.37
2025-04-01,CUST-0285,1,0,7.07,4.84
2025-05-01,CUST-0285,1,0,7.12,4.69
2025-06-01,CUST-0285,1,0,6.18,4.18
2025-07-01,CUST-0285,2,0,4.72,4.2
2025-08-01,CUST-0285,0,0,0.0,4.67
2025-09-01,CUST-0285,3,0,10.69,4.32
2025-10-01,CUST-0285,2,0,6.75,3.8
2025-11-01,CUST-0285,1,0,5.02,4.93
2025-12-01,CUST-0285,1,0,7.51,4.47
2026-01-01,CUST-0285,2,0,10.47,3.8
2026-02-01,CUST-0285,2,1,12.22,4.19
2026-03-01,CUST-0285,0,0,0.0,4.47
2026-04-01,CUST-0285,3,0,10.93,4.09
2026-05-01,CUST-0285,1,0,7.64,3.96
2026-06-01,CUST-0285,1,0,11.2,4.38
2025-01-01,CUST-0286,0,0,0.0,4.56
2025-02-01,CUST-0286,1,0,10.17,3.99
2025-03-01,CUST-0286,1,0,6.97,4.38
2025-04-01,CUST-0286,0,0,0.0,4.47
2025-05-01,CUST-0286,2,0,4.84,4.2
2025-06-01,CUST-0286,2,0,7.67,4.25
2025-07-01,CUST-0286,0,0,0.0,4.75
2025-08-01,CUST-0286,0,0,0.0,4.77
2025-09-01,CUST-0286,2,1,8.58,3.82
2025-10-01,CUST-0286,1,0,5.12,4.09
2025-11-01,CUST-0286,1,0,9.1,4.63
2025-12-01,CUST-0286,1,0,10.14,4.66
2026-01-01,CUST-0286,2,0,7.16,4.15
2026-02-01,CUST-0286,1,0,7.79,4.76
2026-03-01,CUST-0286,2,0,8.56,4.76
2026-04-01,CUST-0286,3,0,8.52,4.64
2026-05-01,CUST-0286,0,0,0.0,4.72
2026-06-01,CUST-0286,0,0,0.0,5.0
2025-01-01,CUST-0287,4,1,11.84,3.65
2025-02-01,CUST-0287,2,0,4.82,4.95
2025-03-01,CUST-0287,2,0,4.07,4.15
2025-04-01,CUST-0287,1,0,12.56,4.35
2025-05-01,CUST-0287,0,0,0.0,4.69
2025-06-01,CUST-0287,1,0,10.86,4.38
2025-07-01,CUST-0287,2,1,11.22,3.97
2025-08-01,CUST-0287,1,0,11.42,4.2
2025-09-01,CUST-0287,0,0,0.0,4.84
2025-10-01,CUST-0287,0,0,0.0,4.46
2025-11-01,CUST-0287,3,0,10.44,4.32
2025-12-01,CUST-0287,0,0,0.0,4.12
2026-01-01,CUST-0287,1,0,10.79,4.36
2026-02-01,CUST-0287,0,0,0.0,4.93
2026-03-01,CUST-0287,1,0,9.49,4.66
2026-04-01,CUST-0287,2,0,3.14,4.18
2026-05-01,CUST-0287,3,0,13.0,4.48
2026-06-01,CUST-0287,2,0,10.72,4.58
2025-01-01,CUST-0288,4,0,10.27,3.97
2025-02-01,CUST-0288,3,0,3.87,4.79
2025-03-01,CUST-0288,0,0,0.0,4.7
2025-04-01,CUST-0288,1,0,2.52,4.15
2025-05-01,CUST-0288,0,0,0.0,4.43
2025-06-01,CUST-0288,0,0,0.0,4.81
2025-07-01,CUST-0288,2,1,14.92,4.39
2025-08-01,CUST-0288,2,0,10.93,4.45
2025-09-01,CUST-0288,1,0,5.72,4.6
2025-10-01,CUST-0288,2,0,6.61,4.33
2025-11-01,CUST-0288,2,0,6.75,4.56
2025-12-01,CUST-0288,0,0,0.0,4.61
2026-01-01,CUST-0288,2,0,0.62,4.48
2026-02-01,CUST-0288,2,1,12.16,3.78
2026-03-01,CUST-0288,2,1,16.23,3.96
2026-04-01,CUST-0288,1,0,4.76,4.11
2026-05-01,CUST-0288,2,0,5.16,4.73
2026-06-01,CUST-0288,2,0,7.23,4.57
2026-01-01,CUST-0289,0,0,0.0,4.48
2026-02-01,CUST-0289,1,0,10.33,4.33
2026-03-01,CUST-0289,2,1,10.86,3.73
2026-04-01,CUST-0289,1,1,11.84,4.66
2026-05-01,CUST-0289,1,0,8.06,4.02
2026-06-01,CUST-0289,0,0,0.0,4.65
2026-03-01,CUST-0290,1,0,13.86,3.98
2026-04-01,CUST-0290,3,0,5.61,4.07
2026-05-01,CUST-0290,1,0,6.21,4.1
2026-06-01,CUST-0290,0,0,0.0,4.64
2025-01-01,CUST-0291,2,0,4.75,4.94
2025-02-01,CUST-0291,1,0,9.01,4.12
2025-03-01,CUST-0291,2,0,6.84,3.85
2025-04-01,CUST-0291,0,0,0.0,4.63
2025-05-01,CUST-0291,1,0,10.02,4.27
2025-06-01,CUST-0291,1,0,5.55,3.74
2025-07-01,CUST-0291,1,0,7.82,4.1
2025-08-01,CUST-0291,1,0,15.33,4.99
2025-09-01,CUST-0291,0,0,0.0,4.39
2025-10-01,CUST-0291,4,1,6.88,3.41
2025-11-01,CUST-0291,1,0,2.27,4.37
2025-12-01,CUST-0291,2,0,7.93,4.77
2026-01-01,CUST-0291,2,0,6.6,4.51
2026-02-01,CUST-0291,1,0,7.01,4.65
2026-03-01,CUST-0291,4,1,16.01,4.22
2026-04-01,CUST-0291,0,0,0.0,4.47
2026-05-01,CUST-0291,0,0,0.0,4.59
2026-06-01,CUST-0291,0,0,0.0,4.84
2025-12-01,CUST-0292,1,0,11.41,4.96
2026-01-01,CUST-0292,1,0,2.46,4.29
2026-02-01,CUST-0292,3,1,8.98,3.51
2026-03-01,CUST-0292,1,0,5.18,4.18
2026-04-01,CUST-0292,0,0,0.0,4.75
2026-05-01,CUST-0292,2,0,10.94,4.18
2026-06-01,CUST-0292,3,0,13.65,4.3
2025-11-01,CUST-0293,3,1,10.81,4.21
2025-12-01,CUST-0293,5,0,9.2,4.58
2026-01-01,CUST-0293,3,0,7.75,4.89
2026-02-01,CUST-0293,2,0,12.75,4.55
2026-03-01,CUST-0293,2,0,5.21,4.73
2026-04-01,CUST-0293,3,1,12.15,3.94
2026-05-01,CUST-0293,3,0,12.54,3.87
2026-06-01,CUST-0293,2,1,11.18,3.77
2025-03-01,CUST-0294,1,0,12.15,4.54
2025-04-01,CUST-0294,1,0,8.04,4.28
2025-05-01,CUST-0294,2,1,13.61,4.04
2025-06-01,CUST-0294,0,0,0.0,4.53
2025-07-01,CUST-0294,0,0,0.0,4.73
2025-08-01,CUST-0294,1,0,8.91,4.42
2025-09-01,CUST-0294,0,0,0.0,4.65
2025-10-01,CUST-0294,1,0,9.93,3.91
2025-11-01,CUST-0294,1,0,5.72,4.14
2025-12-01,CUST-0294,3,0,14.11,4.19
2026-01-01,CUST-0294,1,0,7.46,4.15
2026-02-01,CUST-0294,2,0,7.42,4.51
2026-03-01,CUST-0294,0,0,0.0,4.52
2026-04-01,CUST-0294,3,1,13.52,4.07
2026-05-01,CUST-0294,1,0,12.56,4.5
2026-06-01,CUST-0294,1,0,9.33,4.08
2025-03-01,CUST-0295,1,0,5.19,3.82
2025-04-01,CUST-0295,2,0,5.87,4.14
2025-05-01,CUST-0295,2,0,5.96,4.51
2025-06-01,CUST-0295,0,0,0.0,4.63
2025-07-01,CUST-0295,2,0,11.57,4.67
2025-08-01,CUST-0295,1,0,4.15,4.07
2025-09-01,CUST-0295,2,0,8.59,4.65
2025-10-01,CUST-0295,1,0,4.66,4.51
2025-11-01,CUST-0295,1,0,10.01,4.48
2025-12-01,CUST-0295,1,0,7.92,4.24
2026-01-01,CUST-0295,1,0,4.06,5.0
2026-02-01,CUST-0295,1,0,4.54,4.17
2026-03-01,CUST-0295,0,0,0.0,4.45
2026-04-01,CUST-0295,3,0,1.52,4.3
2026-05-01,CUST-0295,2,0,5.4,4.72
2026-06-01,CUST-0295,0,0,0.0,4.28
2025-03-01,CUST-0296,0,0,0.0,4.89
2025-04-01,CUST-0296,2,0,6.48,4.15
2025-05-01,CUST-0296,0,0,0.0,4.49
2025-06-01,CUST-0296,0,0,0.0,4.5
2025-07-01,CUST-0296,0,0,0.0,4.25
2025-08-01,CUST-0296,1,0,10.09,3.72
2025-09-01,CUST-0296,3,0,4.29,4.38
2025-10-01,CUST-0296,2,0,5.93,4.44
2025-11-01,CUST-0296,1,1,13.71,4.02
2025-12-01,CUST-0296,1,0,8.77,3.84
2026-01-01,CUST-0296,0,0,0.0,4.24
2026-02-01,CUST-0296,1,0,6.72,4.25
2026-03-01,CUST-0296,6,1,15.27,4.02
2026-03-01,CUST-0297,0,0,0.0,4.34
2026-04-01,CUST-0297,1,0,8.16,4.3
2026-05-01,CUST-0297,2,0,4.74,4.62
2026-06-01,CUST-0297,0,0,0.0,5.0
2025-01-01,CUST-0298,1,0,9.75,4.52
2025-02-01,CUST-0298,1,1,13.19,3.89
2025-03-01,CUST-0298,1,0,11.42,4.51
2025-04-01,CUST-0298,1,0,6.19,4.54
2025-05-01,CUST-0298,0,0,0.0,4.49
2025-02-01,CUST-0299,0,0,0.0,4.58
2025-03-01,CUST-0299,2,0,8.75,3.97
2025-04-01,CUST-0299,1,1,13.97,4.05
2025-05-01,CUST-0299,0,0,0.0,4.28
2025-06-01,CUST-0299,1,0,5.26,4.36
2025-07-01,CUST-0299,0,0,0.0,4.64
2025-08-01,CUST-0299,2,0,7.9,4.65
2025-09-01,CUST-0299,1,0,8.55,4.59
2025-10-01,CUST-0299,2,0,3.08,4.49
2025-11-01,CUST-0299,2,0,12.22,3.73
2025-12-01,CUST-0299,1,0,10.8,4.41
2026-01-01,CUST-0299,2,0,9.57,4.19
2026-02-01,CUST-0299,1,0,7.48,4.29
2026-03-01,CUST-0299,0,0,0.0,4.59
2026-04-01,CUST-0299,3,1,10.76,3.66
2026-05-01,CUST-0299,4,1,15.66,3.98
2026-06-01,CUST-0299,2,0,10.79,3.88
2025-01-01,CUST-0300,1,1,15.25,4.26
2025-02-01,CUST-0300,2,0,12.23,4.32
2025-03-01,CUST-0300,2,1,11.92,3.98
2025-04-01,CUST-0300,2,1,16.08,3.98
2025-05-01,CUST-0300,0,0,0.0,4.52
2025-06-01,CUST-0300,0,0,0.0,4.3
2025-07-01,CUST-0300,1,0,5.93,4.77
2025-08-01,CUST-0300,1,1,12.58,4.04
2025-09-01,CUST-0300,0,0,0.0,4.53
2025-10-01,CUST-0300,4,1,9.77,4.0
2025-11-01,CUST-0300,4,0,4.99,3.86
2025-12-01,CUST-0300,2,0,7.66,4.35
2026-01-01,CUST-0300,0,0,0.0,4.31
2026-02-01,CUST-0300,3,0,7.27,4.14
2026-03-01,CUST-0300,2,1,11.73,4.08
2026-04-01,CUST-0300,1,0,6.87,4.06
2026-05-01,CUST-0300,3,1,16.45,4.56
2026-06-01,CUST-0300,1,0,8.77,5.0
2025-01-01,CUST-0301,2,0,5.82,4.29
2025-02-01,CUST-0301,1,0,6.09,4.15
2025-03-01,CUST-0301,0,0,0.0,4.26
2025-04-01,CUST-0301,0,0,0.0,4.3
2025-05-01,CUST-0301,1,0,11.31,3.73
2025-06-01,CUST-0301,1,0,3.89,4.4
2025-07-01,CUST-0301,2,0,4.69,4.73
2025-08-01,CUST-0301,4,0,11.44,4.05
2025-09-01,CUST-0301,0,0,0.0,4.5
2025-10-01,CUST-0301,0,0,0.0,4.51
2025-11-01,CUST-0301,3,0,7.81,4.27
2025-12-01,CUST-0301,1,0,11.07,4.47
2026-01-01,CUST-0301,2,0,11.49,4.6
2026-02-01,CUST-0301,4,1,13.61,4.75
2026-03-01,CUST-0301,1,0,8.67,4.37
2026-04-01,CUST-0301,0,0,0.0,4.56
2026-05-01,CUST-0301,3,0,5.03,4.25
2026-06-01,CUST-0301,1,0,11.66,4.09
2025-01-01,CUST-0302,0,0,0.0,4.53
2025-02-01,CUST-0302,1,0,6.04,3.84
2025-03-01,CUST-0302,1,0,8.54,4.1
2025-04-01,CUST-0302,1,0,6.61,4.34
2025-05-01,CUST-0302,0,0,0.0,4.53
2025-06-01,CUST-0302,3,1,13.83,4.5
2025-07-01,CUST-0302,0,0,0.0,4.4
2025-08-01,CUST-0302,3,0,5.45,4.37
2025-09-01,CUST-0302,2,0,5.1,4.71
2025-10-01,CUST-0302,0,0,0.0,4.53
2025-11-01,CUST-0302,1,0,6.78,4.07
2025-12-01,CUST-0302,1,0,6.7,4.4
2026-01-01,CUST-0302,1,0,3.21,3.92
2026-02-01,CUST-0302,3,0,9.9,3.83
2026-03-01,CUST-0302,1,0,5.64,4.07
2026-04-01,CUST-0302,2,0,5.9,3.77
2026-05-01,CUST-0302,0,0,0.0,4.39
2026-06-01,CUST-0302,1,0,9.5,4.26
2025-01-01,CUST-0303,1,1,14.07,3.97
2025-02-01,CUST-0303,0,0,0.0,4.68
2025-03-01,CUST-0303,2,0,13.2,4.38
2025-04-01,CUST-0303,0,0,0.0,4.46
2025-05-01,CUST-0303,5,1,15.65,3.78
2025-06-01,CUST-0303,1,0,13.12,4.4
2025-07-01,CUST-0303,2,0,5.62,4.43
2025-08-01,CUST-0303,1,0,7.79,3.9
2025-09-01,CUST-0303,1,0,5.79,3.81
2025-10-01,CUST-0303,0,0,0.0,4.65
2025-11-01,CUST-0303,1,0,10.0,4.59
2025-12-01,CUST-0303,2,0,11.39,4.35
2026-01-01,CUST-0303,0,0,0.0,4.65
2026-02-01,CUST-0303,2,0,4.45,4.56
2026-03-01,CUST-0303,2,0,4.7,4.58
2026-04-01,CUST-0303,0,0,0.0,4.64
2026-05-01,CUST-0303,0,0,0.0,4.57
2026-06-01,CUST-0303,2,0,10.75,4.33
2026-03-01,CUST-0304,0,0,0.0,4.24
2026-04-01,CUST-0304,0,0,0.0,4.65
2026-05-01,CUST-0304,1,0,2.65,3.8
2026-06-01,CUST-0304,0,0,0.0,4.58
2025-01-01,CUST-0305,3,0,3.15,4.35
2025-02-01,CUST-0305,1,1,14.37,4.37
2025-03-01,CUST-0305,1,0,7.46,4.55
2025-04-01,CUST-0305,1,0,2.91,4.78
2025-05-01,CUST-0305,1,1,13.37,3.17
2025-06-01,CUST-0305,1,0,9.08,4.1
2025-07-01,CUST-0305,4,2,19.13,3.23
2025-08-01,CUST-0305,0,0,0.0,4.63
2025-09-01,CUST-0305,2,0,5.14,4.18
2025-10-01,CUST-0305,2,1,13.62,4.41
2025-11-01,CUST-0305,2,0,7.89,3.7
2026-02-01,CUST-0306,2,0,8.69,4.35
2026-03-01,CUST-0306,1,0,8.7,4.96
2026-04-01,CUST-0306,1,0,7.41,4.52
2026-05-01,CUST-0306,2,0,9.83,3.94
2026-06-01,CUST-0306,0,0,0.0,4.53
2025-07-01,CUST-0307,0,0,0.0,4.39
2025-08-01,CUST-0307,0,0,0.0,4.47
2025-09-01,CUST-0307,0,0,0.0,4.62
2025-10-01,CUST-0307,3,0,12.03,3.82
2025-11-01,CUST-0307,0,0,0.0,4.56
2025-12-01,CUST-0307,1,0,8.11,4.29
2026-01-01,CUST-0307,1,0,5.02,3.93
2026-02-01,CUST-0307,3,0,10.44,4.21
2026-03-01,CUST-0307,1,0,7.16,4.4
2026-04-01,CUST-0307,1,0,10.89,4.72
2026-05-01,CUST-0307,4,0,8.34,4.13
2026-06-01,CUST-0307,1,0,2.9,4.2
2026-01-01,CUST-0308,2,1,12.42,4.62
2026-02-01,CUST-0308,3,0,11.15,4.66
2026-03-01,CUST-0308,2,0,6.22,4.04
2026-04-01,CUST-0308,1,0,5.47,3.82
2026-05-01,CUST-0308,2,0,12.36,4.3
2026-06-01,CUST-0308,1,1,11.37,3.58
2025-04-01,CUST-0309,0,0,0.0,4.5
2025-05-01,CUST-0309,0,0,0.0,4.31
2025-06-01,CUST-0309,0,0,0.0,4.63
2025-07-01,CUST-0309,0,0,0.0,4.44
2025-08-01,CUST-0309,1,0,9.34,4.78
2025-09-01,CUST-0309,0,0,0.0,4.54
2025-04-01,CUST-0310,1,0,6.26,4.39
2025-05-01,CUST-0310,1,0,6.1,4.95
2025-06-01,CUST-0310,0,0,0.0,4.72
2025-07-01,CUST-0310,3,1,13.43,3.55
2025-08-01,CUST-0310,1,0,4.71,4.24
2025-09-01,CUST-0310,1,0,1.9,4.4
2025-10-01,CUST-0310,0,0,0.0,4.65
2025-11-01,CUST-0310,2,0,5.45,4.46
2025-12-01,CUST-0310,0,0,0.0,4.57
2026-01-01,CUST-0310,0,0,0.0,4.45
2026-02-01,CUST-0310,3,0,3.69,4.7
2026-03-01,CUST-0310,1,0,10.9,4.86
2026-04-01,CUST-0310,1,1,10.29,3.87
2026-05-01,CUST-0310,1,0,4.67,4.45
2026-06-01,CUST-0310,0,0,0.0,4.54
2025-03-01,CUST-0311,3,1,7.84,4.31
2025-04-01,CUST-0311,0,0,0.0,4.56
2025-05-01,CUST-0311,0,0,0.0,4.6
2025-06-01,CUST-0311,0,0,0.0,4.36
2025-07-01,CUST-0311,3,1,15.01,4.02
2025-08-01,CUST-0311,1,0,6.65,4.41
2025-09-01,CUST-0311,2,0,3.83,4.66
2025-10-01,CUST-0311,0,0,0.0,4.65
2025-11-01,CUST-0311,1,0,9.25,4.42
2025-12-01,CUST-0311,2,0,8.93,4.53
2026-01-01,CUST-0311,0,0,0.0,4.8
2026-02-01,CUST-0311,3,0,10.7,4.49
2026-03-01,CUST-0311,0,0,0.0,4.85
2026-04-01,CUST-0311,1,0,5.06,4.38
2026-05-01,CUST-0311,2,0,5.86,4.38
2026-06-01,CUST-0311,0,0,0.0,4.61
2025-01-01,CUST-0312,1,0,9.74,4.39
2025-02-01,CUST-0312,1,1,18.09,3.63
2025-03-01,CUST-0312,0,0,0.0,4.4
2025-04-01,CUST-0312,2,0,4.56,4.89
2025-05-01,CUST-0312,1,0,9.2,4.24
2025-06-01,CUST-0312,0,0,0.0,4.51
2025-07-01,CUST-0312,2,0,7.44,4.82
2025-08-01,CUST-0312,1,0,6.7,4.21
2025-09-01,CUST-0312,1,0,9.4,4.44
2025-10-01,CUST-0312,1,0,8.28,4.72
2025-11-01,CUST-0312,1,0,7.73,4.1
2025-12-01,CUST-0312,0,0,0.0,4.69
2026-01-01,CUST-0312,0,0,0.0,4.17
2026-02-01,CUST-0312,3,1,15.07,4.48
2026-03-01,CUST-0312,1,0,5.48,4.32
2026-04-01,CUST-0312,1,0,10.68,4.08
2026-05-01,CUST-0312,1,0,5.52,5.0
2026-06-01,CUST-0312,1,1,12.04,3.84
2026-02-01,CUST-0313,4,0,6.97,4.55
2026-03-01,CUST-0313,2,0,2.26,3.89
2026-04-01,CUST-0313,0,0,0.0,4.53
2026-05-01,CUST-0313,1,0,9.28,4.23
2026-06-01,CUST-0313,0,0,0.0,4.33
2025-01-01,CUST-0314,2,0,5.7,4.68
2025-02-01,CUST-0314,1,0,3.62,4.2
2025-03-01,CUST-0314,2,0,9.44,4.4
2025-04-01,CUST-0314,1,0,12.67,4.16
2025-05-01,CUST-0314,0,0,0.0,4.96
2025-06-01,CUST-0314,1,0,11.81,4.02
2025-07-01,CUST-0314,2,0,8.12,3.88
2025-08-01,CUST-0314,2,0,9.67,4.33
2025-09-01,CUST-0314,2,0,11.19,4.29
2025-10-01,CUST-0314,1,0,9.07,3.44
2025-11-01,CUST-0314,2,0,7.09,4.53
2025-12-01,CUST-0314,2,1,13.53,4.11
2026-01-01,CUST-0314,0,0,0.0,4.38
2026-02-01,CUST-0314,1,0,6.64,4.65
2026-03-01,CUST-0314,0,0,0.0,4.52
2026-04-01,CUST-0314,2,0,5.29,4.46
2026-05-01,CUST-0314,2,1,11.98,4.3
2026-06-01,CUST-0314,1,0,8.67,4.31
2025-01-01,CUST-0315,0,0,0.0,4.43
2025-02-01,CUST-0315,1,0,8.11,4.77
2025-03-01,CUST-0315,0,0,0.0,4.48
2025-04-01,CUST-0315,1,0,6.07,3.88
2025-05-01,CUST-0315,0,0,0.0,4.41
2025-06-01,CUST-0315,1,0,4.59,4.53
2025-07-01,CUST-0315,1,0,5.28,4.54
2025-08-01,CUST-0315,0,0,0.0,4.45
2025-09-01,CUST-0315,0,0,0.0,4.43
2025-10-01,CUST-0315,0,0,0.0,4.71
2025-11-01,CUST-0315,2,0,7.41,5.0
2025-12-01,CUST-0315,0,0,0.0,4.58
2026-01-01,CUST-0315,1,0,9.37,4.75
2026-02-01,CUST-0315,2,0,0.5,4.19
2026-03-01,CUST-0315,1,0,2.21,4.26
2026-04-01,CUST-0315,2,0,7.06,3.6
2026-05-01,CUST-0315,1,0,8.3,4.18
2026-06-01,CUST-0315,1,0,7.72,4.43
2025-02-01,CUST-0316,2,0,9.96,4.37
2025-03-01,CUST-0316,0,0,0.0,4.35
2025-04-01,CUST-0316,3,0,9.87,4.44
2025-05-01,CUST-0316,5,0,9.58,4.88
2025-06-01,CUST-0316,3,0,8.52,3.96
2025-07-01,CUST-0316,1,0,5.56,4.58
2025-08-01,CUST-0316,1,0,7.93,4.09
2025-09-01,CUST-0316,2,0,3.58,4.88
2025-10-01,CUST-0316,4,1,13.52,4.14
2025-11-01,CUST-0316,0,0,0.0,4.33
2025-12-01,CUST-0316,2,0,4.18,3.9
2026-01-01,CUST-0316,2,0,5.46,4.06
2026-02-01,CUST-0316,3,0,7.92,4.57
2026-03-01,CUST-0316,0,0,0.0,4.46
2026-04-01,CUST-0316,1,0,12.9,4.53
2026-05-01,CUST-0316,1,0,4.96,4.46
2026-06-01,CUST-0316,1,0,7.19,4.61
2025-12-01,CUST-0317,0,0,0.0,4.43
2026-01-01,CUST-0317,0,0,0.0,4.6
2026-02-01,CUST-0317,2,0,6.04,4.24
2026-03-01,CUST-0317,2,0,2.41,4.6
2026-04-01,CUST-0317,1,0,10.69,4.71
2026-05-01,CUST-0317,1,0,6.24,4.03
2026-06-01,CUST-0317,2,0,10.29,3.86
2026-01-01,CUST-0318,0,0,0.0,4.54
2026-02-01,CUST-0318,3,0,11.9,4.44
2026-03-01,CUST-0318,0,0,0.0,4.11
2026-04-01,CUST-0318,0,0,0.0,4.57
2026-05-01,CUST-0318,2,0,8.06,3.95
2026-06-01,CUST-0318,0,0,0.0,4.63
2025-01-01,CUST-0319,1,0,4.5,4.3
2025-02-01,CUST-0319,0,0,0.0,4.57
2025-03-01,CUST-0319,1,0,10.75,4.88
2025-04-01,CUST-0319,0,0,0.0,4.09
2025-05-01,CUST-0319,1,0,11.09,4.86
2025-06-01,CUST-0319,0,0,0.0,4.68
2025-07-01,CUST-0319,1,0,13.51,4.23
2025-08-01,CUST-0319,0,0,0.0,4.56
2025-09-01,CUST-0319,1,0,7.09,4.54
2025-10-01,CUST-0319,0,0,0.0,4.61
2025-11-01,CUST-0319,4,0,7.46,4.34
2025-12-01,CUST-0319,0,0,0.0,4.51
2026-01-01,CUST-0319,1,0,8.22,3.85
2026-02-01,CUST-0319,1,0,7.78,4.36
2026-03-01,CUST-0319,0,0,0.0,4.45
2026-04-01,CUST-0319,1,0,6.58,4.5
2026-05-01,CUST-0319,2,0,12.28,4.06
2026-06-01,CUST-0319,1,0,3.59,4.02
2025-01-01,CUST-0320,1,0,10.78,4.7
2025-02-01,CUST-0320,0,0,0.0,4.37
2025-03-01,CUST-0320,1,0,5.17,3.96
2025-04-01,CUST-0320,0,0,0.0,4.39
2025-05-01,CUST-0320,1,0,9.02,4.58
2025-06-01,CUST-0320,0,0,0.0,4.44
2025-07-01,CUST-0320,2,0,8.22,4.53
2025-08-01,CUST-0320,3,0,8.83,4.04
2025-09-01,CUST-0320,1,1,14.3,4.01
2025-10-01,CUST-0320,3,0,10.35,3.38
2025-11-01,CUST-0320,2,0,4.81,4.03
2025-12-01,CUST-0320,0,0,0.0,4.44
2026-01-01,CUST-0320,1,0,8.7,4.32
2026-02-01,CUST-0320,3,1,14.22,4.15
2026-03-01,CUST-0320,2,0,11.62,4.45
2026-04-01,CUST-0320,2,0,6.02,4.14
2026-05-01,CUST-0320,0,0,0.0,4.67
2026-06-01,CUST-0320,2,0,11.19,4.32
2025-04-01,CUST-0321,1,0,7.56,4.17
2025-05-01,CUST-0321,0,0,0.0,4.41
2025-06-01,CUST-0321,4,0,7.85,3.7
2025-07-01,CUST-0321,0,0,0.0,4.74
2025-08-01,CUST-0321,1,0,5.84,4.25
2025-09-01,CUST-0321,2,1,10.96,3.65
2025-10-01,CUST-0321,0,0,0.0,4.48
2025-11-01,CUST-0321,0,0,0.0,4.83
2025-12-01,CUST-0321,0,0,0.0,4.58
2026-01-01,CUST-0321,1,0,7.18,4.51
2026-02-01,CUST-0321,2,0,6.49,4.35
2026-03-01,CUST-0321,0,0,0.0,4.75
2026-04-01,CUST-0321,0,0,0.0,4.59
2026-05-01,CUST-0321,1,0,7.12,4.29
2026-06-01,CUST-0321,2,0,8.85,3.78
2025-01-01,CUST-0322,2,0,12.54,4.54
2025-02-01,CUST-0322,1,0,5.08,4.2
2025-03-01,CUST-0322,1,0,6.57,4.85
2025-04-01,CUST-0322,2,1,14.79,3.81
2025-05-01,CUST-0322,0,0,0.0,4.72
2025-06-01,CUST-0322,1,0,11.59,3.89
2025-07-01,CUST-0322,1,0,4.06,4.42
2025-08-01,CUST-0322,1,1,16.25,3.37
2025-09-01,CUST-0322,2,0,5.9,4.29
2025-10-01,CUST-0322,1,0,8.72,4.75
2025-11-01,CUST-0322,2,0,5.53,4.14
2025-12-01,CUST-0322,0,0,0.0,4.72
2026-01-01,CUST-0322,1,0,3.21,3.75
2026-02-01,CUST-0322,4,0,7.06,3.99
2026-03-01,CUST-0322,3,1,10.48,3.37
2026-04-01,CUST-0322,0,0,0.0,4.81
2026-05-01,CUST-0322,1,0,7.78,4.39
2026-06-01,CUST-0322,0,0,0.0,4.65
2026-04-01,CUST-0323,1,0,12.18,4.13
2026-05-01,CUST-0323,2,0,9.18,3.92
2026-06-01,CUST-0323,0,0,0.0,4.79
2025-04-01,CUST-0324,2,0,6.51,4.21
2025-05-01,CUST-0324,1,0,10.51,4.35
2025-06-01,CUST-0324,1,0,13.04,4.76
2025-07-01,CUST-0324,3,0,4.77,4.2
2025-08-01,CUST-0324,0,0,0.0,4.33
2025-09-01,CUST-0324,2,0,5.59,3.54
2025-10-01,CUST-0324,0,0,0.0,4.42
2025-11-01,CUST-0324,0,0,0.0,4.52
2025-12-01,CUST-0324,0,0,0.0,4.46
2026-01-01,CUST-0324,2,0,6.9,4.46
2026-02-01,CUST-0324,1,0,14.04,4.45
2026-03-01,CUST-0324,0,0,0.0,4.38
2026-04-01,CUST-0324,0,0,0.0,4.73
2026-05-01,CUST-0324,0,0,0.0,4.51
2026-06-01,CUST-0324,1,0,5.16,4.44
2026-01-01,CUST-0325,0,0,0.0,4.57
2026-02-01,CUST-0325,1,0,11.6,4.58
2026-03-01,CUST-0325,0,0,0.0,4.62
2026-04-01,CUST-0325,1,1,9.33,4.17
2026-05-01,CUST-0325,2,0,9.79,4.61
2026-06-01,CUST-0325,0,0,0.0,4.55
2026-02-01,CUST-0326,4,0,2.41,4.8
2026-03-01,CUST-0326,3,0,11.34,4.28
2026-04-01,CUST-0326,0,0,0.0,4.51
2026-05-01,CUST-0326,1,0,7.92,4.35
2026-06-01,CUST-0326,0,0,0.0,4.65
2025-11-01,CUST-0327,1,0,5.57,4.26
2025-12-01,CUST-0327,1,1,7.75,4.45
2026-01-01,CUST-0327,0,0,0.0,4.59
2026-02-01,CUST-0327,1,0,9.56,4.08
2026-03-01,CUST-0327,4,1,10.27,3.01
2026-04-01,CUST-0327,1,0,11.06,3.65
2026-05-01,CUST-0327,0,0,0.0,4.74
2026-06-01,CUST-0327,4,1,14.27,3.71
2025-01-01,CUST-0328,0,0,0.0,4.94
2025-02-01,CUST-0328,0,0,0.0,4.66
2025-03-01,CUST-0328,0,0,0.0,4.55
2025-04-01,CUST-0328,0,0,0.0,5.0
2025-05-01,CUST-0328,1,0,11.46,4.58
2025-06-01,CUST-0328,1,0,9.34,4.46
2025-07-01,CUST-0328,2,0,12.28,4.35
2025-08-01,CUST-0328,2,0,8.11,4.78
2025-09-01,CUST-0328,1,0,8.67,4.03
2025-10-01,CUST-0328,1,0,9.32,4.44
2025-11-01,CUST-0328,3,0,8.61,4.59
2025-12-01,CUST-0328,1,0,7.64,4.3
2026-01-01,CUST-0328,2,0,9.64,4.26
2026-02-01,CUST-0328,6,2,18.47,3.34
2026-03-01,CUST-0328,4,0,5.07,4.4
2026-04-01,CUST-0328,2,0,8.18,4.63
2026-05-01,CUST-0328,1,0,7.52,5.0
2026-06-01,CUST-0328,1,0,9.27,4.38
2025-01-01,CUST-0329,1,0,7.08,4.89
2025-02-01,CUST-0329,1,1,9.83,3.91
2025-03-01,CUST-0329,1,0,6.94,4.22
2025-04-01,CUST-0329,0,0,0.0,4.45
2025-05-01,CUST-0329,1,0,6.46,3.82
2025-06-01,CUST-0329,2,0,8.64,4.11
2025-07-01,CUST-0329,1,0,6.96,4.22
2025-08-01,CUST-0329,3,0,8.14,4.18
2025-09-01,CUST-0329,2,1,15.98,3.64
2025-10-01,CUST-0329,2,0,6.26,4.87
2025-11-01,CUST-0329,1,0,9.01,4.42
2025-12-01,CUST-0329,2,0,12.24,4.13
2026-01-01,CUST-0329,0,0,0.0,4.76
2026-02-01,CUST-0329,1,0,10.22,4.26
2026-03-01,CUST-0329,2,0,5.73,4.3
2026-04-01,CUST-0329,2,0,10.19,4.4
2026-05-01,CUST-0329,1,0,4.34,4.17
2026-06-01,CUST-0329,3,0,4.03,3.4
2025-01-01,CUST-0330,2,0,11.93,4.5
2025-02-01,CUST-0330,2,0,8.32,4.45
2025-03-01,CUST-0330,0,0,0.0,4.63
2025-04-01,CUST-0330,2,0,4.96,4.05
2025-05-01,CUST-0330,1,0,3.98,4.62
2025-06-01,CUST-0330,2,0,6.42,4.79
2025-07-01,CUST-0330,1,0,10.22,4.11
2025-08-01,CUST-0330,0,0,0.0,4.61
2025-09-01,CUST-0330,1,0,7.51,4.2
2025-10-01,CUST-0330,1,0,5.34,3.91
2025-11-01,CUST-0330,0,0,0.0,4.79
2025-12-01,CUST-0330,3,1,12.0,3.81
2026-01-01,CUST-0330,0,0,0.0,4.34
2026-02-01,CUST-0330,0,0,0.0,4.65
2026-03-01,CUST-0330,0,0,0.0,4.11
2026-04-01,CUST-0330,1,0,5.52,4.53
2026-05-01,CUST-0330,2,1,12.07,3.99
2026-06-01,CUST-0330,0,0,0.0,4.37
2025-01-01,CUST-0331,1,0,8.7,4.11
2025-02-01,CUST-0331,1,0,10.67,3.39
2025-03-01,CUST-0331,1,1,12.02,4.33
2025-04-01,CUST-0331,3,1,11.16,3.26
2025-05-01,CUST-0331,2,1,14.81,4.13
2025-06-01,CUST-0331,2,0,5.67,4.05
2025-07-01,CUST-0331,2,0,3.24,4.35
2025-08-01,CUST-0331,0,0,0.0,4.46
2025-09-01,CUST-0331,4,0,9.59,4.14
2025-10-01,CUST-0331,4,1,10.84,3.85
2025-11-01,CUST-0331,3,0,7.5,4.63
2025-12-01,CUST-0331,1,0,7.16,3.84
2026-01-01,CUST-0331,1,0,3.11,4.32
2026-02-01,CUST-0331,1,0,9.97,4.64
2026-03-01,CUST-0331,5,0,6.53,4.08
2026-04-01,CUST-0331,4,2,15.52,4.16
2026-05-01,CUST-0331,2,1,13.86,3.89
2026-06-01,CUST-0331,1,0,0.5,4.72
2025-01-01,CUST-0332,0,0,0.0,4.41
2025-02-01,CUST-0332,0,0,0.0,4.88
2025-03-01,CUST-0332,0,0,0.0,4.58
2025-04-01,CUST-0332,3,0,3.48,3.87
2025-05-01,CUST-0332,0,0,0.0,4.26
2025-06-01,CUST-0332,1,0,5.45,4.27
2025-07-01,CUST-0332,2,0,8.36,3.75
2025-08-01,CUST-0332,0,0,0.0,4.4
2025-09-01,CUST-0332,0,0,0.0,4.42
2025-10-01,CUST-0332,1,0,3.65,4.54
2025-11-01,CUST-0332,1,1,8.36,3.58
2025-12-01,CUST-0332,1,0,7.0,4.64
2026-01-01,CUST-0332,2,0,8.28,4.46
2026-02-01,CUST-0332,0,0,0.0,4.66
2026-03-01,CUST-0332,2,0,11.98,4.51
2026-04-01,CUST-0332,0,0,0.0,4.45
2026-05-01,CUST-0332,1,0,8.53,4.22
2026-06-01,CUST-0332,1,1,13.76,4.22
2025-01-01,CUST-0333,2,0,7.33,4.07
2025-02-01,CUST-0333,1,0,8.97,4.66
2025-03-01,CUST-0333,0,0,0.0,4.16
2025-04-01,CUST-0333,2,0,3.92,3.92
2025-05-01,CUST-0333,1,0,10.19,5.0
2025-06-01,CUST-0333,2,0,12.76,4.77
2025-07-01,CUST-0333,5,0,2.84,3.96
2025-08-01,CUST-0333,1,0,11.82,4.6
2025-09-01,CUST-0333,4,0,10.74,4.45
2025-10-01,CUST-0333,1,0,7.04,4.2
2025-11-01,CUST-0333,1,0,9.05,4.12
2025-12-01,CUST-0333,3,1,15.85,3.52
2026-01-01,CUST-0333,2,1,13.66,3.82
2026-02-01,CUST-0333,4,0,14.44,4.34
2026-03-01,CUST-0333,2,0,7.59,3.94
2026-04-01,CUST-0333,2,0,6.86,3.92
2026-05-01,CUST-0333,1,0,6.41,4.11
2026-06-01,CUST-0333,0,0,0.0,4.63
2025-01-01,CUST-0334,2,0,2.2,4.91
2025-02-01,CUST-0334,1,0,5.21,4.52
2025-03-01,CUST-0334,0,0,0.0,4.22
2025-04-01,CUST-0334,1,0,9.91,4.44
2025-05-01,CUST-0334,0,0,0.0,4.78
2025-06-01,CUST-0334,1,0,7.91,4.23
2025-07-01,CUST-0334,0,0,0.0,4.4
2025-08-01,CUST-0334,0,0,0.0,4.67
2025-09-01,CUST-0334,1,0,10.23,3.61
2025-10-01,CUST-0334,0,0,0.0,4.48
2025-11-01,CUST-0334,1,0,9.46,4.04
2025-12-01,CUST-0334,1,0,2.76,4.17
2026-01-01,CUST-0334,1,0,12.57,4.2
2026-02-01,CUST-0334,4,0,4.54,4.98
2026-03-01,CUST-0334,4,0,5.79,4.51
2026-04-01,CUST-0334,0,0,0.0,4.51
2026-05-01,CUST-0334,3,0,5.1,4.28
2026-06-01,CUST-0334,1,0,9.21,4.4
2025-01-01,CUST-0335,1,0,8.79,4.51
2025-02-01,CUST-0335,0,0,0.0,4.28
2025-03-01,CUST-0335,3,0,7.25,4.67
2025-04-01,CUST-0335,0,0,0.0,4.53
2025-05-01,CUST-0335,4,0,6.09,4.03
2025-06-01,CUST-0335,1,0,7.22,4.06
2025-07-01,CUST-0335,0,0,0.0,4.59
2025-08-01,CUST-0335,1,0,10.15,4.09
2025-09-01,CUST-0335,1,0,8.17,3.81
2025-10-01,CUST-0335,2,0,11.41,4.49
2025-11-01,CUST-0335,4,1,13.83,4.65
2025-12-01,CUST-0335,1,0,6.43,4.43
2026-01-01,CUST-0335,1,0,6.89,4.88
2026-02-01,CUST-0335,1,0,3.24,4.84
2026-03-01,CUST-0335,0,0,0.0,4.59
2026-04-01,CUST-0335,2,0,10.16,4.48
2026-05-01,CUST-0335,1,0,7.81,4.39
2026-06-01,CUST-0335,0,0,0.0,4.79
2025-01-01,CUST-0336,0,0,0.0,4.82
2025-02-01,CUST-0336,2,0,6.09,3.98
2025-03-01,CUST-0336,1,0,7.24,4.21
2025-04-01,CUST-0336,2,0,7.22,4.16
2025-05-01,CUST-0336,1,0,8.22,4.55
2025-06-01,CUST-0336,1,0,12.31,3.85
2025-07-01,CUST-0336,1,0,4.75,3.84
2025-08-01,CUST-0336,3,0,11.94,4.62
2025-09-01,CUST-0336,0,0,0.0,4.69
2025-10-01,CUST-0336,4,1,6.58,3.17
2025-11-01,CUST-0336,3,0,6.27,5.0
2025-12-01,CUST-0336,1,0,12.28,4.13
2026-01-01,CUST-0336,1,0,3.99,4.6
2026-02-01,CUST-0336,2,0,11.06,4.46
2026-03-01,CUST-0336,2,0,6.19,4.86
2026-04-01,CUST-0336,1,0,7.95,4.39
2026-05-01,CUST-0336,3,0,6.41,4.1
2026-06-01,CUST-0336,1,0,10.48,4.14
2026-03-01,CUST-0337,0,0,0.0,4.53
2026-04-01,CUST-0337,1,0,5.93,4.95
2026-05-01,CUST-0337,1,0,2.63,4.78
2026-06-01,CUST-0337,2,1,11.02,3.91
2025-01-01,CUST-0338,4,0,4.4,4.34
2025-02-01,CUST-0338,0,0,0.0,4.69
2025-03-01,CUST-0338,0,0,0.0,4.7
2025-04-01,CUST-0338,1,0,7.72,4.41
2025-05-01,CUST-0338,0,0,0.0,4.89
2025-06-01,CUST-0338,2,0,6.57,4.22
2025-07-01,CUST-0338,1,0,14.11,4.79
2025-08-01,CUST-0338,0,0,0.0,4.52
2025-09-01,CUST-0338,3,0,4.17,4.27
2025-10-01,CUST-0338,3,0,9.34,4.31
2025-11-01,CUST-0338,2,0,8.16,4.57
2025-12-01,CUST-0338,1,0,4.53,4.58
2026-01-01,CUST-0338,2,0,2.62,4.59
2026-02-01,CUST-0338,2,0,9.92,5.0
2026-03-01,CUST-0338,1,0,2.09,4.12
2026-04-01,CUST-0338,2,1,7.52,3.74
2026-05-01,CUST-0338,0,0,0.0,4.51
2026-06-01,CUST-0338,1,0,9.32,4.43
2026-03-01,CUST-0339,0,0,0.0,4.4
2026-04-01,CUST-0339,0,0,0.0,4.75
2026-05-01,CUST-0339,4,1,14.11,3.69
2026-06-01,CUST-0339,1,0,6.96,4.24
2025-01-01,CUST-0340,1,0,10.63,5.0
2025-02-01,CUST-0340,0,0,0.0,4.8
2025-03-01,CUST-0340,2,0,7.24,4.6
2025-04-01,CUST-0340,0,0,0.0,4.14
2025-05-01,CUST-0340,0,0,0.0,4.52
2025-06-01,CUST-0340,0,0,0.0,4.69
2025-07-01,CUST-0340,2,0,8.51,4.63
2025-08-01,CUST-0340,0,0,0.0,4.75
2025-09-01,CUST-0340,0,0,0.0,4.33
2025-10-01,CUST-0340,3,1,8.94,3.83
2025-11-01,CUST-0340,0,0,0.0,4.18
2025-12-01,CUST-0340,0,0,0.0,4.58
2026-01-01,CUST-0340,1,0,7.75,4.77
2026-02-01,CUST-0340,2,1,12.67,3.92
2026-03-01,CUST-0340,0,0,0.0,4.56
2026-04-01,CUST-0340,1,0,8.34,4.68
2026-05-01,CUST-0340,2,0,10.63,3.9
2026-06-01,CUST-0340,0,0,0.0,4.45
2025-01-01,CUST-0341,1,0,8.36,4.03
2025-02-01,CUST-0341,1,0,8.78,4.73
2025-03-01,CUST-0341,3,1,14.12,4.33
2025-04-01,CUST-0341,1,0,9.44,4.6
2025-05-01,CUST-0341,2,0,10.26,4.66
2025-06-01,CUST-0341,1,0,8.44,4.28
2025-07-01,CUST-0341,1,0,11.33,4.33
2025-08-01,CUST-0341,1,1,19.05,4.1
2025-09-01,CUST-0341,2,0,4.42,4.14
2025-10-01,CUST-0341,2,0,8.75,4.54
2025-11-01,CUST-0341,5,0,6.48,4.6
2025-12-01,CUST-0341,4,0,2.66,3.72
2026-01-01,CUST-0341,0,0,0.0,4.63
2026-02-01,CUST-0341,2,0,10.9,4.42
2026-03-01,CUST-0341,2,0,3.44,3.91
2026-04-01,CUST-0341,1,0,8.18,4.23
2026-05-01,CUST-0341,1,0,8.13,4.61
2026-06-01,CUST-0341,0,0,0.0,4.72
2025-08-01,CUST-0342,3,1,9.0,4.22
2025-09-01,CUST-0342,1,0,7.28,4.54
2025-10-01,CUST-0342,0,0,0.0,4.57
2025-11-01,CUST-0342,2,0,4.82,4.23
2025-12-01,CUST-0342,1,0,9.34,4.42
2026-01-01,CUST-0342,0,0,0.0,4.58
2026-02-01,CUST-0342,2,0,9.81,4.7
2026-03-01,CUST-0342,0,0,0.0,4.47
2026-04-01,CUST-0342,0,0,0.0,4.52
2026-05-01,CUST-0342,2,0,12.55,4.14
2026-06-01,CUST-0342,2,0,10.1,4.81
2025-01-01,CUST-0343,4,1,15.65,3.53
2025-02-01,CUST-0343,0,0,0.0,4.65
2025-03-01,CUST-0343,1,0,9.76,4.6
2025-04-01,CUST-0343,5,2,18.53,3.74
2025-05-01,CUST-0343,3,0,10.03,4.15
2025-06-01,CUST-0343,2,1,13.43,3.7
2025-07-01,CUST-0343,1,0,11.46,4.33
2025-08-01,CUST-0343,1,0,5.88,3.93
2025-09-01,CUST-0343,2,0,10.15,4.38
2025-10-01,CUST-0343,1,1,10.75,4.02
2025-11-01,CUST-0343,0,0,0.0,4.55
2025-12-01,CUST-0343,1,0,7.64,4.32
2025-01-01,CUST-0344,3,1,12.55,3.52
2025-02-01,CUST-0344,1,0,10.85,4.48
2025-03-01,CUST-0344,2,0,7.14,4.46
2025-04-01,CUST-0344,1,0,10.04,3.98
2025-05-01,CUST-0344,3,0,12.13,4.2
2025-06-01,CUST-0344,2,0,5.71,3.99
2025-07-01,CUST-0344,7,1,10.86,3.64
2025-08-01,CUST-0344,3,0,5.93,3.88
2025-09-01,CUST-0344,3,1,17.25,3.75
2025-10-01,CUST-0344,3,0,10.05,3.27
2025-11-01,CUST-0344,3,2,18.58,3.75
2025-01-01,CUST-0345,3,0,4.57,4.73
2025-02-01,CUST-0345,1,0,7.83,4.34
2025-03-01,CUST-0345,0,0,0.0,4.51
2025-04-01,CUST-0345,1,0,8.34,4.77
2025-05-01,CUST-0345,2,0,9.54,4.87
2025-06-01,CUST-0345,1,0,5.68,4.25
2025-07-01,CUST-0345,2,0,6.15,4.32
2025-08-01,CUST-0345,0,0,0.0,4.35
2025-09-01,CUST-0345,0,0,0.0,4.52
2025-10-01,CUST-0345,1,0,5.77,4.6
2025-11-01,CUST-0345,2,0,7.52,4.01
2025-12-01,CUST-0345,2,0,7.95,4.16
2026-01-01,CUST-0345,1,0,8.88,3.82
2026-02-01,CUST-0345,1,0,3.67,4.47
2026-03-01,CUST-0345,1,0,8.74,4.93
2026-04-01,CUST-0345,0,0,0.0,4.65
2026-05-01,CUST-0345,2,0,8.4,4.28
2026-06-01,CUST-0345,1,0,10.78,4.56
2026-02-01,CUST-0346,0,0,0.0,4.62
2026-03-01,CUST-0346,2,0,9.61,4.51
2026-04-01,CUST-0346,2,0,5.87,4.34
2026-05-01,CUST-0346,0,0,0.0,4.33
2026-06-01,CUST-0346,0,0,0.0,4.78
2026-03-01,CUST-0347,1,0,5.38,4.62
2026-04-01,CUST-0347,3,0,6.71,4.99
2026-05-01,CUST-0347,2,0,10.93,4.69
2026-06-01,CUST-0347,2,1,13.31,3.96
2025-04-01,CUST-0348,1,0,11.01,4.4
2025-05-01,CUST-0348,2,0,6.54,3.52
2025-06-01,CUST-0348,0,0,0.0,4.59
2025-07-01,CUST-0348,3,0,7.86,4.28
2025-08-01,CUST-0348,0,0,0.0,4.58
2025-09-01,CUST-0348,1,0,9.97,4.28
2025-10-01,CUST-0348,6,1,11.0,3.58
2025-11-01,CUST-0348,0,0,0.0,4.68
2025-12-01,CUST-0348,1,0,9.42,4.49
2026-01-01,CUST-0348,0,0,0.0,4.66
2026-02-01,CUST-0348,3,1,13.78,3.96
2026-03-01,CUST-0348,2,0,6.64,4.18
2026-04-01,CUST-0348,5,3,24.93,3.12
2026-05-01,CUST-0348,3,0,2.17,3.88
2026-06-01,CUST-0348,1,0,9.03,4.47
2025-04-01,CUST-0349,1,0,9.03,4.23
2025-05-01,CUST-0349,1,0,8.58,4.07
2025-06-01,CUST-0349,1,0,6.83,5.0
2025-07-01,CUST-0349,1,0,10.64,4.45
2025-08-01,CUST-0349,0,0,0.0,4.62
2025-09-01,CUST-0349,1,0,3.95,4.45
2025-10-01,CUST-0349,0,0,0.0,4.82
2025-10-01,CUST-0350,1,0,12.52,4.13
2025-11-01,CUST-0350,1,0,5.88,4.55
2025-12-01,CUST-0350,3,1,8.98,4.1
2026-01-01,CUST-0350,0,0,0.0,4.47
2026-02-01,CUST-0350,3,0,7.15,4.37
2026-03-01,CUST-0350,0,0,0.0,4.34
2026-04-01,CUST-0350,2,0,8.38,4.92
2026-05-01,CUST-0350,0,0,0.0,4.65
2026-06-01,CUST-0350,0,0,0.0,4.72
2025-10-01,CUST-0351,2,1,12.14,3.9
2025-11-01,CUST-0351,4,1,14.73,3.69
2025-12-01,CUST-0351,1,0,6.9,5.0
2026-01-01,CUST-0351,4,0,12.35,4.55
2026-02-01,CUST-0351,0,0,0.0,4.52
2026-03-01,CUST-0351,2,0,11.34,4.47
2026-04-01,CUST-0351,3,0,6.16,4.38
2026-05-01,CUST-0351,2,0,6.03,4.32
2026-06-01,CUST-0351,1,0,4.01,3.72
2025-07-01,CUST-0352,0,0,0.0,4.44
2025-08-01,CUST-0352,0,0,0.0,4.56
2025-09-01,CUST-0352,0,0,0.0,4.56
2025-10-01,CUST-0352,0,0,0.0,4.61
2025-11-01,CUST-0352,1,0,8.76,4.39
2025-12-01,CUST-0352,0,0,0.0,4.77
2026-01-01,CUST-0352,0,0,0.0,4.25
2026-02-01,CUST-0352,1,0,2.32,3.42
2026-03-01,CUST-0352,1,0,4.13,4.27
2026-04-01,CUST-0352,2,0,5.77,4.39
2026-05-01,CUST-0352,1,0,8.74,4.07
2026-06-01,CUST-0352,2,1,5.85,3.42
2026-02-01,CUST-0353,1,0,7.98,4.09
2026-03-01,CUST-0353,0,0,0.0,4.79
2026-04-01,CUST-0353,1,0,10.29,3.9
2026-05-01,CUST-0353,1,0,5.18,4.55
2026-06-01,CUST-0353,1,1,11.08,4.71
2025-09-01,CUST-0354,1,0,8.28,4.19
2025-10-01,CUST-0354,2,0,2.07,5.0
2025-11-01,CUST-0354,1,0,5.43,4.35
2025-12-01,CUST-0354,0,0,0.0,4.72
2026-01-01,CUST-0354,3,0,7.04,3.99
2026-02-01,CUST-0354,2,0,4.76,3.55
2026-03-01,CUST-0354,1,0,10.38,4.29
2026-04-01,CUST-0354,3,1,13.29,3.83
2026-05-01,CUST-0354,2,0,5.91,3.94
2026-06-01,CUST-0354,2,1,12.68,4.25
2025-04-01,CUST-0355,1,0,6.75,4.76
2025-05-01,CUST-0355,1,0,8.89,4.67
2025-06-01,CUST-0355,0,0,0.0,4.49
2025-07-01,CUST-0355,4,0,8.33,4.17
2025-08-01,CUST-0355,4,0,8.62,3.9
2025-09-01,CUST-0355,2,0,6.37,3.84
2025-10-01,CUST-0355,1,0,6.37,4.93
2025-11-01,CUST-0355,2,0,6.21,4.08
2025-12-01,CUST-0355,0,0,0.0,4.65
2026-01-01,CUST-0355,2,0,7.68,3.6
2026-02-01,CUST-0355,1,0,9.08,4.01
2026-03-01,CUST-0355,0,0,0.0,4.71
2026-04-01,CUST-0355,1,1,10.0,3.17
2026-05-01,CUST-0355,0,0,0.0,4.42
2026-06-01,CUST-0355,2,0,8.86,4.1
2025-01-01,CUST-0356,1,0,6.08,4.49
2025-02-01,CUST-0356,0,0,0.0,4.77
2025-03-01,CUST-0356,0,0,0.0,4.58
2025-04-01,CUST-0356,0,0,0.0,4.54
2025-05-01,CUST-0356,2,0,7.75,4.02
2025-06-01,CUST-0356,0,0,0.0,4.35
2025-07-01,CUST-0356,1,0,8.61,4.24
2025-08-01,CUST-0356,0,0,0.0,4.73
2025-09-01,CUST-0356,0,0,0.0,4.44
2025-10-01,CUST-0356,1,0,6.71,4.22
2025-11-01,CUST-0356,1,0,4.19,4.23
2025-12-01,CUST-0356,0,0,0.0,4.87
2026-01-01,CUST-0356,1,0,13.15,4.3
2026-02-01,CUST-0356,2,0,8.45,4.14
2026-03-01,CUST-0356,2,0,8.38,4.8
2026-04-01,CUST-0356,1,0,10.25,4.31
2026-05-01,CUST-0356,0,0,0.0,4.64
2026-06-01,CUST-0356,0,0,0.0,4.71
2025-01-01,CUST-0357,1,0,9.28,4.77
2025-02-01,CUST-0357,0,0,0.0,4.68
2025-03-01,CUST-0357,1,1,13.49,4.52
2025-04-01,CUST-0357,0,0,0.0,4.53
2025-05-01,CUST-0357,5,0,9.46,4.91
2025-06-01,CUST-0357,1,0,4.76,4.18
2025-07-01,CUST-0357,1,1,7.48,3.89
2025-08-01,CUST-0357,2,1,7.23,4.04
2025-09-01,CUST-0357,2,0,11.98,3.7
2025-10-01,CUST-0357,1,0,9.49,4.4
2025-11-01,CUST-0357,0,0,0.0,4.53
2025-12-01,CUST-0357,0,0,0.0,4.23
2026-01-01,CUST-0357,1,0,5.95,4.38
2026-02-01,CUST-0357,4,1,16.34,3.95
2026-03-01,CUST-0357,3,1,14.35,3.82
2026-04-01,CUST-0357,1,0,3.37,4.13
2026-05-01,CUST-0357,1,0,9.19,4.22
2026-06-01,CUST-0357,0,0,0.0,4.34
2025-01-01,CUST-0358,0,0,0.0,4.58
2025-02-01,CUST-0358,1,0,0.63,4.99
2025-03-01,CUST-0358,2,0,9.14,4.18
2025-04-01,CUST-0358,1,0,15.88,3.75
2025-05-01,CUST-0358,3,0,3.22,4.46
2025-06-01,CUST-0358,4,2,19.38,3.01
2025-07-01,CUST-0358,3,0,8.77,4.0
2025-08-01,CUST-0358,4,0,6.94,4.5
2025-09-01,CUST-0358,0,0,0.0,4.76
2025-10-01,CUST-0358,7,1,12.49,3.33
2025-11-01,CUST-0358,3,1,11.51,3.48
2025-12-01,CUST-0358,0,0,0.0,4.62
2026-01-01,CUST-0358,2,1,9.72,3.85
2025-10-01,CUST-0359,1,1,13.3,3.59
2025-11-01,CUST-0359,1,0,7.27,4.59
2025-12-01,CUST-0359,2,0,3.55,3.77
2026-01-01,CUST-0359,1,0,5.46,4.13
2026-02-01,CUST-0359,1,0,6.79,4.4
2026-03-01,CUST-0359,2,0,7.82,4.24
2026-04-01,CUST-0359,2,1,17.45,4.68
2026-05-01,CUST-0359,1,1,10.17,3.88
2026-06-01,CUST-0359,2,0,15.54,4.6
2025-07-01,CUST-0360,1,0,2.88,3.96
2025-08-01,CUST-0360,1,0,10.87,3.96
2025-09-01,CUST-0360,1,0,2.21,3.94
2025-10-01,CUST-0360,1,0,9.59,4.26
2025-11-01,CUST-0360,1,1,12.88,3.69
2025-12-01,CUST-0360,2,0,10.66,3.72
2026-01-01,CUST-0360,0,0,0.0,4.8
2026-02-01,CUST-0360,3,0,6.5,5.0
2026-03-01,CUST-0360,0,0,0.0,4.71
2026-04-01,CUST-0360,1,0,6.61,4.44
2026-05-01,CUST-0360,2,0,3.91,4.22
2026-06-01,CUST-0360,2,0,4.93,4.51
2025-10-01,CUST-0361,1,0,6.72,4.78
2025-11-01,CUST-0361,1,0,5.93,4.43
2025-12-01,CUST-0361,2,0,9.7,4.38
2026-01-01,CUST-0361,1,0,8.03,4.98
2026-02-01,CUST-0361,2,0,4.81,4.28
2026-03-01,CUST-0361,0,0,0.0,4.71
2026-04-01,CUST-0361,0,0,0.0,4.47
2025-06-01,CUST-0362,0,0,0.0,4.27
2025-07-01,CUST-0362,1,0,7.76,4.41
2025-08-01,CUST-0362,2,0,11.7,4.53
2025-09-01,CUST-0362,1,0,5.77,4.53
2025-10-01,CUST-0362,0,0,0.0,4.53
2025-11-01,CUST-0362,0,0,0.0,4.47
2025-12-01,CUST-0362,2,0,10.6,3.94
2026-01-01,CUST-0362,1,0,11.41,4.68
2026-02-01,CUST-0362,1,0,5.18,4.34
2026-03-01,CUST-0362,0,0,0.0,4.8
2026-04-01,CUST-0362,0,0,0.0,4.79
2026-05-01,CUST-0362,1,0,7.2,4.27
2026-06-01,CUST-0362,4,0,3.19,4.25
2025-02-01,CUST-0363,2,0,11.85,4.51
2025-03-01,CUST-0363,3,1,12.1,3.56
2025-04-01,CUST-0363,1,0,10.23,4.27
2025-05-01,CUST-0363,0,0,0.0,4.66
2025-06-01,CUST-0363,3,0,7.79,3.92
2025-07-01,CUST-0363,2,0,3.42,4.41
2025-08-01,CUST-0363,1,0,6.45,3.83
2025-09-01,CUST-0363,1,0,10.97,4.47
2025-10-01,CUST-0363,0,0,0.0,4.17
2025-11-01,CUST-0363,2,0,8.84,3.87
2025-12-01,CUST-0363,0,0,0.0,4.4
2026-01-01,CUST-0363,1,0,6.64,4.37
2026-02-01,CUST-0363,2,0,3.36,4.41
2026-03-01,CUST-0363,1,0,6.27,4.92
2026-04-01,CUST-0363,1,0,2.06,4.01
2026-05-01,CUST-0363,2,0,6.67,4.28
2026-06-01,CUST-0363,3,0,4.49,3.97
2025-01-01,CUST-0364,0,0,0.0,4.55
2025-02-01,CUST-0364,1,0,7.26,4.31
2025-03-01,CUST-0364,0,0,0.0,4.37
2025-04-01,CUST-0364,1,1,10.11,4.1
2025-05-01,CUST-0364,1,0,0.99,4.14
2025-06-01,CUST-0364,4,0,8.99,4.51
2025-07-01,CUST-0364,1,1,9.3,3.95
2025-08-01,CUST-0364,0,0,0.0,4.11
2025-09-01,CUST-0364,0,0,0.0,4.34
2025-10-01,CUST-0364,1,0,13.17,4.32
2025-11-01,CUST-0364,2,0,7.92,3.76
2025-12-01,CUST-0364,1,1,11.67,3.83
2026-01-01,CUST-0364,3,0,9.21,3.73
2026-02-01,CUST-0364,4,0,6.2,4.46
2026-03-01,CUST-0364,4,0,7.2,4.69
2026-04-01,CUST-0364,0,0,0.0,4.55
2026-05-01,CUST-0364,3,0,5.7,4.34
2026-06-01,CUST-0364,3,0,8.34,3.97
2026-01-01,CUST-0365,1,0,9.47,4.56
2026-02-01,CUST-0365,1,0,0.5,4.82
2026-03-01,CUST-0365,2,0,8.96,4.21
2026-04-01,CUST-0365,0,0,0.0,4.54
2026-05-01,CUST-0365,0,0,0.0,4.56
2026-06-01,CUST-0365,0,0,0.0,4.27
2025-07-01,CUST-0366,0,0,0.0,4.39
2025-08-01,CUST-0366,0,0,0.0,4.48
2025-09-01,CUST-0366,0,0,0.0,4.43
2025-10-01,CUST-0366,0,0,0.0,4.39
2025-11-01,CUST-0366,0,0,0.0,4.31
2025-12-01,CUST-0366,0,0,0.0,4.7
2026-01-01,CUST-0366,2,0,13.46,4.68
2026-02-01,CUST-0366,2,0,8.52,3.73
2026-03-01,CUST-0366,1,0,7.89,3.98
2026-04-01,CUST-0366,2,0,7.92,3.53
2026-05-01,CUST-0366,0,0,0.0,4.29
2026-06-01,CUST-0366,0,0,0.0,4.68
2025-02-01,CUST-0367,0,0,0.0,4.45
2025-03-01,CUST-0367,1,0,7.5,4.0
2025-04-01,CUST-0367,0,0,0.0,4.26
2025-05-01,CUST-0367,1,0,12.05,4.73
2025-06-01,CUST-0367,0,0,0.0,4.72
2025-07-01,CUST-0367,6,0,9.52,4.32
2025-08-01,CUST-0367,3,0,6.42,4.42
2025-09-01,CUST-0367,2,0,5.68,4.8
2025-10-01,CUST-0367,2,0,6.72,4.51
2025-11-01,CUST-0367,1,0,8.13,4.17
2025-12-01,CUST-0367,0,0,0.0,4.34
2026-01-01,CUST-0367,1,0,7.71,4.6
2026-02-01,CUST-0367,2,0,11.62,4.3
2026-03-01,CUST-0367,3,0,4.02,4.32
2026-04-01,CUST-0367,1,0,4.67,4.58
2026-05-01,CUST-0367,1,0,5.75,4.07
2026-06-01,CUST-0367,3,0,11.99,4.15
2025-04-01,CUST-0368,1,1,10.14,3.92
2025-05-01,CUST-0368,0,0,0.0,4.6
2025-06-01,CUST-0368,0,0,0.0,4.54
2025-07-01,CUST-0368,0,0,0.0,4.88
2025-08-01,CUST-0368,0,0,0.0,4.67
2025-09-01,CUST-0368,1,0,8.62,5.0
2025-10-01,CUST-0368,1,0,3.74,3.84
2025-11-01,CUST-0368,0,0,0.0,4.34
2025-12-01,CUST-0368,2,0,10.4,3.65
2026-01-01,CUST-0368,3,0,2.77,4.84
2026-02-01,CUST-0368,0,0,0.0,4.84
2026-03-01,CUST-0368,1,0,5.73,4.97
2026-04-01,CUST-0368,1,0,8.16,4.81
2026-05-01,CUST-0368,2,0,6.11,4.54
2026-06-01,CUST-0368,1,0,4.42,4.62
2025-03-01,CUST-0369,1,0,11.61,4.51
2025-04-01,CUST-0369,1,0,4.71,4.14
2025-05-01,CUST-0369,1,0,4.59,4.1
2025-06-01,CUST-0369,0,0,0.0,4.7
2025-07-01,CUST-0369,0,0,0.0,4.38
2025-08-01,CUST-0369,0,0,0.0,4.87
2025-09-01,CUST-0369,0,0,0.0,4.48
2025-10-01,CUST-0369,1,0,2.73,4.16
2025-11-01,CUST-0369,4,0,8.23,4.62
2025-12-01,CUST-0369,1,0,9.51,4.26
2026-01-01,CUST-0369,2,0,10.07,4.42
2026-02-01,CUST-0369,1,0,5.39,4.38
2026-03-01,CUST-0369,0,0,0.0,4.46
2026-04-01,CUST-0369,0,0,0.0,4.57
2026-05-01,CUST-0369,0,0,0.0,4.2
2026-06-01,CUST-0369,4,1,17.8,4.17
2025-01-01,CUST-0370,1,0,9.62,4.16
2025-02-01,CUST-0370,1,0,10.87,4.98
2025-03-01,CUST-0370,2,0,8.9,4.25
2025-04-01,CUST-0370,1,0,8.92,4.33
2025-05-01,CUST-0370,2,0,7.56,4.0
2025-06-01,CUST-0370,1,0,6.96,4.53
2025-07-01,CUST-0370,0,0,0.0,4.78
2025-08-01,CUST-0370,1,0,6.01,4.18
2025-09-01,CUST-0370,2,0,4.77,3.86
2025-10-01,CUST-0370,2,0,13.1,4.06
2025-11-01,CUST-0370,0,0,0.0,4.2
2025-12-01,CUST-0370,1,0,11.59,4.67
2026-01-01,CUST-0370,1,0,8.85,5.0
2026-02-01,CUST-0370,2,0,6.19,3.88
2026-03-01,CUST-0370,2,0,7.27,4.67
2026-04-01,CUST-0370,0,0,0.0,4.61
2026-05-01,CUST-0370,2,0,4.65,4.23
2026-06-01,CUST-0370,0,0,0.0,4.45
2025-08-01,CUST-0371,0,0,0.0,4.43
2025-09-01,CUST-0371,1,0,5.45,4.02
2025-10-01,CUST-0371,3,0,3.6,3.98
2025-11-01,CUST-0371,2,0,11.08,4.68
2025-12-01,CUST-0371,0,0,0.0,4.76
2026-01-01,CUST-0371,0,0,0.0,4.32
2026-02-01,CUST-0371,7,0,11.5,4.39
2026-03-01,CUST-0371,1,0,11.88,4.39
2026-04-01,CUST-0371,2,1,12.36,2.97
2026-05-01,CUST-0371,0,0,0.0,4.54
2026-06-01,CUST-0371,2,0,5.09,4.55
2025-01-01,CUST-0372,1,0,7.45,4.38
2025-02-01,CUST-0372,1,0,6.29,4.79
2025-03-01,CUST-0372,1,0,4.83,4.25
2025-04-01,CUST-0372,2,0,6.93,4.29
2025-05-01,CUST-0372,1,0,6.71,4.86
2025-06-01,CUST-0372,0,0,0.0,4.46
2025-07-01,CUST-0372,4,0,11.0,4.22
2025-08-01,CUST-0372,0,0,0.0,4.76
2025-09-01,CUST-0372,0,0,0.0,4.51
2025-10-01,CUST-0372,1,0,11.22,4.7
2025-11-01,CUST-0372,1,0,3.4,4.51
2025-12-01,CUST-0372,0,0,0.0,4.72
2026-01-01,CUST-0372,0,0,0.0,4.49
2026-02-01,CUST-0372,1,0,6.66,4.58
2026-03-01,CUST-0372,1,0,9.98,4.26
2026-04-01,CUST-0372,1,0,6.07,4.64
2026-05-01,CUST-0372,1,0,9.28,4.06
2026-06-01,CUST-0372,1,0,12.31,4.53
2025-12-01,CUST-0373,0,0,0.0,4.53
2026-01-01,CUST-0373,0,0,0.0,4.17
2026-02-01,CUST-0373,2,0,7.77,4.42
2026-03-01,CUST-0373,1,0,10.19,4.76
2026-04-01,CUST-0373,1,0,6.51,5.0
2026-05-01,CUST-0373,0,0,0.0,4.32
2026-06-01,CUST-0373,1,0,4.0,4.04
2025-09-01,CUST-0374,2,0,4.67,4.66
2025-10-01,CUST-0374,0,0,0.0,4.32
2025-11-01,CUST-0374,1,0,1.95,3.83
2025-12-01,CUST-0374,2,0,8.21,4.56
2026-01-01,CUST-0374,2,0,6.13,4.12
2026-02-01,CUST-0374,3,1,9.13,3.5
2026-03-01,CUST-0374,1,0,6.67,3.8
2026-04-01,CUST-0374,1,0,11.45,4.51
2025-01-01,CUST-0375,1,0,8.01,4.78
2025-02-01,CUST-0375,0,0,0.0,4.78
2025-03-01,CUST-0375,0,0,0.0,4.49
2025-04-01,CUST-0375,3,0,0.67,4.07
2025-05-01,CUST-0375,0,0,0.0,4.7
2025-06-01,CUST-0375,1,0,7.32,4.57
2025-07-01,CUST-0375,2,1,15.46,4.62
2025-08-01,CUST-0375,1,0,11.77,4.25
2025-09-01,CUST-0375,1,1,11.56,4.35
2025-10-01,CUST-0375,2,0,12.45,4.15
2025-11-01,CUST-0375,1,0,8.74,4.78
2025-12-01,CUST-0375,1,0,4.89,4.47
2026-01-01,CUST-0375,2,0,4.9,3.57
2026-02-01,CUST-0375,1,0,7.25,5.0
2026-03-01,CUST-0375,1,0,7.48,4.16
2026-04-01,CUST-0375,0,0,0.0,4.74
2026-05-01,CUST-0375,1,0,13.11,4.13
2026-06-01,CUST-0375,0,0,0.0,4.81
2025-03-01,CUST-0376,1,0,11.59,4.29
2025-04-01,CUST-0376,0,0,0.0,4.18
2025-05-01,CUST-0376,0,0,0.0,4.15
2025-06-01,CUST-0376,0,0,0.0,4.58
2025-07-01,CUST-0376,0,0,0.0,4.56
2025-08-01,CUST-0376,2,0,6.66,4.42
2025-09-01,CUST-0376,2,0,8.98,4.53
2025-10-01,CUST-0376,0,0,0.0,4.54
2025-11-01,CUST-0376,6,0,7.23,3.66
2025-12-01,CUST-0376,0,0,0.0,4.76
2026-01-01,CUST-0376,5,0,0.5,3.89
2026-02-01,CUST-0376,1,1,12.78,4.36
2026-03-01,CUST-0376,0,0,0.0,4.52
2026-04-01,CUST-0376,0,0,0.0,4.66
2026-05-01,CUST-0376,1,0,9.46,3.89
2026-06-01,CUST-0376,2,0,6.46,4.63
2025-01-01,CUST-0377,1,0,11.24,4.63
2025-02-01,CUST-0377,0,0,0.0,4.76
2025-03-01,CUST-0377,0,0,0.0,4.53
2025-04-01,CUST-0377,0,0,0.0,4.49
2025-05-01,CUST-0377,0,0,0.0,4.6
2025-06-01,CUST-0377,2,0,12.26,4.43
2025-07-01,CUST-0377,0,0,0.0,4.62
2025-08-01,CUST-0377,1,1,13.36,4.14
2025-09-01,CUST-0377,3,0,9.39,4.38
2025-10-01,CUST-0377,0,0,0.0,4.46
2025-11-01,CUST-0377,0,0,0.0,4.48
2025-12-01,CUST-0377,1,0,7.16,3.82
2026-01-01,CUST-0377,0,0,0.0,4.18
2026-02-01,CUST-0377,0,0,0.0,4.56
2026-03-01,CUST-0377,1,1,16.38,3.88
2026-04-01,CUST-0377,1,0,4.56,5.0
2026-05-01,CUST-0377,2,0,5.27,4.69
2026-06-01,CUST-0377,0,0,0.0,4.11
2025-10-01,CUST-0378,1,0,7.66,4.04
2025-11-01,CUST-0378,0,0,0.0,4.73
2025-12-01,CUST-0378,0,0,0.0,4.75
2026-01-01,CUST-0378,1,0,4.6,3.97
2026-02-01,CUST-0378,3,0,4.31,3.64
2026-03-01,CUST-0378,0,0,0.0,4.64
2026-04-01,CUST-0378,1,1,9.18,4.14
2026-05-01,CUST-0378,2,0,7.22,4.56
2026-06-01,CUST-0378,2,0,2.6,3.43
2026-02-01,CUST-0379,3,1,13.37,4.19
2026-03-01,CUST-0379,2,0,5.6,4.3
2026-04-01,CUST-0379,0,0,0.0,4.64
2026-05-01,CUST-0379,1,0,7.49,4.71
2026-06-01,CUST-0379,2,0,10.2,4.12
2025-11-01,CUST-0380,2,0,3.02,4.43
2025-12-01,CUST-0380,2,0,3.52,3.95
2026-01-01,CUST-0380,0,0,0.0,4.49
2026-02-01,CUST-0380,1,0,7.88,4.54
2026-03-01,CUST-0380,0,0,0.0,4.52
2026-04-01,CUST-0380,0,0,0.0,4.55
2026-05-01,CUST-0380,1,0,2.5,4.56
2026-06-01,CUST-0380,2,0,3.95,4.53
2025-01-01,CUST-0381,0,0,0.0,4.85
2025-02-01,CUST-0381,1,0,11.12,4.62
2025-03-01,CUST-0381,2,0,10.55,4.68
2025-04-01,CUST-0381,0,0,0.0,4.51
2025-05-01,CUST-0381,1,0,7.46,4.22
2025-06-01,CUST-0381,4,0,10.71,4.1
2025-07-01,CUST-0381,3,0,4.92,4.17
2025-08-01,CUST-0381,1,0,12.23,4.19
2025-09-01,CUST-0381,3,0,9.35,4.27
2025-10-01,CUST-0381,1,1,11.91,3.67
2025-11-01,CUST-0381,0,0,0.0,4.56
2025-12-01,CUST-0381,2,0,5.49,4.25
2026-01-01,CUST-0381,2,0,13.68,4.77
2026-02-01,CUST-0381,1,1,13.43,4.51
2026-03-01,CUST-0381,1,0,8.34,4.27
2026-04-01,CUST-0381,3,0,6.12,4.22
2026-05-01,CUST-0381,1,0,5.52,3.91
2026-06-01,CUST-0381,1,0,7.96,4.66
2025-01-01,CUST-0382,3,0,3.76,3.96
2025-02-01,CUST-0382,2,1,13.36,3.96
2025-03-01,CUST-0382,1,1,14.31,4.06
2025-04-01,CUST-0382,1,0,11.02,4.07
2025-05-01,CUST-0382,0,0,0.0,4.29
2025-06-01,CUST-0382,3,0,5.22,4.49
2025-07-01,CUST-0382,2,0,7.73,4.78
2025-08-01,CUST-0382,2,1,12.76,3.59
2025-09-01,CUST-0382,2,0,9.42,4.84
2025-10-01,CUST-0382,0,0,0.0,4.42
2025-11-01,CUST-0382,2,0,8.47,3.78
2025-12-01,CUST-0382,0,0,0.0,4.63
2026-01-01,CUST-0382,2,0,7.36,4.27
2026-02-01,CUST-0382,2,0,10.59,4.24
2026-03-01,CUST-0382,0,0,0.0,4.83
2026-04-01,CUST-0382,3,0,8.49,4.37
2026-05-01,CUST-0382,0,0,0.0,4.81
2026-06-01,CUST-0382,1,0,6.68,4.13
2026-01-01,CUST-0383,0,0,0.0,4.59
2026-02-01,CUST-0383,1,0,1.83,4.09
2026-03-01,CUST-0383,0,0,0.0,4.84
2026-04-01,CUST-0383,0,0,0.0,4.65
2026-05-01,CUST-0383,0,0,0.0,4.34
2026-06-01,CUST-0383,3,0,9.84,4.03
2025-01-01,CUST-0384,1,0,0.5,3.86
2025-02-01,CUST-0384,2,0,7.39,4.08
2025-03-01,CUST-0384,2,0,8.15,4.34
2025-04-01,CUST-0384,1,0,6.35,4.64
2025-05-01,CUST-0384,1,0,5.54,4.54
2025-06-01,CUST-0384,2,0,8.33,4.37
2025-07-01,CUST-0384,3,0,5.25,4.63
2025-08-01,CUST-0384,2,0,9.31,4.35
2025-09-01,CUST-0384,1,0,10.29,4.63
2025-10-01,CUST-0384,1,0,3.89,4.03
2025-11-01,CUST-0384,0,0,0.0,4.39
2025-12-01,CUST-0384,2,0,6.82,3.95
2026-01-01,CUST-0384,0,0,0.0,4.61
2026-02-01,CUST-0384,3,0,7.22,3.65
2026-03-01,CUST-0384,2,0,12.41,3.86
2026-04-01,CUST-0384,0,0,0.0,4.76
2026-05-01,CUST-0384,1,0,4.3,4.73
2026-06-01,CUST-0384,0,0,0.0,4.4
2025-03-01,CUST-0385,1,0,6.35,4.08
2025-04-01,CUST-0385,1,0,9.08,4.94
2025-05-01,CUST-0385,1,0,10.43,4.26
2025-06-01,CUST-0385,0,0,0.0,4.51
2025-07-01,CUST-0385,3,1,9.7,3.75
2025-08-01,CUST-0385,1,0,6.34,4.75
2025-09-01,CUST-0385,1,0,6.99,3.91
2025-10-01,CUST-0385,0,0,0.0,4.6
2025-01-01,CUST-0386,1,0,7.24,4.18
2025-02-01,CUST-0386,1,0,9.19,4.13
2025-03-01,CUST-0386,1,0,10.14,4.27
2025-04-01,CUST-0386,1,1,7.36,3.77
2025-05-01,CUST-0386,2,0,7.83,4.28
2025-06-01,CUST-0386,1,0,5.61,4.03
2025-07-01,CUST-0386,0,0,0.0,4.53
2025-08-01,CUST-0386,0,0,0.0,4.7
2025-09-01,CUST-0386,0,0,0.0,4.56
2025-10-01,CUST-0386,1,0,6.2,4.24
2025-11-01,CUST-0386,0,0,0.0,4.74
2025-12-01,CUST-0386,0,0,0.0,4.5
2026-01-01,CUST-0386,1,0,6.92,3.84
2025-01-01,CUST-0387,0,0,0.0,4.53
2025-02-01,CUST-0387,0,0,0.0,4.26
2025-03-01,CUST-0387,0,0,0.0,4.65
2025-04-01,CUST-0387,3,0,6.09,4.15
2025-05-01,CUST-0387,1,0,9.5,4.17
2025-06-01,CUST-0387,2,0,6.95,4.46
2025-07-01,CUST-0387,0,0,0.0,4.54
2025-08-01,CUST-0387,3,0,8.96,3.77
2025-09-01,CUST-0387,2,0,8.68,4.09
2025-10-01,CUST-0387,0,0,0.0,4.57
2025-11-01,CUST-0387,1,0,9.75,4.22
2025-12-01,CUST-0387,3,0,10.71,4.35
2026-01-01,CUST-0387,2,0,8.09,4.48
2026-02-01,CUST-0387,1,0,6.51,4.58
2026-03-01,CUST-0387,5,0,5.6,4.24
2026-04-01,CUST-0387,2,0,11.07,4.53
2026-05-01,CUST-0387,7,0,1.78,3.81
2026-06-01,CUST-0387,2,0,3.27,4.43
2025-01-01,CUST-0388,3,0,7.42,4.31
2025-02-01,CUST-0388,0,0,0.0,4.65
2025-03-01,CUST-0388,1,0,8.04,4.27
2025-04-01,CUST-0388,1,0,2.9,4.72
2025-05-01,CUST-0388,0,0,0.0,4.26
2025-06-01,CUST-0388,1,0,2.76,4.7
2025-07-01,CUST-0388,1,0,9.1,4.99
2025-08-01,CUST-0388,0,0,0.0,4.38
2025-09-01,CUST-0388,1,0,3.0,4.5
2025-10-01,CUST-0388,0,0,0.0,4.72
2025-11-01,CUST-0388,2,0,5.38,4.59
2025-12-01,CUST-0388,3,0,10.88,4.3
2026-01-01,CUST-0388,1,0,9.79,4.85
2026-02-01,CUST-0388,0,0,0.0,4.23
2026-03-01,CUST-0388,0,0,0.0,4.33
2026-04-01,CUST-0388,1,0,7.35,4.24
2026-05-01,CUST-0388,0,0,0.0,4.6
2026-06-01,CUST-0388,2,0,6.77,4.31
2025-01-01,CUST-0389,2,0,12.53,4.17
2025-02-01,CUST-0389,1,0,6.03,4.86
2025-03-01,CUST-0389,2,0,9.82,4.68
2025-04-01,CUST-0389,0,0,0.0,4.74
2025-05-01,CUST-0389,0,0,0.0,4.49
2025-06-01,CUST-0389,2,1,21.19,4.42
2025-07-01,CUST-0389,1,0,10.42,4.54
2025-08-01,CUST-0389,0,0,0.0,4.89
2025-09-01,CUST-0389,0,0,0.0,4.5
2025-10-01,CUST-0389,1,0,10.35,4.16
2025-11-01,CUST-0389,2,0,6.35,4.23
2025-12-01,CUST-0389,1,0,3.8,4.19
2026-01-01,CUST-0389,1,0,11.91,4.5
2026-02-01,CUST-0389,2,0,2.93,4.63
2026-03-01,CUST-0389,4,0,5.95,3.64
2026-04-01,CUST-0389,2,1,11.2,4.67
2026-05-01,CUST-0389,3,0,7.82,4.03
2026-06-01,CUST-0389,3,0,10.34,5.0
2025-01-01,CUST-0390,2,0,6.96,4.12
2025-02-01,CUST-0390,0,0,0.0,4.5
2025-03-01,CUST-0390,4,1,18.25,4.2
2025-04-01,CUST-0390,2,0,5.47,4.33
2025-05-01,CUST-0390,3,0,4.85,3.75
2025-06-01,CUST-0390,2,0,9.44,4.49
2025-07-01,CUST-0390,0,0,0.0,4.88
2025-08-01,CUST-0390,3,0,7.26,3.9
2025-09-01,CUST-0390,1,0,5.42,4.53
2025-10-01,CUST-0390,2,0,13.21,3.73
2025-11-01,CUST-0390,2,0,9.29,4.1
2025-12-01,CUST-0390,2,1,8.99,4.13
2026-01-01,CUST-0390,3,1,12.45,3.99
2026-02-01,CUST-0390,4,0,4.22,3.52
2026-03-01,CUST-0390,2,0,0.5,4.91
2026-04-01,CUST-0390,2,1,9.97,3.74
2026-05-01,CUST-0390,3,0,4.92,3.68
2026-06-01,CUST-0390,1,0,11.46,4.49
2025-10-01,CUST-0391,1,0,12.8,4.65
2025-11-01,CUST-0391,1,0,7.31,3.85
2025-12-01,CUST-0391,2,0,7.64,4.1
2026-01-01,CUST-0391,1,0,6.4,3.77
2026-02-01,CUST-0391,3,0,8.82,4.26
2026-03-01,CUST-0391,1,0,8.88,4.59
2026-04-01,CUST-0391,0,0,0.0,4.24
2026-05-01,CUST-0391,0,0,0.0,4.45
2026-06-01,CUST-0391,2,0,6.0,4.37
2025-01-01,CUST-0392,3,0,11.98,4.19
2025-02-01,CUST-0392,2,0,7.51,4.61
2025-03-01,CUST-0392,1,0,11.73,4.72
2025-04-01,CUST-0392,1,1,18.41,3.81
2025-05-01,CUST-0392,1,0,5.25,4.22
2025-06-01,CUST-0392,4,0,5.68,4.65
2025-07-01,CUST-0392,2,0,11.47,4.18
2025-08-01,CUST-0392,3,0,2.01,4.86
2025-09-01,CUST-0392,2,0,8.52,3.68
2025-10-01,CUST-0392,2,0,9.75,3.82
2025-11-01,CUST-0392,1,1,10.43,3.88
2025-12-01,CUST-0392,3,0,4.27,3.82
2026-01-01,CUST-0392,5,0,11.37,4.38
2026-02-01,CUST-0392,3,0,12.75,4.34
2026-03-01,CUST-0392,2,0,9.51,4.54
2026-04-01,CUST-0392,1,0,8.92,4.47
2026-05-01,CUST-0392,4,0,5.97,3.95
2026-06-01,CUST-0392,0,0,0.0,4.81
2025-01-01,CUST-0393,1,0,7.17,4.02
2025-02-01,CUST-0393,0,0,0.0,4.52
2025-03-01,CUST-0393,0,0,0.0,4.69
2025-04-01,CUST-0393,0,0,0.0,4.48
2025-05-01,CUST-0393,1,0,10.0,4.79
2025-06-01,CUST-0393,1,0,5.85,4.14
2025-07-01,CUST-0393,0,0,0.0,4.44
2025-08-01,CUST-0393,3,1,14.54,4.19
2025-09-01,CUST-0393,0,0,0.0,4.57
2025-10-01,CUST-0393,0,0,0.0,4.44
2025-11-01,CUST-0393,2,0,10.72,3.96
2025-12-01,CUST-0393,2,0,6.35,4.41
2026-01-01,CUST-0393,1,0,4.06,4.62
2026-02-01,CUST-0393,2,0,6.65,3.56
2026-03-01,CUST-0393,1,0,10.36,4.97
2026-04-01,CUST-0393,2,0,3.58,3.97
2026-05-01,CUST-0393,1,1,14.45,3.55
2026-06-01,CUST-0393,4,2,21.27,4.1
2025-01-01,CUST-0394,1,0,6.16,4.76
2025-02-01,CUST-0394,0,0,0.0,4.75
2025-03-01,CUST-0394,2,0,10.24,4.46
2025-04-01,CUST-0394,2,0,5.79,4.14
2025-05-01,CUST-0394,2,0,7.23,3.89
2025-06-01,CUST-0394,0,0,0.0,4.34
2025-07-01,CUST-0394,0,0,0.0,4.81
2025-08-01,CUST-0394,3,0,5.66,4.13
2025-09-01,CUST-0394,1,0,9.67,4.76
2025-10-01,CUST-0394,2,0,9.1,4.14
2025-10-01,CUST-0395,1,0,10.13,4.46
2025-11-01,CUST-0395,1,1,13.01,3.79
2025-12-01,CUST-0395,2,0,9.15,4.22
2026-01-01,CUST-0395,1,0,5.01,4.11
2026-02-01,CUST-0395,1,0,9.21,4.68
2026-03-01,CUST-0395,3,1,13.42,4.3
2026-04-01,CUST-0395,0,0,0.0,4.66
2026-05-01,CUST-0395,1,0,11.63,4.41
2026-06-01,CUST-0395,0,0,0.0,4.48
2025-10-01,CUST-0396,1,0,7.63,4.4
2025-11-01,CUST-0396,1,0,9.52,4.52
2025-12-01,CUST-0396,2,1,7.14,4.08
2026-01-01,CUST-0396,1,0,8.76,4.17
2026-02-01,CUST-0396,2,0,10.8,4.35
2026-03-01,CUST-0396,4,0,8.12,4.23
2026-04-01,CUST-0396,2,0,4.44,4.67
2026-05-01,CUST-0396,0,0,0.0,4.56
2026-06-01,CUST-0396,3,0,6.34,3.82
2025-03-01,CUST-0397,0,0,0.0,4.31
2025-04-01,CUST-0397,1,0,11.34,4.44
2025-05-01,CUST-0397,2,0,6.96,4.24
2025-06-01,CUST-0397,0,0,0.0,4.63
2025-07-01,CUST-0397,1,0,8.97,4.45
2025-08-01,CUST-0397,0,0,0.0,4.06
2025-09-01,CUST-0397,1,0,7.57,4.71
2025-10-01,CUST-0397,0,0,0.0,4.47
2025-11-01,CUST-0397,1,0,10.97,4.38
2025-12-01,CUST-0397,0,0,0.0,4.37
2026-01-01,CUST-0397,2,0,9.63,3.88
2026-02-01,CUST-0397,1,1,11.28,4.05
2026-03-01,CUST-0397,2,0,8.88,4.07
2026-04-01,CUST-0397,4,0,8.97,3.9
2026-05-01,CUST-0397,2,0,5.37,4.37
2026-06-01,CUST-0397,1,0,11.98,4.08
2025-11-01,CUST-0398,1,0,3.3,4.8
2025-12-01,CUST-0398,3,0,7.74,4.75
2026-01-01,CUST-0398,3,0,3.38,4.33
2026-02-01,CUST-0398,4,0,6.66,4.09
2026-03-01,CUST-0398,0,0,0.0,4.8
2026-04-01,CUST-0398,2,0,5.35,4.35
2026-05-01,CUST-0398,3,0,8.79,3.94
2026-06-01,CUST-0398,0,0,0.0,4.51
2025-01-01,CUST-0399,0,0,0.0,4.77
2025-02-01,CUST-0399,2,0,6.3,4.82
2025-03-01,CUST-0399,1,0,3.66,3.99
2025-04-01,CUST-0399,0,0,0.0,4.44
2025-05-01,CUST-0399,0,0,0.0,4.45
2025-06-01,CUST-0399,1,0,10.91,4.27
2025-07-01,CUST-0399,0,0,0.0,4.75
2025-08-01,CUST-0399,0,0,0.0,4.5
2025-09-01,CUST-0399,2,0,6.42,5.0
2025-10-01,CUST-0399,1,0,11.44,4.11
2025-11-01,CUST-0399,2,0,11.35,4.15
2025-12-01,CUST-0399,1,0,3.54,4.66
2026-01-01,CUST-0399,0,0,0.0,4.57
2026-02-01,CUST-0399,1,1,10.28,3.91
2026-03-01,CUST-0399,2,1,16.77,4.05
2026-04-01,CUST-0399,2,0,7.28,3.91
2026-05-01,CUST-0399,4,0,4.97,4.05
2026-06-01,CUST-0399,1,0,2.96,4.8
2025-01-01,CUST-0400,0,0,0.0,4.43
2025-02-01,CUST-0400,1,0,2.08,4.28
2025-03-01,CUST-0400,0,0,0.0,4.43
2025-04-01,CUST-0400,1,0,9.09,4.25
2025-05-01,CUST-0400,0,0,0.0,4.41
2025-06-01,CUST-0400,1,0,8.46,4.26
2025-07-01,CUST-0400,0,0,0.0,4.51
2025-08-01,CUST-0400,0,0,0.0,4.48
2025-09-01,CUST-0400,1,0,10.68,4.18
2025-10-01,CUST-0400,0,0,0.0,4.5
2025-11-01,CUST-0400,1,0,15.07,4.21
2025-12-01,CUST-0400,0,0,0.0,4.61
2026-01-01,CUST-0400,0,0,0.0,4.55
2026-02-01,CUST-0400,2,0,7.16,4.55
2026-03-01,CUST-0400,2,0,7.16,4.23
2026-04-01,CUST-0400,2,0,11.58,4.48
2026-05-01,CUST-0400,1,1,12.5,4.16
2026-06-01,CUST-0400,0,0,0.0,4.42
2025-08-01,CUST-0401,1,0,5.83,4.35
2025-09-01,CUST-0401,1,0,5.9,4.34
2025-10-01,CUST-0401,1,0,8.33,4.17
2025-11-01,CUST-0401,0,0,0.0,4.42
2025-12-01,CUST-0401,0,0,0.0,4.6
2026-01-01,CUST-0401,1,0,5.01,4.1
2026-02-01,CUST-0401,2,1,8.47,3.35
2026-03-01,CUST-0401,0,0,0.0,4.43
2026-04-01,CUST-0401,2,0,9.84,4.47
2026-05-01,CUST-0401,1,0,8.19,4.3
2026-06-01,CUST-0401,1,0,3.71,4.01
2025-12-01,CUST-0402,0,0,0.0,4.77
2026-01-01,CUST-0402,0,0,0.0,4.55
2026-02-01,CUST-0402,2,0,5.87,4.75
2026-03-01,CUST-0402,2,1,3.93,4.22
2026-04-01,CUST-0402,2,1,11.58,3.58
2026-05-01,CUST-0402,0,0,0.0,4.72
2026-06-01,CUST-0402,0,0,0.0,4.48
2025-01-01,CUST-0403,2,1,14.82,4.24
2025-02-01,CUST-0403,2,0,8.88,4.06
2025-03-01,CUST-0403,1,0,3.54,3.97
2025-04-01,CUST-0403,1,0,2.9,4.98
2025-05-01,CUST-0403,0,0,0.0,4.41
2025-06-01,CUST-0403,0,0,0.0,4.37
2025-07-01,CUST-0403,0,0,0.0,4.72
2025-08-01,CUST-0403,1,0,6.9,4.68
2025-09-01,CUST-0403,2,0,4.3,4.05
2025-10-01,CUST-0403,0,0,0.0,4.64
2025-11-01,CUST-0403,0,0,0.0,4.28
2025-12-01,CUST-0403,0,0,0.0,4.63
2026-01-01,CUST-0403,1,0,8.21,4.58
2026-02-01,CUST-0403,2,0,13.35,4.79
2026-03-01,CUST-0403,2,0,9.26,3.9
2026-04-01,CUST-0403,1,0,11.78,4.31
2026-05-01,CUST-0403,0,0,0.0,4.46
2026-06-01,CUST-0403,1,1,11.47,4.16
2025-03-01,CUST-0404,0,0,0.0,4.56
2025-04-01,CUST-0404,0,0,0.0,4.67
2025-05-01,CUST-0404,2,0,7.54,4.2
2025-06-01,CUST-0404,0,0,0.0,4.73
2025-07-01,CUST-0404,1,0,10.84,4.59
2025-08-01,CUST-0404,0,0,0.0,4.48
2025-09-01,CUST-0404,0,0,0.0,4.52
2025-10-01,CUST-0404,0,0,0.0,4.51
2025-11-01,CUST-0404,3,0,4.59,4.09
2025-12-01,CUST-0404,0,0,0.0,4.35
2026-01-01,CUST-0404,1,0,11.26,4.76
2026-02-01,CUST-0404,0,0,0.0,4.24
2026-03-01,CUST-0404,1,0,9.19,4.77
2026-04-01,CUST-0404,0,0,0.0,4.57
2026-05-01,CUST-0404,1,0,9.61,4.5
2026-06-01,CUST-0404,3,1,9.49,4.0
2025-01-01,CUST-0405,2,0,9.35,4.63
2025-02-01,CUST-0405,0,0,0.0,4.44
2025-03-01,CUST-0405,1,0,6.57,4.46
2025-04-01,CUST-0405,3,0,7.9,4.05
2025-05-01,CUST-0405,1,0,10.42,4.34
2025-06-01,CUST-0405,2,0,10.38,4.3
2025-07-01,CUST-0405,0,0,0.0,4.42
2025-08-01,CUST-0405,0,0,0.0,4.44
2025-09-01,CUST-0405,2,0,3.97,4.49
2025-10-01,CUST-0405,0,0,0.0,4.39
2025-11-01,CUST-0405,2,0,3.8,4.45
2025-12-01,CUST-0405,0,0,0.0,4.3
2026-01-01,CUST-0405,3,0,13.71,4.08
2026-02-01,CUST-0405,3,0,10.14,4.0
2026-03-01,CUST-0405,2,0,4.9,3.57
2026-04-01,CUST-0405,2,1,6.58,4.26
2026-05-01,CUST-0405,2,0,10.63,4.4
2026-06-01,CUST-0405,1,1,13.34,4.24
2025-01-01,CUST-0406,1,0,3.08,3.68
2025-02-01,CUST-0406,1,0,6.94,4.1
2025-03-01,CUST-0406,0,0,0.0,4.67
2025-04-01,CUST-0406,2,0,9.51,4.98
2025-05-01,CUST-0406,2,0,5.21,4.54
2025-06-01,CUST-0406,3,0,8.88,3.84
2025-07-01,CUST-0406,1,0,5.98,4.53
2025-08-01,CUST-0406,0,0,0.0,4.76
2025-09-01,CUST-0406,0,0,0.0,4.33
2025-10-01,CUST-0406,1,0,7.84,4.06
2025-11-01,CUST-0406,5,0,3.68,4.78
2025-12-01,CUST-0406,0,0,0.0,4.34
2026-01-01,CUST-0406,1,0,1.76,5.0
2026-02-01,CUST-0406,2,1,10.29,3.75
2026-03-01,CUST-0406,1,0,7.31,4.12
2026-04-01,CUST-0406,1,0,5.69,4.11
2026-05-01,CUST-0406,1,0,10.21,4.26
2026-06-01,CUST-0406,1,0,5.58,3.97
2025-01-01,CUST-0407,3,1,9.69,3.94
2025-02-01,CUST-0407,1,0,10.25,4.42
2025-03-01,CUST-0407,2,0,9.4,3.91
2025-04-01,CUST-0407,1,0,6.03,4.88
2025-05-01,CUST-0407,1,0,6.08,4.28
2025-06-01,CUST-0407,0,0,0.0,4.57
2025-07-01,CUST-0407,2,0,3.47,4.66
2025-08-01,CUST-0407,0,0,0.0,4.26
2025-09-01,CUST-0407,1,0,8.43,4.3
2025-10-01,CUST-0407,2,0,2.46,4.3
2025-11-01,CUST-0407,2,0,4.49,3.87
2025-12-01,CUST-0407,3,1,9.24,4.41
2026-01-01,CUST-0407,1,0,7.74,4.69
2026-02-01,CUST-0407,5,1,16.95,3.02
2026-03-01,CUST-0407,1,0,8.49,4.46
2026-04-01,CUST-0407,1,0,7.31,4.08
2026-05-01,CUST-0407,1,0,9.92,4.74
2026-06-01,CUST-0407,1,0,0.5,4.79
2025-01-01,CUST-0408,1,0,5.35,3.84
2025-02-01,CUST-0408,2,0,5.64,4.33
2025-03-01,CUST-0408,2,0,9.78,4.01
2025-04-01,CUST-0408,1,0,8.23,4.29
2025-05-01,CUST-0408,2,0,9.34,4.19
2025-06-01,CUST-0408,6,0,6.54,3.55
2025-07-01,CUST-0408,1,0,10.58,4.3
2025-08-01,CUST-0408,2,1,13.46,4.32
2025-09-01,CUST-0408,3,0,3.35,3.74
2025-10-01,CUST-0408,1,0,5.98,4.39
2025-11-01,CUST-0408,0,0,0.0,4.33
2025-12-01,CUST-0408,1,0,10.69,4.08
2026-01-01,CUST-0408,1,0,7.7,4.19
2026-02-01,CUST-0408,1,0,8.93,4.19
2026-03-01,CUST-0408,2,1,15.26,3.97
2026-04-01,CUST-0408,1,0,10.19,5.0
2026-05-01,CUST-0408,4,0,8.62,4.87
2026-06-01,CUST-0408,1,0,2.1,4.35
2025-12-01,CUST-0409,1,0,3.26,3.71
2026-01-01,CUST-0409,1,0,3.34,4.04
2026-02-01,CUST-0409,1,1,12.45,3.79
2026-03-01,CUST-0409,2,0,5.66,4.51
2026-04-01,CUST-0409,1,0,3.82,4.49
2026-05-01,CUST-0409,0,0,0.0,4.75
2026-06-01,CUST-0409,3,0,9.58,4.18
2025-12-01,CUST-0410,0,0,0.0,4.69
2026-01-01,CUST-0410,2,1,12.52,4.21
2026-02-01,CUST-0410,2,0,4.88,4.35
2026-03-01,CUST-0410,3,0,5.29,3.61
2026-04-01,CUST-0410,2,0,5.22,3.97
2026-05-01,CUST-0410,1,0,11.69,4.31
2026-06-01,CUST-0410,0,0,0.0,4.75
2025-04-01,CUST-0411,1,1,10.31,4.52
2025-05-01,CUST-0411,2,0,9.97,4.24
2025-06-01,CUST-0411,0,0,0.0,4.44
2025-07-01,CUST-0411,3,0,7.81,4.25
2025-08-01,CUST-0411,1,0,6.66,3.92
2025-09-01,CUST-0411,1,0,6.94,4.08
2025-10-01,CUST-0411,0,0,0.0,4.52
2025-11-01,CUST-0411,0,0,0.0,4.33
2025-12-01,CUST-0411,4,0,5.68,3.62
2026-01-01,CUST-0411,3,2,15.37,3.13
2026-02-01,CUST-0411,4,0,8.58,4.63
2026-03-01,CUST-0411,3,1,13.68,4.07
2026-04-01,CUST-0411,1,0,7.11,3.94
2026-05-01,CUST-0411,1,0,2.28,4.67
2026-06-01,CUST-0411,2,1,13.15,3.58
2025-01-01,CUST-0412,1,0,1.65,4.24
2025-02-01,CUST-0412,2,0,8.0,4.43
2025-03-01,CUST-0412,0,0,0.0,4.36
2025-04-01,CUST-0412,2,0,11.41,4.41
2025-05-01,CUST-0412,2,0,1.71,3.94
2025-06-01,CUST-0412,1,0,9.5,4.48
2025-07-01,CUST-0412,0,0,0.0,4.63
2025-08-01,CUST-0412,2,0,5.62,3.55
2025-09-01,CUST-0412,0,0,0.0,4.53
2025-10-01,CUST-0412,0,0,0.0,4.87
2025-11-01,CUST-0412,0,0,0.0,4.92
2025-12-01,CUST-0412,0,0,0.0,4.87
2026-01-01,CUST-0412,1,0,6.47,4.4
2026-02-01,CUST-0412,0,0,0.0,4.54
2026-03-01,CUST-0412,1,0,5.54,4.3
2026-04-01,CUST-0412,1,0,7.83,4.54
2026-05-01,CUST-0412,1,0,10.47,4.3
2026-06-01,CUST-0412,2,0,4.33,4.2
2025-03-01,CUST-0413,1,0,13.21,4.19
2025-04-01,CUST-0413,1,0,9.71,4.33
2025-05-01,CUST-0413,2,0,5.35,4.16
2025-06-01,CUST-0413,0,0,0.0,4.65
2025-07-01,CUST-0413,1,1,11.21,3.71
2025-08-01,CUST-0413,1,0,7.13,4.67
2025-09-01,CUST-0413,0,0,0.0,4.47
2025-10-01,CUST-0413,0,0,0.0,4.54
2025-11-01,CUST-0413,2,0,9.78,3.82
2025-12-01,CUST-0413,1,0,2.88,4.53
2026-01-01,CUST-0413,0,0,0.0,4.3
2026-02-01,CUST-0413,2,0,6.58,4.29
2026-03-01,CUST-0413,0,0,0.0,4.59
2026-04-01,CUST-0413,1,0,9.16,3.79
2026-05-01,CUST-0413,1,0,4.04,4.6
2026-06-01,CUST-0413,1,0,9.7,3.98
2025-11-01,CUST-0414,2,0,11.83,3.8
2025-12-01,CUST-0414,2,0,5.57,4.4
2026-01-01,CUST-0414,3,0,7.6,4.13
2026-02-01,CUST-0414,9,1,10.12,4.18
2026-03-01,CUST-0414,1,0,6.52,4.36
2026-04-01,CUST-0414,0,0,0.0,4.49
2026-05-01,CUST-0414,1,0,8.09,4.8
2025-01-01,CUST-0415,0,0,0.0,4.17
2025-02-01,CUST-0415,2,0,7.05,4.31
2025-03-01,CUST-0415,2,0,8.08,4.1
2025-04-01,CUST-0415,0,0,0.0,4.47
2025-05-01,CUST-0415,4,1,10.98,3.74
2025-06-01,CUST-0415,4,0,8.68,3.96
2025-07-01,CUST-0415,0,0,0.0,4.28
2025-08-01,CUST-0415,1,0,2.52,4.34
2025-09-01,CUST-0415,2,0,7.62,4.49
2025-10-01,CUST-0415,1,0,8.82,4.57
2025-11-01,CUST-0415,0,0,0.0,4.64
2025-12-01,CUST-0415,2,0,7.69,4.26
2026-01-01,CUST-0415,1,0,4.02,4.47
2026-02-01,CUST-0415,3,0,1.79,3.7
2026-03-01,CUST-0415,1,0,8.71,3.71
2026-04-01,CUST-0415,2,0,7.22,4.3
2026-05-01,CUST-0415,2,0,7.62,4.33
2026-06-01,CUST-0415,0,0,0.0,4.41
2025-01-01,CUST-0416,1,0,9.8,4.36
2025-02-01,CUST-0416,0,0,0.0,4.62
2025-03-01,CUST-0416,1,0,8.85,4.0
2025-04-01,CUST-0416,1,0,9.55,4.29
2025-05-01,CUST-0416,1,0,7.87,4.52
2025-06-01,CUST-0416,2,0,3.51,4.56
2025-07-01,CUST-0416,1,0,11.3,3.75
2025-08-01,CUST-0416,2,0,4.42,3.97
2025-09-01,CUST-0416,1,0,11.02,4.19
2025-10-01,CUST-0416,0,0,0.0,4.46
2025-11-01,CUST-0416,1,0,1.31,4.52
2025-12-01,CUST-0416,0,0,0.0,4.17
2026-01-01,CUST-0416,0,0,0.0,4.41
2026-02-01,CUST-0416,1,0,7.6,4.94
2026-03-01,CUST-0416,1,0,10.02,4.78
2026-04-01,CUST-0416,2,0,5.28,3.93
2026-05-01,CUST-0416,0,0,0.0,4.72
2026-06-01,CUST-0416,0,0,0.0,4.31
2025-01-01,CUST-0417,0,0,0.0,4.56
2025-02-01,CUST-0417,1,0,7.2,4.13
2025-03-01,CUST-0417,2,0,12.96,4.55
2025-04-01,CUST-0417,3,0,5.39,3.83
2025-01-01,CUST-0418,1,0,10.38,4.42
2025-02-01,CUST-0418,2,0,8.32,3.73
2025-03-01,CUST-0418,3,0,5.86,4.07
2025-04-01,CUST-0418,4,0,7.19,4.54
2025-05-01,CUST-0418,0,0,0.0,4.57
2025-06-01,CUST-0418,2,0,8.3,3.85
2025-07-01,CUST-0418,1,0,8.76,4.05
2025-08-01,CUST-0418,2,0,6.84,3.97
2025-09-01,CUST-0418,2,0,6.12,4.13
2025-10-01,CUST-0418,2,0,3.71,4.27
2025-11-01,CUST-0418,2,0,5.02,4.28
2025-12-01,CUST-0418,2,0,9.5,4.21
2026-01-01,CUST-0418,1,1,13.93,4.01
2026-02-01,CUST-0418,3,2,14.23,3.12
2026-03-01,CUST-0418,2,1,16.69,4.39
2025-01-01,CUST-0419,1,0,8.09,4.19
2025-02-01,CUST-0419,1,0,4.79,4.6
2025-03-01,CUST-0419,1,0,7.11,4.73
2025-04-01,CUST-0419,2,0,4.7,4.23
2025-05-01,CUST-0419,0,0,0.0,4.65
2025-06-01,CUST-0419,1,0,1.39,4.47
2025-07-01,CUST-0419,1,0,8.21,4.67
2025-08-01,CUST-0419,1,0,4.8,4.23
2025-09-01,CUST-0419,1,0,2.7,4.1
2025-10-01,CUST-0419,0,0,0.0,4.87
2025-11-01,CUST-0419,1,0,8.57,4.9
2025-12-01,CUST-0419,1,0,9.96,4.85
2026-01-01,CUST-0419,0,0,0.0,4.44
2026-02-01,CUST-0419,1,1,12.62,3.69
2026-03-01,CUST-0419,2,0,10.9,3.69
2026-04-01,CUST-0419,1,0,10.98,5.0
2026-05-01,CUST-0419,2,0,10.83,4.98
2026-06-01,CUST-0419,1,0,13.85,4.48
2025-11-01,CUST-0420,3,0,12.02,4.53
2025-12-01,CUST-0420,1,0,7.75,5.0
2026-01-01,CUST-0420,2,0,10.9,4.75
2026-02-01,CUST-0420,0,0,0.0,4.6
2026-03-01,CUST-0420,1,0,10.91,4.61
2026-04-01,CUST-0420,0,0,0.0,4.72
2026-05-01,CUST-0420,1,0,4.99,3.65
2026-06-01,CUST-0420,1,0,8.58,4.68
2025-04-01,CUST-0421,2,0,6.91,4.13
2025-05-01,CUST-0421,1,0,8.61,4.72
2025-06-01,CUST-0421,1,0,2.13,3.99
2025-07-01,CUST-0421,1,0,5.66,4.18
2025-08-01,CUST-0421,0,0,0.0,4.37
2025-09-01,CUST-0421,3,0,6.35,3.94
2025-10-01,CUST-0421,2,0,13.66,4.47
2025-11-01,CUST-0421,2,0,5.28,4.2
2025-12-01,CUST-0421,2,0,9.73,3.61
2026-01-01,CUST-0421,3,0,4.21,3.76
2026-02-01,CUST-0421,2,0,2.99,4.3
2026-03-01,CUST-0421,0,0,0.0,4.75
2026-04-01,CUST-0421,0,0,0.0,4.37
2026-05-01,CUST-0421,3,0,5.66,3.93
2026-06-01,CUST-0421,1,0,7.15,4.24
2025-04-01,CUST-0422,1,1,9.78,4.29
2025-05-01,CUST-0422,1,0,6.25,4.25
2025-06-01,CUST-0422,1,0,10.19,4.14
2025-07-01,CUST-0422,0,0,0.0,4.65
2025-08-01,CUST-0422,2,0,11.96,4.64
2025-09-01,CUST-0422,3,1,11.07,4.27
2025-10-01,CUST-0422,0,0,0.0,4.67
2025-11-01,CUST-0422,0,0,0.0,4.92
2025-12-01,CUST-0422,2,0,6.84,4.35
2026-01-01,CUST-0422,3,1,12.08,4.02
2026-02-01,CUST-0422,4,0,6.8,4.46
2026-03-01,CUST-0422,0,0,0.0,4.68
2026-04-01,CUST-0422,2,0,2.62,4.81
2026-05-01,CUST-0422,2,1,13.35,3.79
2026-06-01,CUST-0422,1,1,12.14,3.74
2025-01-01,CUST-0423,0,0,0.0,4.78
2025-02-01,CUST-0423,0,0,0.0,4.65
2025-03-01,CUST-0423,1,0,5.62,4.58
2025-04-01,CUST-0423,2,0,11.67,3.9
2025-05-01,CUST-0423,1,0,8.26,5.0
2025-06-01,CUST-0423,1,0,12.26,3.9
2025-07-01,CUST-0423,3,0,2.41,4.54
2025-08-01,CUST-0423,3,1,19.18,4.5
2025-09-01,CUST-0423,0,0,0.0,4.22
2025-10-01,CUST-0423,0,0,0.0,4.33
2025-11-01,CUST-0423,3,0,8.06,4.47
2025-12-01,CUST-0423,1,0,3.02,4.81
2026-01-01,CUST-0423,1,1,16.49,4.22
2026-02-01,CUST-0423,1,0,7.95,4.07
2026-03-01,CUST-0423,0,0,0.0,4.39
2026-04-01,CUST-0423,2,0,4.58,4.44
2026-05-01,CUST-0423,2,0,0.5,4.56
2026-06-01,CUST-0423,1,0,6.14,3.11
2025-09-01,CUST-0424,2,0,7.19,3.75
2025-10-01,CUST-0424,0,0,0.0,4.52
2025-11-01,CUST-0424,2,1,12.85,3.56
2025-12-01,CUST-0424,0,0,0.0,4.9
2026-01-01,CUST-0424,3,0,7.29,4.3
2026-02-01,CUST-0424,4,0,9.32,4.27
2026-03-01,CUST-0424,1,0,5.48,3.96
2026-04-01,CUST-0424,1,0,9.02,5.0
2026-05-01,CUST-0424,0,0,0.0,4.75
2026-06-01,CUST-0424,1,0,4.89,4.5
2025-05-01,CUST-0425,1,0,9.18,4.96
2025-06-01,CUST-0425,3,0,8.42,4.1
2025-07-01,CUST-0425,1,0,12.52,4.57
2025-08-01,CUST-0425,0,0,0.0,4.58
2025-09-01,CUST-0425,2,0,10.89,4.23
2025-10-01,CUST-0425,0,0,0.0,4.39
2025-11-01,CUST-0425,1,1,12.06,4.87
2025-12-01,CUST-0425,2,0,8.73,4.45
2026-01-01,CUST-0425,1,0,9.73,4.17
2026-02-01,CUST-0425,0,0,0.0,4.62
2026-03-01,CUST-0425,0,0,0.0,4.84
2026-04-01,CUST-0425,1,0,4.02,4.62
2026-05-01,CUST-0425,0,0,0.0,4.89
2026-06-01,CUST-0425,2,0,10.49,4.39
2025-01-01,CUST-0426,1,0,7.41,4.17
2025-02-01,CUST-0426,0,0,0.0,4.48
2025-03-01,CUST-0426,2,0,7.66,3.45
2025-04-01,CUST-0426,0,0,0.0,4.52
2025-05-01,CUST-0426,0,0,0.0,4.41
2025-06-01,CUST-0426,1,0,9.37,4.71
2025-07-01,CUST-0426,2,0,7.35,4.57
2025-08-01,CUST-0426,2,0,9.58,4.73
2025-09-01,CUST-0426,3,0,8.52,4.21
2025-10-01,CUST-0426,0,0,0.0,4.68
2025-11-01,CUST-0426,0,0,0.0,4.53
2025-12-01,CUST-0426,1,0,8.1,4.74
2026-01-01,CUST-0426,2,0,6.01,4.28
2026-02-01,CUST-0426,4,0,4.62,4.06
2026-03-01,CUST-0426,0,0,0.0,4.29
2026-04-01,CUST-0426,1,0,10.6,4.04
2026-05-01,CUST-0426,0,0,0.0,4.35
2026-06-01,CUST-0426,1,0,7.68,4.13
2025-01-01,CUST-0427,0,0,0.0,4.61
2025-02-01,CUST-0427,2,0,5.23,4.02
2025-03-01,CUST-0427,0,0,0.0,4.88
2025-04-01,CUST-0427,1,0,6.27,4.36
2025-05-01,CUST-0427,1,0,11.8,3.99
2025-06-01,CUST-0427,1,0,8.57,4.68
2025-07-01,CUST-0427,2,0,8.73,4.26
2025-08-01,CUST-0427,0,0,0.0,4.51
2025-09-01,CUST-0427,0,0,0.0,4.67
2025-10-01,CUST-0427,2,0,7.35,4.05
2025-11-01,CUST-0427,0,0,0.0,4.31
2025-12-01,CUST-0427,0,0,0.0,4.51
2026-01-01,CUST-0427,0,0,0.0,4.66
2026-02-01,CUST-0427,6,0,5.99,4.57
2026-03-01,CUST-0427,0,0,0.0,4.59
2026-04-01,CUST-0427,5,3,20.91,3.43
2026-05-01,CUST-0427,1,0,6.68,4.35
2026-06-01,CUST-0427,1,0,5.19,4.75
2025-01-01,CUST-0428,0,0,0.0,4.64
2025-02-01,CUST-0428,0,0,0.0,4.74
2025-03-01,CUST-0428,0,0,0.0,4.94
2025-04-01,CUST-0428,3,0,9.91,4.02
2025-05-01,CUST-0428,3,1,13.78,3.63
2025-06-01,CUST-0428,1,1,11.49,4.21
2025-07-01,CUST-0428,1,0,6.88,4.52
2025-08-01,CUST-0428,1,0,7.49,4.3
2025-09-01,CUST-0428,0,0,0.0,4.65
2025-10-01,CUST-0428,2,0,11.81,4.51
2025-11-01,CUST-0428,0,0,0.0,4.36
2025-12-01,CUST-0428,1,0,5.33,4.47
2026-01-01,CUST-0428,0,0,0.0,4.43
2026-02-01,CUST-0428,0,0,0.0,4.89
2026-03-01,CUST-0428,3,0,12.6,4.71
2026-04-01,CUST-0428,1,0,11.35,4.36
2026-05-01,CUST-0428,3,0,6.04,4.27
2026-06-01,CUST-0428,0,0,0.0,4.42
2025-01-01,CUST-0429,1,0,10.03,4.45
2025-02-01,CUST-0429,3,0,8.62,3.96
2025-03-01,CUST-0429,1,0,9.29,3.89
2025-04-01,CUST-0429,0,0,0.0,4.65
2025-05-01,CUST-0429,2,0,4.05,4.11
2025-06-01,CUST-0429,0,0,0.0,4.67
2025-07-01,CUST-0429,0,0,0.0,4.67
2025-08-01,CUST-0429,0,0,0.0,4.72
2025-09-01,CUST-0429,0,0,0.0,4.76
2025-10-01,CUST-0429,1,0,9.76,4.27
2025-11-01,CUST-0429,0,0,0.0,4.64
2025-12-01,CUST-0429,0,0,0.0,4.4
2026-01-01,CUST-0429,0,0,0.0,4.8
2026-02-01,CUST-0429,2,0,1.93,4.24
2026-03-01,CUST-0429,0,0,0.0,4.37
2026-04-01,CUST-0429,2,0,6.0,4.13
2026-05-01,CUST-0429,2,0,4.19,4.74
2026-06-01,CUST-0429,0,0,0.0,4.6
2025-01-01,CUST-0430,0,0,0.0,4.46
2025-02-01,CUST-0430,1,0,10.21,4.36
2025-03-01,CUST-0430,1,0,6.55,3.77
2025-04-01,CUST-0430,2,0,7.02,3.56
2025-05-01,CUST-0430,2,0,9.09,3.95
2025-06-01,CUST-0430,7,0,3.59,4.59
2025-07-01,CUST-0430,1,0,5.43,4.48
2025-08-01,CUST-0430,2,0,7.76,3.96
2025-09-01,CUST-0430,1,0,3.88,3.88
2025-10-01,CUST-0430,2,0,11.84,4.45
2025-11-01,CUST-0430,1,0,7.68,4.94
2025-12-01,CUST-0430,1,0,8.76,3.79
2026-01-01,CUST-0430,1,0,7.92,4.46
2026-02-01,CUST-0430,1,0,2.87,4.32
2026-03-01,CUST-0430,2,1,14.9,4.18
2026-04-01,CUST-0430,0,0,0.0,4.4
2026-05-01,CUST-0430,1,0,7.75,4.04
2026-06-01,CUST-0430,0,0,0.0,4.69
2026-01-01,CUST-0431,0,0,0.0,4.79
2026-02-01,CUST-0431,1,0,9.7,4.31
2026-03-01,CUST-0431,2,0,9.88,4.46
2026-04-01,CUST-0431,2,0,7.65,4.16
2026-05-01,CUST-0431,3,1,14.84,4.02
2026-06-01,CUST-0431,1,0,8.95,4.34
2025-09-01,CUST-0432,1,0,8.79,4.37
2025-10-01,CUST-0432,4,1,13.14,3.44
2025-11-01,CUST-0432,0,0,0.0,4.47
2025-12-01,CUST-0432,2,0,9.22,4.61
2026-01-01,CUST-0432,0,0,0.0,4.61
2026-02-01,CUST-0432,0,0,0.0,4.34
2026-03-01,CUST-0432,2,0,5.54,4.71
2026-04-01,CUST-0432,3,1,14.08,4.1
2026-05-01,CUST-0432,1,0,8.9,4.51
2026-06-01,CUST-0432,2,0,4.57,4.12
2025-01-01,CUST-0433,2,0,11.09,4.64
2025-02-01,CUST-0433,1,0,5.36,4.48
2025-03-01,CUST-0433,0,0,0.0,4.53
2025-04-01,CUST-0433,1,0,8.02,4.26
2025-05-01,CUST-0433,1,0,8.25,4.54
2025-06-01,CUST-0433,1,0,8.5,3.98
2025-07-01,CUST-0433,1,0,6.21,4.53
2025-08-01,CUST-0433,0,0,0.0,4.35
2025-09-01,CUST-0433,2,0,10.73,3.81
2025-10-01,CUST-0433,5,0,4.96,4.01
2025-11-01,CUST-0433,1,0,6.75,4.76
2025-12-01,CUST-0433,2,1,11.36,4.4
2026-01-01,CUST-0433,0,0,0.0,4.46
2026-02-01,CUST-0433,2,1,10.37,4.24
2026-03-01,CUST-0433,0,0,0.0,4.47
2026-04-01,CUST-0433,0,0,0.0,4.67
2026-05-01,CUST-0433,1,0,9.9,4.24
2026-06-01,CUST-0433,1,0,11.2,4.39
2025-05-01,CUST-0434,3,0,10.13,4.32
2025-06-01,CUST-0434,1,0,7.91,4.1
2025-07-01,CUST-0434,2,0,7.03,4.42
2025-08-01,CUST-0434,2,0,9.61,4.27
2025-09-01,CUST-0434,0,0,0.0,4.39
2025-10-01,CUST-0434,3,0,8.25,3.87
2025-11-01,CUST-0434,1,1,11.89,3.68
2025-12-01,CUST-0434,0,0,0.0,4.54
2026-01-01,CUST-0434,2,0,10.63,4.49
2026-02-01,CUST-0434,1,0,6.5,5.0
2026-03-01,CUST-0434,0,0,0.0,4.92
2026-04-01,CUST-0434,1,0,4.22,3.89
2026-05-01,CUST-0434,3,0,8.35,4.31
2026-06-01,CUST-0434,2,1,15.52,4.35
2025-07-01,CUST-0435,0,0,0.0,4.31
2025-08-01,CUST-0435,0,0,0.0,4.47
2025-09-01,CUST-0435,0,0,0.0,4.53
2025-10-01,CUST-0435,2,0,5.94,4.54
2025-11-01,CUST-0435,1,0,6.6,4.74
2025-12-01,CUST-0435,1,0,9.07,3.94
2026-01-01,CUST-0435,0,0,0.0,4.48
2026-02-01,CUST-0435,3,0,8.16,3.62
2026-03-01,CUST-0435,1,1,12.36,4.09
2026-04-01,CUST-0435,0,0,0.0,4.45
2026-05-01,CUST-0435,0,0,0.0,4.89
2026-06-01,CUST-0435,2,0,8.43,4.5
2025-08-01,CUST-0436,1,0,7.7,4.03
2025-09-01,CUST-0436,0,0,0.0,4.12
2025-10-01,CUST-0436,2,1,15.45,3.86
2025-11-01,CUST-0436,0,0,0.0,4.53
2025-12-01,CUST-0436,2,0,10.69,3.93
2026-01-01,CUST-0436,2,1,16.44,3.89
2026-02-01,CUST-0436,2,0,9.29,3.88
2026-03-01,CUST-0436,1,0,9.25,4.27
2026-04-01,CUST-0436,1,0,7.7,4.07
2026-05-01,CUST-0436,0,0,0.0,4.54
2026-06-01,CUST-0436,0,0,0.0,4.32
2025-04-01,CUST-0437,2,0,9.7,5.0
2025-05-01,CUST-0437,1,0,4.53,4.12
2025-06-01,CUST-0437,1,0,0.89,4.11
2025-07-01,CUST-0437,1,0,10.25,4.45
2025-08-01,CUST-0437,1,0,3.35,5.0
2025-09-01,CUST-0437,1,0,2.65,4.3
2025-10-01,CUST-0437,2,0,6.5,4.4
2025-11-01,CUST-0437,0,0,0.0,4.81
2025-12-01,CUST-0437,0,0,0.0,4.4
2026-01-01,CUST-0437,2,0,11.13,4.47
2026-02-01,CUST-0437,3,0,5.32,4.78
2026-03-01,CUST-0437,1,0,8.62,4.87
2026-04-01,CUST-0437,1,0,9.01,3.88
2026-05-01,CUST-0437,0,0,0.0,4.46
2026-06-01,CUST-0437,1,0,10.0,4.6
2026-01-01,CUST-0438,1,0,11.44,4.3
2026-02-01,CUST-0438,1,0,6.96,5.0
2026-03-01,CUST-0438,0,0,0.0,4.57
2026-04-01,CUST-0438,1,1,13.27,4.48
2026-05-01,CUST-0438,0,0,0.0,4.6
2026-06-01,CUST-0438,0,0,0.0,4.64
2026-01-01,CUST-0439,1,0,9.62,4.97
2026-02-01,CUST-0439,0,0,0.0,4.62
2026-03-01,CUST-0439,0,0,0.0,4.73
2026-04-01,CUST-0439,0,0,0.0,4.58
2026-05-01,CUST-0439,4,0,8.46,4.1
2026-06-01,CUST-0439,3,0,11.8,4.83
2025-10-01,CUST-0440,0,0,0.0,4.9
2025-11-01,CUST-0440,0,0,0.0,4.62
2025-12-01,CUST-0440,2,0,2.19,4.7
2026-01-01,CUST-0440,2,0,9.45,4.18
2026-02-01,CUST-0440,0,0,0.0,4.59
2026-03-01,CUST-0440,3,1,11.3,3.92
2026-04-01,CUST-0440,0,0,0.0,4.41
2026-05-01,CUST-0440,2,0,8.11,4.22
2026-06-01,CUST-0440,0,0,0.0,4.7
2025-05-01,CUST-0441,0,0,0.0,4.62
2025-06-01,CUST-0441,1,0,6.94,4.56
2025-07-01,CUST-0441,1,0,4.91,4.68
2025-08-01,CUST-0441,2,2,19.32,4.23
2025-09-01,CUST-0441,1,0,6.58,4.86
2025-10-01,CUST-0441,0,0,0.0,4.34
2025-11-01,CUST-0441,2,1,16.17,4.29
2025-12-01,CUST-0441,0,0,0.0,4.92
2026-01-01,CUST-0441,2,0,11.25,4.27
2026-02-01,CUST-0441,1,0,12.06,4.48
2026-03-01,CUST-0441,1,0,4.25,4.59
2026-04-01,CUST-0441,1,0,1.3,4.04
2026-05-01,CUST-0441,0,0,0.0,4.51
2026-06-01,CUST-0441,0,0,0.0,4.44
2025-01-01,CUST-0442,1,1,8.66,4.76
2025-02-01,CUST-0442,2,0,8.8,4.35
2025-03-01,CUST-0442,3,0,4.91,4.8
2025-04-01,CUST-0442,2,1,9.45,4.11
2025-05-01,CUST-0442,3,0,2.86,3.82
2025-06-01,CUST-0442,1,1,11.51,3.95
2025-07-01,CUST-0442,3,0,7.56,4.39
2025-08-01,CUST-0442,0,0,0.0,4.8
2025-09-01,CUST-0442,2,1,9.68,3.97
2025-10-01,CUST-0442,1,0,6.5,3.76
2025-11-01,CUST-0442,0,0,0.0,4.87
2025-12-01,CUST-0442,2,0,11.54,4.44
2026-01-01,CUST-0442,2,0,8.95,4.18
2026-02-01,CUST-0442,1,0,6.66,4.43
2026-03-01,CUST-0442,4,0,9.56,4.88
2026-04-01,CUST-0442,1,0,4.1,4.8
2026-05-01,CUST-0442,1,0,10.34,3.95
2026-06-01,CUST-0442,2,1,11.27,3.9
2025-07-01,CUST-0443,0,0,0.0,4.4
2025-08-01,CUST-0443,1,1,8.31,4.12
2025-09-01,CUST-0443,0,0,0.0,4.37
2025-10-01,CUST-0443,0,0,0.0,4.17
2025-11-01,CUST-0443,1,0,6.33,4.65
2025-12-01,CUST-0443,0,0,0.0,4.59
2026-01-01,CUST-0443,0,0,0.0,4.35
2026-02-01,CUST-0443,2,1,10.38,3.47
2026-03-01,CUST-0443,2,0,8.42,4.05
2026-04-01,CUST-0443,1,0,6.12,4.35
2026-05-01,CUST-0443,1,0,5.72,3.98
2026-06-01,CUST-0443,0,0,0.0,4.63
2025-06-01,CUST-0444,1,1,14.28,3.97
2025-07-01,CUST-0444,1,0,7.08,4.38
2025-08-01,CUST-0444,3,0,13.57,4.48
2025-09-01,CUST-0444,2,0,5.48,4.38
2025-10-01,CUST-0444,2,0,6.56,4.33
2025-11-01,CUST-0444,2,0,6.5,4.52
2025-12-01,CUST-0444,1,0,7.15,4.43
2026-01-01,CUST-0444,2,1,13.76,3.95
2026-02-01,CUST-0444,0,0,0.0,4.48
2026-03-01,CUST-0444,2,0,8.04,4.05
2026-04-01,CUST-0444,0,0,0.0,4.71
2026-05-01,CUST-0444,1,0,13.5,4.51
2026-06-01,CUST-0444,1,0,6.67,4.23
2025-01-01,CUST-0445,1,0,1.97,4.29
2025-02-01,CUST-0445,2,0,11.64,4.2
2025-03-01,CUST-0445,1,0,5.4,4.2
2025-04-01,CUST-0445,2,0,8.08,4.29
2025-05-01,CUST-0445,0,0,0.0,4.81
2025-06-01,CUST-0445,4,0,5.14,4.08
2025-07-01,CUST-0445,0,0,0.0,4.62
2025-08-01,CUST-0445,0,0,0.0,4.38
2025-09-01,CUST-0445,2,0,7.52,4.38
2025-10-01,CUST-0445,2,0,12.44,4.41
2025-11-01,CUST-0445,3,0,7.3,3.97
2025-12-01,CUST-0445,2,0,8.65,4.39
2026-01-01,CUST-0445,3,0,5.73,4.74
2026-02-01,CUST-0445,0,0,0.0,4.49
2026-03-01,CUST-0445,2,0,6.72,4.22
2026-04-01,CUST-0445,3,0,7.83,4.27
2026-05-01,CUST-0445,4,0,8.04,4.14
2026-06-01,CUST-0445,2,0,5.59,4.48
2025-01-01,CUST-0446,2,0,9.6,3.74
2025-02-01,CUST-0446,2,0,5.19,4.45
2025-03-01,CUST-0446,1,1,10.87,3.74
2025-04-01,CUST-0446,0,0,0.0,4.72
2025-05-01,CUST-0446,0,0,0.0,4.77
2025-06-01,CUST-0446,1,0,1.79,4.57
2025-07-01,CUST-0446,0,0,0.0,4.44
2025-08-01,CUST-0446,2,0,6.74,3.95
2025-09-01,CUST-0446,0,0,0.0,4.78
2025-10-01,CUST-0446,0,0,0.0,4.63
2025-11-01,CUST-0446,1,0,4.01,4.54
2025-12-01,CUST-0446,1,0,10.28,4.8
2026-01-01,CUST-0446,0,0,0.0,4.77
2026-02-01,CUST-0446,2,0,7.2,4.07
2026-03-01,CUST-0446,3,0,5.33,4.44
2026-04-01,CUST-0446,0,0,0.0,4.47
2026-05-01,CUST-0446,0,0,0.0,4.56
2026-06-01,CUST-0446,0,0,0.0,4.65
2026-01-01,CUST-0447,2,0,3.59,4.18
2026-02-01,CUST-0447,1,0,11.07,3.79
2026-03-01,CUST-0447,1,0,10.83,4.32
2026-04-01,CUST-0447,0,0,0.0,4.51
2026-05-01,CUST-0447,0,0,0.0,4.37
2026-06-01,CUST-0447,0,0,0.0,4.77
2026-01-01,CUST-0448,1,0,7.17,4.44
2026-02-01,CUST-0448,3,0,6.5,4.29
2026-03-01,CUST-0448,0,0,0.0,4.68
2026-04-01,CUST-0448,1,0,5.64,4.0
2026-05-01,CUST-0448,2,0,3.92,3.69
2026-06-01,CUST-0448,0,0,0.0,4.26
2025-01-01,CUST-0449,2,0,8.63,3.97
2025-02-01,CUST-0449,2,0,10.73,4.4
2025-03-01,CUST-0449,1,0,9.2,4.67
2025-04-01,CUST-0449,2,0,11.12,4.2
2025-05-01,CUST-0449,0,0,0.0,4.2
2025-06-01,CUST-0449,1,0,8.06,4.94
2025-07-01,CUST-0449,0,0,0.0,4.58
2025-08-01,CUST-0449,2,0,8.08,4.27
2025-09-01,CUST-0449,0,0,0.0,4.36
2025-10-01,CUST-0449,1,0,6.74,4.04
2025-11-01,CUST-0449,2,0,7.53,4.85
2025-12-01,CUST-0449,1,0,10.25,5.0
2026-01-01,CUST-0449,1,1,13.46,4.02
2026-02-01,CUST-0449,7,0,3.77,3.81
2026-03-01,CUST-0449,0,0,0.0,4.47
2026-04-01,CUST-0449,2,1,16.49,3.85
2026-05-01,CUST-0449,2,0,5.83,3.68
2026-06-01,CUST-0449,5,1,12.62,3.4
2026-01-01,CUST-0450,2,0,5.54,4.24
2026-02-01,CUST-0450,3,0,11.01,4.17
2026-03-01,CUST-0450,1,0,8.43,4.29
2026-04-01,CUST-0450,0,0,0.0,4.63
2026-05-01,CUST-0450,3,0,7.04,3.99
2026-06-01,CUST-0450,2,0,10.06,4.22
2026-02-01,CUST-0451,0,0,0.0,4.34
2026-03-01,CUST-0451,0,0,0.0,4.47
2026-04-01,CUST-0451,2,0,9.49,4.59
2026-05-01,CUST-0451,1,0,11.99,4.73
2026-06-01,CUST-0451,2,0,11.03,4.51
2025-09-01,CUST-0452,0,0,0.0,4.51
2025-10-01,CUST-0452,1,0,6.33,4.93
2025-11-01,CUST-0452,1,0,7.82,4.66
2025-12-01,CUST-0452,0,0,0.0,4.63
2026-01-01,CUST-0452,3,1,12.88,4.05
2026-02-01,CUST-0452,6,2,15.21,3.14
2026-03-01,CUST-0452,3,0,8.5,4.36
2025-10-01,CUST-0453,0,0,0.0,4.05
2025-11-01,CUST-0453,1,1,10.77,3.67
2025-12-01,CUST-0453,1,0,7.45,4.35
2026-01-01,CUST-0453,1,0,3.6,4.5
2026-02-01,CUST-0453,2,0,6.88,4.43
2026-03-01,CUST-0453,1,0,7.78,3.87
2026-04-01,CUST-0453,0,0,0.0,4.6
2025-01-01,CUST-0454,1,0,10.05,4.45
2025-02-01,CUST-0454,1,0,2.98,4.06
2025-03-01,CUST-0454,2,1,11.46,4.26
2025-04-01,CUST-0454,2,0,7.04,4.6
2025-05-01,CUST-0454,2,0,0.59,4.32
2025-06-01,CUST-0454,0,0,0.0,4.43
2025-07-01,CUST-0454,1,0,7.98,4.87
2025-08-01,CUST-0454,3,0,3.81,4.55
2025-09-01,CUST-0454,1,1,10.98,4.4
2025-10-01,CUST-0454,0,0,0.0,4.64
2025-11-01,CUST-0454,1,0,7.2,4.03
2025-12-01,CUST-0454,0,0,0.0,4.51
2026-01-01,CUST-0454,1,0,7.04,3.64
2026-02-01,CUST-0454,3,0,7.75,4.84
2026-03-01,CUST-0454,3,0,13.51,3.72
2026-04-01,CUST-0454,2,0,8.79,3.99
2026-05-01,CUST-0454,0,0,0.0,4.33
2026-06-01,CUST-0454,3,0,5.76,4.24
2026-03-01,CUST-0455,1,0,6.21,4.42
2026-04-01,CUST-0455,0,0,0.0,4.81
2026-05-01,CUST-0455,1,0,7.96,5.0
2026-06-01,CUST-0455,1,0,7.27,4.18
2025-04-01,CUST-0456,2,0,7.63,4.79
2025-05-01,CUST-0456,1,0,7.58,4.09
2025-06-01,CUST-0456,2,1,12.78,3.67
2025-07-01,CUST-0456,1,0,8.12,4.23
2025-08-01,CUST-0456,2,0,2.73,4.14
2025-09-01,CUST-0456,3,0,10.05,3.48
2025-10-01,CUST-0456,2,0,11.95,4.04
2025-11-01,CUST-0456,4,0,9.64,3.81
2025-12-01,CUST-0456,2,0,10.28,5.0
2026-01-01,CUST-0456,1,0,7.64,4.74
2026-02-01,CUST-0456,1,0,8.02,3.53
2026-03-01,CUST-0456,2,0,7.37,4.26
2026-04-01,CUST-0456,0,0,0.0,4.61
2025-01-01,CUST-0457,1,0,6.05,3.6
2025-02-01,CUST-0457,0,0,0.0,4.43
2025-03-01,CUST-0457,1,0,6.99,4.54
2025-04-01,CUST-0457,2,0,4.6,4.18
2025-05-01,CUST-0457,0,0,0.0,4.47
2025-06-01,CUST-0457,0,0,0.0,4.6
2025-07-01,CUST-0457,3,0,9.36,3.87
2025-08-01,CUST-0457,0,0,0.0,4.34
2025-09-01,CUST-0457,0,0,0.0,4.67
2025-10-01,CUST-0457,1,0,7.45,3.9
2025-11-01,CUST-0457,0,0,0.0,4.43
2025-12-01,CUST-0457,1,0,9.02,4.36
2026-01-01,CUST-0457,1,0,10.68,5.0
2026-02-01,CUST-0457,1,0,7.56,4.75
2026-03-01,CUST-0457,1,0,8.84,4.28
2026-04-01,CUST-0457,3,1,15.6,4.36
2026-05-01,CUST-0457,2,0,7.96,4.7
2026-06-01,CUST-0457,2,0,9.25,4.78
2025-04-01,CUST-0458,1,0,9.16,4.15
2025-05-01,CUST-0458,0,0,0.0,4.38
2025-06-01,CUST-0458,1,0,3.68,4.67
2025-07-01,CUST-0458,2,0,6.35,4.09
2025-08-01,CUST-0458,3,1,8.01,3.26
2025-09-01,CUST-0458,0,0,0.0,4.34
2025-10-01,CUST-0458,0,0,0.0,4.45
2025-11-01,CUST-0458,3,0,9.25,4.47
2025-12-01,CUST-0458,1,0,6.45,4.29
2026-01-01,CUST-0458,3,1,10.18,3.93
2026-02-01,CUST-0458,5,1,11.16,3.92
2025-01-01,CUST-0459,1,0,8.71,4.87
2025-02-01,CUST-0459,2,1,13.26,4.16
2025-03-01,CUST-0459,0,0,0.0,4.58
2025-04-01,CUST-0459,0,0,0.0,4.43
2025-05-01,CUST-0459,2,0,7.53,4.2
2025-06-01,CUST-0459,2,0,4.77,4.27
2025-07-01,CUST-0459,0,0,0.0,4.67
2025-08-01,CUST-0459,2,0,8.96,4.21
2025-09-01,CUST-0459,1,0,5.58,5.0
2025-10-01,CUST-0459,1,0,10.0,4.45
2025-11-01,CUST-0459,0,0,0.0,4.5
2025-12-01,CUST-0459,1,0,8.57,3.78
2026-01-01,CUST-0459,1,0,4.02,4.18
2026-02-01,CUST-0459,1,0,8.42,4.12
2026-03-01,CUST-0459,3,0,3.72,4.49
2026-04-01,CUST-0459,1,0,6.03,4.91
2026-05-01,CUST-0459,1,0,7.47,3.79
2026-06-01,CUST-0459,2,0,8.46,4.32
2025-11-01,CUST-0460,0,0,0.0,4.47
2025-12-01,CUST-0460,1,0,4.02,4.19
2026-01-01,CUST-0460,1,0,7.15,4.35
2026-02-01,CUST-0460,3,0,5.19,4.88
2026-03-01,CUST-0460,1,0,14.23,4.29
2026-04-01,CUST-0460,1,0,4.53,4.9
2026-05-01,CUST-0460,0,0,0.0,4.42
2026-06-01,CUST-0460,0,0,0.0,4.72
2026-02-01,CUST-0461,3,0,6.57,4.07
2026-03-01,CUST-0461,1,0,10.07,4.06
2026-04-01,CUST-0461,1,0,4.67,4.05
2026-05-01,CUST-0461,0,0,0.0,4.39
2026-06-01,CUST-0461,1,0,9.74,3.89
2025-01-01,CUST-0462,1,0,6.96,4.81
2025-02-01,CUST-0462,1,0,5.83,3.86
2025-03-01,CUST-0462,0,0,0.0,4.44
2025-04-01,CUST-0462,0,0,0.0,4.62
2025-05-01,CUST-0462,1,1,12.76,4.25
2025-06-01,CUST-0462,0,0,0.0,4.92
2025-07-01,CUST-0462,0,0,0.0,4.31
2025-08-01,CUST-0462,1,0,8.2,4.94
2025-09-01,CUST-0462,3,0,5.72,3.74
2025-10-01,CUST-0462,1,0,6.9,4.4
2025-11-01,CUST-0462,1,1,9.31,4.12
2025-12-01,CUST-0462,1,0,3.93,4.4
2026-01-01,CUST-0462,1,0,10.69,4.02
2026-02-01,CUST-0462,2,0,8.33,4.08
2026-03-01,CUST-0462,2,0,7.28,4.39
2026-04-01,CUST-0462,1,0,7.84,4.88
2026-05-01,CUST-0462,2,0,10.18,3.78
2026-06-01,CUST-0462,0,0,0.0,4.55
2025-01-01,CUST-0463,2,1,11.92,3.82
2025-02-01,CUST-0463,0,0,0.0,4.8
2025-03-01,CUST-0463,1,0,5.63,3.65
2025-04-01,CUST-0463,1,1,14.52,4.07
2025-05-01,CUST-0463,2,0,6.44,4.04
2025-06-01,CUST-0463,2,0,13.59,4.18
2025-07-01,CUST-0463,0,0,0.0,4.64
2025-08-01,CUST-0463,2,0,9.92,4.91
2025-09-01,CUST-0463,2,0,7.8,4.4
2025-10-01,CUST-0463,1,0,10.09,4.93
2025-11-01,CUST-0463,0,0,0.0,4.48
2025-12-01,CUST-0463,0,0,0.0,4.56
2026-01-01,CUST-0463,2,0,10.18,4.35
2026-02-01,CUST-0463,2,1,10.34,3.85
2026-03-01,CUST-0463,2,0,5.23,4.12
2026-04-01,CUST-0463,3,1,9.84,4.14
2026-05-01,CUST-0463,2,0,7.8,4.15
2026-06-01,CUST-0463,0,0,0.0,4.6
2025-01-01,CUST-0464,0,0,0.0,4.54
2025-02-01,CUST-0464,3,0,6.35,4.08
2025-03-01,CUST-0464,2,0,5.51,4.57
2025-04-01,CUST-0464,1,0,8.54,4.32
2025-05-01,CUST-0464,1,0,11.88,4.37
2025-06-01,CUST-0464,1,0,6.67,4.6
2025-07-01,CUST-0464,1,0,3.32,4.66
2025-08-01,CUST-0464,2,0,5.52,4.15
2025-09-01,CUST-0464,1,0,6.93,4.46
2025-10-01,CUST-0464,1,0,7.13,5.0
2025-11-01,CUST-0464,2,0,5.25,4.36
2025-12-01,CUST-0464,1,0,4.33,4.21
2026-01-01,CUST-0464,1,0,10.79,4.43
2026-02-01,CUST-0464,1,0,7.47,4.53
2026-03-01,CUST-0464,1,0,9.77,4.5
2026-04-01,CUST-0464,1,0,3.98,4.32
2026-05-01,CUST-0464,1,0,6.16,4.41
2026-06-01,CUST-0464,1,0,6.31,4.63
2025-09-01,CUST-0465,1,0,10.72,4.08
2025-10-01,CUST-0465,2,1,13.08,3.71
2025-11-01,CUST-0465,0,0,0.0,4.62
2025-12-01,CUST-0465,2,0,7.15,4.98
2026-01-01,CUST-0465,0,0,0.0,4.71
2026-02-01,CUST-0465,2,0,6.9,4.25
2026-03-01,CUST-0465,2,0,6.7,4.72
2026-04-01,CUST-0465,0,0,0.0,4.28
2026-05-01,CUST-0465,2,0,9.71,4.21
2026-06-01,CUST-0465,0,0,0.0,4.44
2025-01-01,CUST-0466,1,0,12.15,4.96
2025-02-01,CUST-0466,1,0,5.44,4.7
2025-03-01,CUST-0466,1,0,6.9,4.1
2025-04-01,CUST-0466,1,0,7.4,3.92
2025-05-01,CUST-0466,0,0,0.0,4.93
2025-06-01,CUST-0466,0,0,0.0,4.63
2025-07-01,CUST-0466,0,0,0.0,4.72
2025-08-01,CUST-0466,0,0,0.0,4.92
2025-09-01,CUST-0466,0,0,0.0,4.28
2025-10-01,CUST-0466,2,0,10.41,4.62
2025-11-01,CUST-0466,2,0,8.53,4.37
2025-12-01,CUST-0466,1,0,8.32,4.15
2026-01-01,CUST-0466,2,0,7.81,3.93
2026-02-01,CUST-0466,7,1,14.82,3.42
2026-03-01,CUST-0466,0,0,0.0,4.87
2026-04-01,CUST-0466,3,1,12.72,3.65
2026-05-01,CUST-0466,1,0,9.7,3.74
2026-06-01,CUST-0466,1,0,9.58,4.63
2026-02-01,CUST-0467,2,2,20.93,3.7
2026-03-01,CUST-0467,1,0,5.68,4.31
2026-04-01,CUST-0467,1,0,8.44,3.92
2026-05-01,CUST-0467,1,0,3.79,4.11
2026-06-01,CUST-0467,3,0,8.09,4.48
2026-02-01,CUST-0468,3,0,9.31,4.0
2026-03-01,CUST-0468,1,0,9.55,4.94
2026-04-01,CUST-0468,1,0,8.2,4.36
2026-05-01,CUST-0468,2,0,7.74,4.7
2026-06-01,CUST-0468,0,0,0.0,4.75
2025-01-01,CUST-0469,1,0,9.9,5.0
2025-02-01,CUST-0469,2,0,10.31,4.22
2025-03-01,CUST-0469,0,0,0.0,4.6
2025-04-01,CUST-0469,0,0,0.0,4.4
2025-05-01,CUST-0469,2,0,6.78,3.76
2025-06-01,CUST-0469,2,0,5.35,4.31
2025-07-01,CUST-0469,1,1,8.64,3.79
2025-08-01,CUST-0469,3,0,4.09,4.63
2025-09-01,CUST-0469,4,1,16.0,4.32
2025-10-01,CUST-0469,0,0,0.0,4.61
2025-11-01,CUST-0469,3,0,7.72,4.01
2026-01-01,CUST-0470,1,0,0.52,4.22
2026-02-01,CUST-0470,1,0,8.8,4.67
2026-03-01,CUST-0470,3,0,5.78,4.02
2026-04-01,CUST-0470,1,0,10.19,4.25
2026-05-01,CUST-0470,0,0,0.0,4.49
2026-06-01,CUST-0470,1,0,5.06,3.95
2025-01-01,CUST-0471,2,0,3.37,4.41
2025-02-01,CUST-0471,2,1,10.55,3.27
2025-03-01,CUST-0471,2,0,11.5,4.46
2025-04-01,CUST-0471,0,0,0.0,4.67
2025-05-01,CUST-0471,1,1,13.07,4.53
2025-06-01,CUST-0471,2,0,2.64,4.42
2025-07-01,CUST-0471,4,1,14.5,4.15
2025-08-01,CUST-0471,1,0,8.17,4.26
2025-09-01,CUST-0471,3,1,13.76,3.83
2025-10-01,CUST-0471,2,1,14.25,3.41
2025-11-01,CUST-0471,3,1,13.31,3.5
2025-12-01,CUST-0471,0,0,0.0,4.79
2026-01-01,CUST-0471,0,0,0.0,4.52
2026-02-01,CUST-0471,5,1,12.15,3.65
2026-03-01,CUST-0471,0,0,0.0,4.48
2026-04-01,CUST-0471,0,0,0.0,4.52
2026-05-01,CUST-0471,2,0,9.07,3.57
2026-06-01,CUST-0471,1,0,5.53,4.25
2025-01-01,CUST-0472,0,0,0.0,4.18
2025-02-01,CUST-0472,0,0,0.0,4.66
2025-03-01,CUST-0472,0,0,0.0,4.51
2025-04-01,CUST-0472,3,0,3.67,4.94
2025-05-01,CUST-0472,0,0,0.0,4.45
2025-06-01,CUST-0472,1,0,5.35,4.56
2025-07-01,CUST-0472,0,0,0.0,4.32
2025-08-01,CUST-0472,6,0,7.74,3.68
2025-09-01,CUST-0472,2,0,13.22,4.4
2025-10-01,CUST-0472,2,1,13.6,4.1
2025-11-01,CUST-0472,1,0,9.32,5.0
2025-12-01,CUST-0472,0,0,0.0,4.53
2026-01-01,CUST-0472,0,0,0.0,4.76
2026-02-01,CUST-0472,3,0,8.25,3.92
2026-03-01,CUST-0472,3,0,7.73,4.79
2026-04-01,CUST-0472,1,0,6.15,4.63
2026-05-01,CUST-0472,0,0,0.0,4.3
2026-06-01,CUST-0472,4,0,4.82,4.69
2025-01-01,CUST-0473,2,0,7.72,4.58
2025-02-01,CUST-0473,0,0,0.0,4.96
2025-03-01,CUST-0473,0,0,0.0,4.64
2025-04-01,CUST-0473,2,0,9.23,4.46
2025-05-01,CUST-0473,0,0,0.0,4.37
2025-06-01,CUST-0473,1,0,3.57,3.81
2025-07-01,CUST-0473,1,0,8.52,3.88
2025-08-01,CUST-0473,2,0,9.19,3.98
2025-09-01,CUST-0473,2,0,8.86,3.55
2025-10-01,CUST-0473,1,0,8.48,4.33
2025-11-01,CUST-0473,3,0,7.4,4.54
2025-12-01,CUST-0473,0,0,0.0,4.94
2026-01-01,CUST-0473,2,0,11.09,4.51
2026-02-01,CUST-0473,2,0,9.07,4.11
2026-03-01,CUST-0473,0,0,0.0,4.68
2026-04-01,CUST-0473,1,0,8.88,4.63
2026-05-01,CUST-0473,1,0,6.62,4.1
2026-06-01,CUST-0473,1,0,9.68,4.65
2025-01-01,CUST-0474,2,0,6.82,4.07
2025-02-01,CUST-0474,0,0,0.0,4.35
2025-03-01,CUST-0474,3,0,9.37,4.03
2025-04-01,CUST-0474,1,0,8.02,4.4
2025-05-01,CUST-0474,1,0,8.32,4.22
2025-06-01,CUST-0474,0,0,0.0,4.51
2025-07-01,CUST-0474,0,0,0.0,4.55
2025-08-01,CUST-0474,0,0,0.0,4.76
2025-09-01,CUST-0474,0,0,0.0,4.68
2025-10-01,CUST-0474,2,0,6.51,4.58
2025-11-01,CUST-0474,1,0,7.19,4.22
2025-12-01,CUST-0474,2,0,9.61,4.16
2026-01-01,CUST-0474,3,1,6.31,4.18
2026-02-01,CUST-0474,2,0,8.13,4.11
2026-03-01,CUST-0474,2,0,5.18,4.51
2026-04-01,CUST-0474,1,0,8.52,4.23
2026-05-01,CUST-0474,2,0,11.55,4.15
2026-06-01,CUST-0474,2,0,6.61,4.09
2025-01-01,CUST-0475,1,0,6.07,4.53
2025-02-01,CUST-0475,0,0,0.0,4.54
2025-03-01,CUST-0475,2,0,8.33,4.51
2025-04-01,CUST-0475,1,0,5.78,4.14
2025-05-01,CUST-0475,0,0,0.0,4.08
2025-06-01,CUST-0475,2,0,10.47,4.62
2025-07-01,CUST-0475,2,0,6.11,4.56
2025-08-01,CUST-0475,1,1,14.22,4.43
2025-09-01,CUST-0475,4,1,8.97,4.13
2025-10-01,CUST-0475,3,0,6.65,3.87
2025-11-01,CUST-0475,1,0,8.59,4.14
2025-12-01,CUST-0475,0,0,0.0,4.42
2026-01-01,CUST-0475,2,1,13.71,4.25
2026-02-01,CUST-0475,2,0,8.97,4.7
2026-03-01,CUST-0475,1,0,8.59,4.76
2026-04-01,CUST-0475,1,0,8.06,4.23
2026-05-01,CUST-0475,0,0,0.0,4.72
2026-06-01,CUST-0475,0,0,0.0,4.49
2026-03-01,CUST-0476,1,0,7.29,4.53
2026-04-01,CUST-0476,0,0,0.0,4.68
2026-05-01,CUST-0476,2,0,7.2,4.39
2026-06-01,CUST-0476,0,0,0.0,4.64
2025-01-01,CUST-0477,0,0,0.0,4.52
2025-02-01,CUST-0477,1,0,17.03,4.35
2025-03-01,CUST-0477,3,1,13.24,3.76
2025-04-01,CUST-0477,4,0,2.47,3.68
2025-05-01,CUST-0477,2,0,12.51,4.04
2025-06-01,CUST-0477,0,0,0.0,4.59
2025-07-01,CUST-0477,2,0,7.0,4.02
2025-08-01,CUST-0477,1,0,7.51,3.82
2025-09-01,CUST-0477,1,0,7.92,4.24
2025-10-01,CUST-0477,6,0,2.96,4.04
2025-11-01,CUST-0477,0,0,0.0,4.77
2025-12-01,CUST-0477,3,0,8.37,4.32
2026-01-01,CUST-0477,1,0,5.53,4.55
2026-02-01,CUST-0477,3,0,9.95,3.99
2026-03-01,CUST-0477,3,0,13.22,4.03
2026-04-01,CUST-0477,0,0,0.0,4.63
2026-05-01,CUST-0477,1,0,4.41,4.64
2026-06-01,CUST-0477,2,0,4.05,4.05
2025-01-01,CUST-0478,0,0,0.0,4.66
2025-02-01,CUST-0478,3,0,13.36,4.36
2025-03-01,CUST-0478,3,0,4.27,4.12
2025-04-01,CUST-0478,0,0,0.0,4.54
2025-05-01,CUST-0478,0,0,0.0,4.41
2025-06-01,CUST-0478,1,0,6.85,4.8
2025-07-01,CUST-0478,1,0,12.31,4.25
2025-08-01,CUST-0478,0,0,0.0,4.8
2025-09-01,CUST-0478,1,0,6.35,3.94
2025-10-01,CUST-0478,2,0,9.56,4.28
2025-11-01,CUST-0478,0,0,0.0,4.42
2025-12-01,CUST-0478,0,0,0.0,4.74
2026-01-01,CUST-0478,2,1,14.32,4.07
2026-02-01,CUST-0478,1,0,7.72,4.58
2026-03-01,CUST-0478,1,0,11.24,3.75
2026-04-01,CUST-0478,2,0,9.33,4.53
2026-05-01,CUST-0478,2,0,4.14,4.42
2026-06-01,CUST-0478,0,0,0.0,4.54
2025-12-01,CUST-0479,0,0,0.0,4.51
2026-01-01,CUST-0479,0,0,0.0,4.16
2026-02-01,CUST-0479,0,0,0.0,4.34
2026-03-01,CUST-0479,2,0,3.46,4.41
2026-04-01,CUST-0479,1,0,7.79,4.31
2026-05-01,CUST-0479,4,0,2.94,4.04
2026-06-01,CUST-0479,0,0,0.0,4.43
2025-01-01,CUST-0480,0,0,0.0,4.39
2025-02-01,CUST-0480,2,0,8.43,3.83
2025-03-01,CUST-0480,1,0,9.87,4.6
2025-04-01,CUST-0480,1,0,10.26,4.55
2025-05-01,CUST-0480,1,0,4.51,4.79
2025-06-01,CUST-0480,1,0,7.9,5.0
2025-07-01,CUST-0480,0,0,0.0,4.37
2025-08-01,CUST-0480,0,0,0.0,4.35
2025-09-01,CUST-0480,2,1,11.67,4.14
2025-10-01,CUST-0480,5,0,7.23,4.42
2025-11-01,CUST-0480,1,0,11.72,4.13
2025-12-01,CUST-0480,0,0,0.0,4.44
2026-01-01,CUST-0480,3,0,5.57,4.0
2026-02-01,CUST-0480,3,0,7.84,4.09
2026-03-01,CUST-0480,1,0,9.01,4.03
2026-04-01,CUST-0480,1,0,7.22,4.34
2026-05-01,CUST-0480,1,0,8.24,4.9
2026-06-01,CUST-0480,1,0,7.61,4.2
